Id,RiskTier,InterestRate
0,2,6.2
1,0,6.05
2,2,6.15
3,3,6.49
4,4,26.24
5,3,6.25
6,2,6.08
7,2,6.09
8,2,6.23
9,2,6.25
10,2,6.23
11,0,6.13
12,1,6.11
13,0,6.03
14,4,7.05
15,3,6.6
16,2,6.12
17,2,6.18
18,0,6.0
19,4,7.17
20,4,35.32
21,1,6.04
22,0,6.08
23,3,6.21
24,3,6.11
25,0,6.02
26,1,6.09
27,3,6.76
28,2,6.16
29,3,6.45
30,3,6.39
31,3,8.45
32,1,6.06
33,4,7.03
34,1,6.13
35,0,6.06
36,1,6.06
37,0,6.05
38,3,6.49
39,2,6.23
40,1,6.04
41,2,6.15
42,0,6.08
43,2,6.1
44,3,6.23
45,2,6.08
46,0,6.12
47,0,6.05
48,2,6.17
49,3,6.58
50,0,6.08
51,0,6.08
52,3,6.49
53,2,6.16
54,0,6.05
55,2,6.15
56,4,7.03
57,3,6.27
58,1,6.07
59,2,6.12
60,3,6.5
61,4,11.66
62,2,6.2
63,4,6.99
64,4,9.6
65,4,8.94
66,3,6.46
67,0,6.01
68,1,6.06
69,3,6.15
70,0,6.07
71,4,6.78
72,3,6.42
73,0,6.01
74,4,13.09
75,1,6.02
76,0,5.98
77,3,6.7
78,3,6.59
79,1,6.11
80,3,6.49
81,2,6.14
82,0,6.05
83,3,6.21
84,0,6.07
85,2,6.26
86,4,6.41
87,4,7.4
88,1,6.1
89,4,12.93
90,2,6.1
91,0,6.14
92,2,6.21
93,4,15.58
94,1,6.05
95,0,6.05
96,1,6.21
97,2,6.16
98,1,6.06
99,2,6.14
100,1,6.11
101,4,9.57
102,1,6.04
103,3,6.64
104,3,6.13
105,3,6.67
106,1,6.04
107,2,6.17
108,1,6.07
109,0,6.0
110,1,6.06
111,0,6.02
112,1,6.14
113,4,27.73
114,0,6.03
115,4,6.7
116,0,6.09
117,3,6.49
118,3,6.44
119,0,6.1
120,2,6.11
121,2,6.12
122,1,6.1
123,3,6.38
124,4,10.38
125,1,6.07
126,0,6.03
127,3,6.65
128,1,6.09
129,3,6.12
130,1,6.11
131,2,6.16
132,2,6.09
133,1,6.08
134,0,6.06
135,4,8.23
136,4,7.41
137,2,6.22
138,2,6.11
139,3,6.42
140,0,6.01
141,4,7.34
142,3,6.24
143,4,10.72
144,4,8.1
145,3,6.26
146,1,6.18
147,1,6.04
148,1,6.14
149,3,6.91
150,1,6.03
151,2,6.09
152,4,7.34
153,3,6.15
154,0,6.12
155,0,6.07
156,0,6.05
157,4,14.41
158,4,10.16
159,0,6.03
160,0,6.15
161,3,6.36
162,3,6.2
163,3,6.28
164,0,6.01
165,4,13.3
166,0,6.02
167,3,6.63
168,3,6.54
169,1,6.1
170,2,6.13
171,3,8.4
172,4,7.16
173,2,6.08
174,3,6.19
175,4,7.04
176,2,6.15
177,2,6.13
178,0,6.07
179,3,6.24
180,0,6.07
181,2,6.03
182,4,9.02
183,0,6.06
184,4,8.06
185,3,6.46
186,3,6.63
187,4,35.11
188,4,25.08
189,0,6.01
190,0,6.05
191,3,7.82
192,4,12.44
193,4,7.07
194,2,6.12
195,2,6.12
196,3,6.24
197,2,6.18
198,3,6.35
199,0,6.09
200,1,6.08
201,3,6.45
202,1,6.1
203,4,24.89
204,4,19.24
205,0,6.09
206,3,6.24
207,2,6.12
208,4,6.83
209,0,6.01
210,4,7.07
211,0,6.11
212,3,6.34
213,4,8.7
214,0,6.0
215,3,6.36
216,0,6.06
217,3,6.36
218,1,6.08
219,0,5.99
220,4,6.99
221,2,6.14
222,0,6.03
223,4,8.5
224,2,6.13
225,1,6.12
226,2,6.16
227,1,6.09
228,3,6.36
229,1,6.05
230,4,7.03
231,1,6.2
232,4,32.39
233,3,6.5
234,1,6.11
235,3,6.36
236,0,6.04
237,2,6.18
238,0,6.05
239,1,6.05
240,2,6.33
241,4,10.75
242,1,6.06
243,4,9.68
244,2,6.08
245,0,6.05
246,2,6.19
247,1,6.09
248,0,6.0
249,1,6.09
250,4,6.89
251,2,6.13
252,0,6.03
253,1,6.04
254,0,6.08
255,3,6.92
256,0,6.01
257,0,6.09
258,3,6.22
259,4,31.83
260,1,6.07
261,3,6.22
262,4,11.01
263,1,6.07
264,0,6.11
265,1,6.03
266,4,12.46
267,3,6.31
268,3,6.23
269,1,6.17
270,0,6.02
271,1,6.05
272,3,6.27
273,2,6.29
274,3,6.67
275,3,6.4
276,2,6.12
277,1,6.15
278,2,6.14
279,1,6.06
280,2,6.1
281,2,6.13
282,3,6.66
283,0,6.0
284,3,6.54
285,2,6.21
286,0,6.0
287,2,6.11
288,1,6.06
289,4,7.94
290,0,6.03
291,4,14.33
292,4,6.98
293,4,7.12
294,1,6.12
295,3,6.31
296,2,6.18
297,4,23.86
298,3,6.48
299,3,6.3
300,3,6.86
301,4,6.97
302,3,6.3
303,1,6.15
304,0,6.01
305,2,6.1
306,0,6.0
307,1,6.1
308,0,6.07
309,1,6.09
310,1,6.08
311,4,7.77
312,4,7.41
313,3,6.18
314,0,6.02
315,2,6.14
316,4,8.12
317,3,6.53
318,3,6.48
319,2,6.15
320,2,6.14
321,3,6.76
322,4,7.76
323,1,6.09
324,3,6.47
325,0,6.05
326,0,6.01
327,2,6.21
328,0,6.08
329,3,6.49
330,3,6.46
331,3,8.3
332,4,19.4
333,4,9.74
334,2,6.18
335,0,6.07
336,2,6.16
337,4,7.35
338,2,6.14
339,4,7.31
340,0,6.0
341,4,7.81
342,3,6.38
343,3,6.27
344,2,6.22
345,4,8.42
346,4,31.23
347,0,6.0
348,0,6.05
349,3,6.45
350,3,6.35
351,4,9.95
352,4,7.17
353,0,6.07
354,2,6.2
355,2,6.21
356,3,6.22
357,2,6.1
358,1,6.09
359,4,9.0
360,2,6.18
361,2,6.12
362,4,16.25
363,1,6.03
364,3,6.23
365,4,11.41
366,2,6.07
367,1,6.11
368,4,26.62
369,4,6.65
370,4,23.0
371,1,6.07
372,2,6.24
373,4,8.31
374,3,6.73
375,1,6.07
376,3,6.38
377,2,6.14
378,1,6.13
379,2,6.31
380,4,7.07
381,1,6.13
382,1,6.04
383,1,6.06
384,3,6.25
385,0,6.15
386,3,6.19
387,4,13.11
388,2,6.08
389,3,6.64
390,0,6.01
391,0,6.0
392,2,6.13
393,1,6.06
394,2,6.18
395,2,6.28
396,3,6.22
397,3,6.26
398,4,30.13
399,1,6.13
400,3,6.45
401,3,6.86
402,2,6.09
403,1,6.1
404,4,10.7
405,1,6.11
406,1,6.11
407,4,11.92
408,1,6.04
409,4,29.52
410,0,6.06
411,3,6.6
412,1,6.07
413,0,6.07
414,1,6.09
415,0,5.99
416,4,16.4
417,3,6.44
418,3,6.52
419,2,6.11
420,4,7.44
421,0,6.16
422,1,6.07
423,3,6.39
424,0,6.0
425,0,6.06
426,0,6.06
427,1,6.11
428,4,7.6
429,4,8.33
430,3,6.25
431,0,6.09
432,2,6.18
433,4,9.53
434,0,6.01
435,0,6.08
436,1,6.1
437,4,8.26
438,3,6.74
439,3,6.33
440,0,5.96
441,2,6.19
442,1,6.04
443,0,6.02
444,0,6.03
445,4,9.27
446,0,6.02
447,3,6.33
448,3,6.19
449,1,6.06
450,0,6.05
451,4,6.54
452,2,6.2
453,2,6.11
454,0,6.05
455,1,6.12
456,3,6.63
457,1,6.11
458,3,6.33
459,1,6.03
460,0,6.11
461,4,7.19
462,3,6.25
463,1,6.02
464,0,6.1
465,1,6.17
466,0,6.16
467,3,6.43
468,1,6.05
469,1,6.12
470,3,6.25
471,0,6.05
472,0,6.03
473,0,6.04
474,3,6.33
475,4,9.83
476,3,7.08
477,1,6.08
478,3,6.24
479,4,8.2
480,1,6.08
481,4,13.49
482,3,6.24
483,0,6.09
484,0,6.11
485,4,8.27
486,2,6.09
487,3,6.27
488,1,6.04
489,0,6.12
490,0,6.05
491,3,6.47
492,3,6.19
493,1,6.02
494,1,6.11
495,4,9.89
496,2,6.19
497,2,6.09
498,4,7.88
499,4,10.7
500,0,6.06
501,2,6.11
502,2,6.06
503,1,6.08
504,2,6.18
505,1,6.07
506,2,6.2
507,0,6.07
508,1,6.25
509,0,5.98
510,0,6.09
511,2,6.05
512,1,6.16
513,3,6.6
514,0,6.09
515,4,9.73
516,0,6.01
517,2,6.15
518,0,6.1
519,4,9.8
520,3,6.26
521,3,6.19
522,2,6.18
523,0,6.03
524,4,25.36
525,0,6.08
526,1,6.09
527,2,6.11
528,2,6.07
529,1,6.05
530,0,5.97
531,1,6.06
532,0,6.03
533,0,6.1
534,3,6.54
535,4,12.81
536,4,6.56
537,3,6.25
538,1,6.05
539,1,6.2
540,4,7.41
541,4,17.22
542,3,6.49
543,2,6.15
544,1,6.03
545,4,12.33
546,2,6.09
547,4,35.43
548,0,5.98
549,2,6.08
550,0,6.33
551,2,6.24
552,2,6.19
553,4,6.79
554,3,6.49
555,0,5.99
556,3,6.89
557,2,6.12
558,3,6.91
559,3,6.69
560,2,6.12
561,4,12.58
562,0,6.0
563,0,6.04
564,3,6.27
565,2,6.22
566,4,12.08
567,0,6.01
568,4,27.34
569,2,6.15
570,4,7.04
571,1,6.22
572,3,7.85
573,2,6.29
574,3,6.26
575,0,5.99
576,2,6.11
577,4,8.11
578,4,7.26
579,1,6.1
580,1,6.07
581,1,6.13
582,0,6.09
583,0,6.03
584,4,9.52
585,2,6.12
586,0,6.03
587,0,6.09
588,0,6.11
589,0,6.12
590,1,6.05
591,2,6.11
592,0,6.03
593,3,6.2
594,2,6.29
595,1,6.07
596,2,6.1
597,2,6.1
598,4,16.59
599,0,6.01
600,0,6.08
601,4,11.14
602,1,6.07
603,4,10.06
604,1,6.21
605,3,6.16
606,3,6.26
607,4,21.85
608,0,6.12
609,0,6.02
610,3,6.87
611,3,6.72
612,3,6.31
613,0,6.05
614,2,6.09
615,3,6.36
616,2,6.17
617,3,6.13
618,4,7.03
619,0,6.14
620,4,7.12
621,0,6.07
622,0,6.0
623,2,6.13
624,3,6.48
625,1,6.07
626,4,12.1
627,3,6.19
628,0,6.15
629,3,6.24
630,2,6.09
631,1,6.08
632,1,6.11
633,4,8.23
634,4,8.77
635,2,6.06
636,2,6.06
637,4,7.18
638,0,6.09
639,2,6.13
640,2,6.14
641,0,6.05
642,0,5.99
643,1,6.05
644,1,6.13
645,4,7.01
646,1,6.16
647,2,6.14
648,3,6.26
649,3,6.18
650,0,5.98
651,1,6.04
652,3,6.65
653,1,6.03
654,0,6.06
655,0,6.08
656,2,6.18
657,0,6.06
658,4,6.81
659,4,8.86
660,3,6.34
661,0,6.14
662,1,6.04
663,1,6.07
664,0,6.04
665,1,6.15
666,4,7.94
667,4,6.84
668,3,6.3
669,3,6.23
670,2,6.12
671,1,6.13
672,4,6.86
673,3,6.8
674,0,6.03
675,3,6.67
676,1,6.13
677,1,6.07
678,3,6.33
679,4,10.28
680,0,6.04
681,2,6.2
682,3,6.15
683,3,6.59
684,1,6.08
685,1,6.02
686,3,6.33
687,3,7.05
688,3,6.73
689,1,6.09
690,3,6.75
691,4,33.08
692,3,6.4
693,0,6.01
694,4,6.84
695,1,6.16
696,4,7.17
697,3,6.22
698,1,6.09
699,0,6.06
700,0,6.09
701,3,6.59
702,1,6.15
703,1,6.07
704,2,6.27
705,3,6.19
706,2,6.1
707,2,6.04
708,1,6.06
709,1,6.14
710,1,6.14
711,2,6.31
712,3,6.3
713,0,6.15
714,1,6.13
715,4,7.24
716,1,6.08
717,3,6.89
718,0,6.12
719,0,6.06
720,0,6.01
721,0,6.06
722,2,6.09
723,0,6.07
724,1,6.04
725,0,6.11
726,0,6.11
727,4,12.89
728,3,6.32
729,3,6.47
730,1,6.08
731,1,6.09
732,0,6.02
733,2,6.25
734,1,6.18
735,1,6.06
736,4,35.99
737,1,6.14
738,2,6.17
739,4,7.41
740,0,6.08
741,0,6.06
742,2,6.15
743,0,6.09
744,2,6.15
745,0,6.05
746,0,6.06
747,3,6.57
748,3,6.7
749,1,6.08
750,3,6.2
751,1,6.11
752,0,6.05
753,1,6.2
754,4,8.51
755,3,6.65
756,3,8.34
757,0,5.99
758,1,6.1
759,0,6.06
760,4,7.66
761,2,6.07
762,1,6.15
763,0,6.13
764,0,6.04
765,4,7.15
766,1,6.06
767,4,8.13
768,3,6.32
769,0,6.04
770,1,6.1
771,0,6.0
772,1,6.09
773,4,9.34
774,0,6.1
775,3,6.31
776,0,6.02
777,1,6.17
778,1,6.07
779,1,6.06
780,0,6.15
781,0,6.07
782,4,8.66
783,0,6.06
784,3,6.57
785,2,6.19
786,0,6.17
787,3,6.42
788,4,25.49
789,2,6.14
790,3,6.19
791,3,6.42
792,3,6.49
793,0,5.99
794,4,6.98
795,4,35.64
796,0,6.0
797,1,6.08
798,0,6.06
799,0,6.04
800,0,6.03
801,1,6.11
802,0,5.99
803,1,6.05
804,3,6.22
805,4,7.0
806,1,6.13
807,3,6.46
808,3,6.18
809,1,6.05
810,0,6.01
811,4,6.96
812,1,6.09
813,1,6.09
814,4,7.4
815,3,6.44
816,0,6.06
817,0,6.05
818,2,6.07
819,3,6.78
820,3,6.66
821,2,6.2
822,1,6.14
823,3,6.25
824,4,7.57
825,3,6.6
826,4,13.28
827,1,6.12
828,1,6.09
829,0,6.01
830,4,9.0
831,4,8.74
832,4,7.24
833,4,7.94
834,0,6.04
835,4,7.25
836,4,7.48
837,2,6.09
838,4,7.43
839,1,6.05
840,4,10.78
841,2,6.08
842,0,6.01
843,2,6.16
844,2,6.18
845,3,6.29
846,1,6.07
847,0,6.14
848,1,6.12
849,1,6.05
850,3,6.32
851,3,6.21
852,3,6.6
853,3,6.46
854,1,6.06
855,4,14.79
856,2,6.09
857,3,6.4
858,4,8.39
859,1,6.04
860,3,6.28
861,1,6.05
862,1,6.05
863,1,6.04
864,2,6.22
865,0,6.05
866,0,6.03
867,0,6.0
868,2,6.26
869,2,6.12
870,2,6.22
871,4,30.59
872,2,6.12
873,2,6.11
874,0,6.09
875,1,6.09
876,3,6.28
877,4,9.21
878,3,6.19
879,3,6.22
880,4,12.95
881,1,6.1
882,2,6.04
883,1,6.09
884,2,6.14
885,3,6.35
886,4,13.92
887,1,6.05
888,0,6.03
889,4,8.88
890,1,6.04
891,1,6.05
892,4,9.52
893,2,6.19
894,0,6.17
895,1,6.04
896,4,12.84
897,1,6.15
898,1,6.09
899,4,6.81
900,0,6.08
901,2,6.16
902,4,6.88
903,2,6.17
904,1,6.19
905,3,6.59
906,1,6.12
907,1,6.11
908,1,6.04
909,4,7.83
910,3,6.29
911,1,6.1
912,2,6.16
913,0,6.1
914,4,11.34
915,4,35.65
916,4,13.18
917,2,6.11
918,2,6.12
919,4,7.36
920,3,6.44
921,3,6.59
922,4,14.18
923,3,6.92
924,1,6.12
925,4,34.78
926,4,10.42
927,0,6.01
928,3,6.33
929,4,8.09
930,3,6.68
931,3,6.28
932,0,6.0
933,2,6.47
934,4,8.15
935,4,6.93
936,0,6.05
937,3,6.71
938,1,6.1
939,0,6.11
940,0,6.0
941,0,6.03
942,2,6.16
943,0,6.01
944,3,6.49
945,4,6.56
946,3,6.47
947,0,6.09
948,3,6.7
949,4,12.16
950,1,6.03
951,3,7.46
952,3,6.22
953,0,6.09
954,0,6.06
955,3,6.5
956,4,9.47
957,0,6.01
958,1,6.09
959,3,6.22
960,4,7.79
961,1,6.04
962,3,6.52
963,1,6.11
964,3,6.39
965,4,8.57
966,0,6.08
967,2,6.19
968,2,6.07
969,3,6.77
970,3,6.25
971,3,6.67
972,4,35.24
973,4,8.97
974,1,6.12
975,3,6.38
976,0,6.11
977,0,6.02
978,1,6.09
979,0,6.03
980,4,12.12
981,1,6.17
982,0,6.17
983,3,6.41
984,4,8.35
985,2,6.07
986,0,6.06
987,1,6.04
988,0,5.98
989,0,6.09
990,4,10.3
991,4,10.39
992,2,6.11
993,1,6.09
994,2,6.11
995,2,6.14
996,0,6.02
997,0,6.05
998,2,6.13
999,4,7.82
1000,1,6.05
1001,4,6.82
1002,0,6.09
1003,0,6.05
1004,1,6.07
1005,4,11.84
1006,1,6.18
1007,1,6.09
1008,4,11.09
1009,0,6.06
1010,3,6.33
1011,0,6.13
1012,3,6.71
1013,1,6.09
1014,1,6.05
1015,0,6.04
1016,1,6.09
1017,3,6.37
1018,3,6.7
1019,3,6.41
1020,4,6.65
1021,3,6.23
1022,2,6.13
1023,4,13.11
1024,3,6.83
1025,2,6.2
1026,4,7.96
1027,2,6.09
1028,3,6.56
1029,1,6.1
1030,2,6.18
1031,2,6.14
1032,1,6.16
1033,4,6.98
1034,1,6.16
1035,4,9.04
1036,3,6.26
1037,1,6.02
1038,1,6.14
1039,0,6.06
1040,4,12.44
1041,0,6.05
1042,1,6.12
1043,3,6.33
1044,3,6.54
1045,4,11.04
1046,4,9.9
1047,1,6.18
1048,3,6.32
1049,2,6.11
1050,1,6.14
1051,3,6.25
1052,1,6.1
1053,1,6.05
1054,0,6.03
1055,3,6.41
1056,0,6.05
1057,3,6.27
1058,2,6.14
1059,2,6.13
1060,1,6.18
1061,2,6.16
1062,4,6.71
1063,4,35.71
1064,1,6.14
1065,2,6.05
1066,3,6.17
1067,3,6.44
1068,3,6.54
1069,2,6.2
1070,2,6.17
1071,2,6.18
1072,4,8.22
1073,1,6.07
1074,4,17.45
1075,1,6.02
1076,2,6.12
1077,1,6.04
1078,2,6.06
1079,4,9.59
1080,3,6.32
1081,2,6.14
1082,3,6.31
1083,3,6.16
1084,1,6.1
1085,0,6.04
1086,3,6.34
1087,4,8.09
1088,4,8.05
1089,4,8.21
1090,3,6.91
1091,3,6.34
1092,4,12.67
1093,2,6.18
1094,4,10.01
1095,3,6.53
1096,3,6.39
1097,1,6.1
1098,0,6.06
1099,1,6.13
1100,3,6.17
1101,3,6.27
1102,0,6.04
1103,0,6.1
1104,2,6.25
1105,3,6.41
1106,1,6.13
1107,2,6.18
1108,1,6.1
1109,3,6.85
1110,0,6.08
1111,1,6.14
1112,0,6.04
1113,2,6.23
1114,2,6.08
1115,1,6.08
1116,1,6.08
1117,0,6.01
1118,1,6.12
1119,2,6.17
1120,0,6.03
1121,0,6.06
1122,3,6.36
1123,0,6.04
1124,2,6.07
1125,1,6.07
1126,4,9.07
1127,4,7.78
1128,1,6.04
1129,2,6.14
1130,4,7.64
1131,1,6.07
1132,4,24.29
1133,1,6.09
1134,3,6.35
1135,2,6.16
1136,2,6.17
1137,3,6.25
1138,1,6.09
1139,1,6.05
1140,3,6.23
1141,1,6.1
1142,3,6.4
1143,4,7.25
1144,2,6.15
1145,4,10.14
1146,4,10.82
1147,0,6.11
1148,2,6.23
1149,2,6.07
1150,3,8.86
1151,0,5.98
1152,1,6.19
1153,1,6.18
1154,1,6.13
1155,4,7.28
1156,0,6.15
1157,0,6.19
1158,4,9.86
1159,2,6.12
1160,2,6.11
1161,4,6.69
1162,4,7.49
1163,0,6.06
1164,1,6.07
1165,1,6.04
1166,2,6.14
1167,0,6.03
1168,3,6.28
1169,0,6.09
1170,4,9.53
1171,4,7.3
1172,3,6.44
1173,1,6.07
1174,2,6.17
1175,4,9.44
1176,4,31.14
1177,3,6.5
1178,2,6.05
1179,0,6.08
1180,0,6.0
1181,0,6.03
1182,3,6.71
1183,1,6.08
1184,4,12.26
1185,0,6.14
1186,0,6.03
1187,4,12.17
1188,4,21.67
1189,3,6.28
1190,3,6.27
1191,0,6.06
1192,1,6.12
1193,3,6.22
1194,1,6.12
1195,2,6.13
1196,2,6.15
1197,3,6.65
1198,1,6.15
1199,1,6.12
1200,2,6.11
1201,4,10.87
1202,1,6.1
1203,0,6.0
1204,2,6.11
1205,4,30.82
1206,3,6.35
1207,4,10.39
1208,3,6.25
1209,0,6.14
1210,2,6.09
1211,1,6.04
1212,1,6.11
1213,2,6.17
1214,4,10.61
1215,1,6.02
1216,2,6.16
1217,1,6.06
1218,0,5.98
1219,3,6.22
1220,2,6.23
1221,4,10.11
1222,2,6.09
1223,0,6.02
1224,3,6.53
1225,0,6.03
1226,1,6.04
1227,3,6.58
1228,2,6.11
1229,0,6.02
1230,3,6.4
1231,4,7.27
1232,1,6.06
1233,4,10.53
1234,2,6.13
1235,2,6.18
1236,0,6.0
1237,2,6.26
1238,1,6.05
1239,1,6.1
1240,2,6.27
1241,1,6.1
1242,1,6.06
1243,0,6.03
1244,3,6.29
1245,2,6.19
1246,3,8.37
1247,3,6.34
1248,4,13.12
1249,2,6.14
1250,4,6.93
1251,4,9.42
1252,2,6.28
1253,2,6.1
1254,0,6.02
1255,3,6.32
1256,0,6.0
1257,1,6.07
1258,0,6.08
1259,4,7.04
1260,3,6.49
1261,4,7.74
1262,0,6.27
1263,4,13.51
1264,2,6.25
1265,0,5.98
1266,4,8.75
1267,1,6.08
1268,2,6.11
1269,3,6.19
1270,4,8.77
1271,4,6.85
1272,3,6.22
1273,1,6.11
1274,1,6.08
1275,2,6.16
1276,4,11.15
1277,2,6.16
1278,4,7.11
1279,4,6.99
1280,1,6.12
1281,4,16.86
1282,0,6.1
1283,1,6.07
1284,1,6.14
1285,0,5.99
1286,2,6.16
1287,0,6.04
1288,3,6.41
1289,0,6.13
1290,0,6.15
1291,0,6.05
1292,1,6.04
1293,1,6.07
1294,4,7.15
1295,4,14.39
1296,2,6.31
1297,0,6.03
1298,2,6.11
1299,2,6.16
1300,2,6.04
1301,1,6.04
1302,0,6.07
1303,2,6.28
1304,4,19.76
1305,3,6.31
1306,4,9.32
1307,1,6.06
1308,3,6.22
1309,3,6.14
1310,3,6.3
1311,2,6.09
1312,0,6.06
1313,1,6.02
1314,3,6.32
1315,4,7.55
1316,0,6.07
1317,3,6.65
1318,2,6.13
1319,2,6.16
1320,3,6.21
1321,3,6.38
1322,0,6.03
1323,1,6.11
1324,4,7.83
1325,0,6.08
1326,2,6.11
1327,2,6.09
1328,3,6.13
1329,3,6.21
1330,2,6.16
1331,3,6.34
1332,4,35.99
1333,3,6.6
1334,0,6.0
1335,3,6.73
1336,3,6.34
1337,1,6.08
1338,1,6.07
1339,4,8.57
1340,3,6.67
1341,3,6.22
1342,2,6.09
1343,2,6.19
1344,3,6.57
1345,4,8.44
1346,4,10.34
1347,3,6.33
1348,0,6.06
1349,4,8.77
1350,0,6.06
1351,4,6.63
1352,0,6.09
1353,1,6.09
1354,1,6.13
1355,1,6.11
1356,2,6.12
1357,4,11.96
1358,4,7.75
1359,2,6.11
1360,3,6.88
1361,0,6.01
1362,1,6.12
1363,2,6.15
1364,0,6.05
1365,0,6.01
1366,4,8.67
1367,2,6.21
1368,0,5.99
1369,4,6.49
1370,1,6.14
1371,3,6.19
1372,1,6.08
1373,0,6.01
1374,0,6.01
1375,0,6.08
1376,3,6.67
1377,1,6.05
1378,4,9.36
1379,0,6.07
1380,0,6.13
1381,2,6.13
1382,3,6.28
1383,3,6.54
1384,0,6.04
1385,3,6.25
1386,1,6.12
1387,4,34.53
1388,2,6.13
1389,4,6.89
1390,3,6.78
1391,3,6.67
1392,2,6.15
1393,0,6.09
1394,3,6.32
1395,1,6.05
1396,3,6.46
1397,2,6.11
1398,2,6.13
1399,0,6.06
1400,4,9.05
1401,4,10.13
1402,2,6.16
1403,1,6.05
1404,0,6.07
1405,4,6.97
1406,0,6.33
1407,3,6.69
1408,3,6.14
1409,3,6.48
1410,4,33.89
1411,1,6.04
1412,1,6.07
1413,3,6.32
1414,3,6.19
1415,0,6.02
1416,4,7.45
1417,1,6.12
1418,2,6.15
1419,2,6.15
1420,0,6.06
1421,4,14.68
1422,0,6.02
1423,4,7.28
1424,1,6.14
1425,2,6.11
1426,4,9.31
1427,4,12.18
1428,0,5.99
1429,0,6.02
1430,0,6.07
1431,4,8.48
1432,4,13.91
1433,1,6.2
1434,0,5.99
1435,2,6.15
1436,4,16.05
1437,4,10.35
1438,1,6.07
1439,0,6.04
1440,1,6.15
1441,4,8.12
1442,0,6.02
1443,3,6.32
1444,0,6.12
1445,3,6.38
1446,4,6.56
1447,2,6.18
1448,3,6.26
1449,3,7.39
1450,2,6.17
1451,0,6.03
1452,3,8.17
1453,0,6.05
1454,3,6.63
1455,1,6.13
1456,4,10.4
1457,0,6.05
1458,1,6.15
1459,1,6.05
1460,0,6.04
1461,2,6.27
1462,0,6.01
1463,2,6.21
1464,2,6.15
1465,1,6.05
1466,3,6.68
1467,3,6.46
1468,1,6.09
1469,4,6.52
1470,3,6.16
1471,2,6.13
1472,0,6.04
1473,3,6.24
1474,3,6.23
1475,2,6.18
1476,3,6.66
1477,0,6.04
1478,0,6.11
1479,2,6.13
1480,2,6.2
1481,3,6.3
1482,1,6.14
1483,1,6.07
1484,2,6.18
1485,1,6.04
1486,0,6.01
1487,4,7.02
1488,1,6.05
1489,4,7.37
1490,3,6.5
1491,4,6.79
1492,2,6.12
1493,3,6.44
1494,4,7.35
1495,2,6.16
1496,3,7.08
1497,3,6.29
1498,2,6.2
1499,4,35.06
1500,3,6.36
1501,3,6.48
1502,3,6.66
1503,0,6.05
1504,4,6.88
1505,0,6.03
1506,2,6.09
1507,4,7.02
1508,0,6.0
1509,0,6.03
1510,3,6.57
1511,2,6.23
1512,3,6.31
1513,1,6.09
1514,1,6.07
1515,1,6.07
1516,1,6.07
1517,0,6.13
1518,4,15.71
1519,2,6.12
1520,1,6.06
1521,0,6.08
1522,4,24.09
1523,3,6.51
1524,0,6.01
1525,1,6.04
1526,4,10.84
1527,2,6.2
1528,2,6.16
1529,3,6.52
1530,0,6.09
1531,1,6.12
1532,1,6.02
1533,0,6.09
1534,2,6.3
1535,0,6.12
1536,2,6.11
1537,4,7.85
1538,2,6.23
1539,1,6.15
1540,4,7.64
1541,2,6.1
1542,0,6.1
1543,4,9.93
1544,0,6.05
1545,4,14.34
1546,4,20.04
1547,3,6.53
1548,4,12.72
1549,4,13.98
1550,4,6.78
1551,2,6.1
1552,1,6.1
1553,2,6.21
1554,2,6.14
1555,4,8.57
1556,4,11.32
1557,0,6.01
1558,2,6.12
1559,2,6.12
1560,2,6.2
1561,1,6.1
1562,1,6.04
1563,0,6.05
1564,1,6.06
1565,0,6.06
1566,3,8.13
1567,4,7.56
1568,4,6.92
1569,4,12.75
1570,4,8.41
1571,4,16.27
1572,1,6.07
1573,3,7.73
1574,3,6.61
1575,4,10.41
1576,3,6.37
1577,3,6.67
1578,0,6.01
1579,0,6.08
1580,2,6.24
1581,0,6.11
1582,0,6.06
1583,1,6.12
1584,1,6.07
1585,4,10.51
1586,3,8.02
1587,0,6.05
1588,4,7.62
1589,0,6.05
1590,0,6.02
1591,2,6.12
1592,1,6.14
1593,1,6.06
1594,1,6.21
1595,2,6.26
1596,2,6.27
1597,2,6.15
1598,2,6.12
1599,3,6.28
1600,1,6.07
1601,2,6.16
1602,3,6.2
1603,1,6.06
1604,1,6.15
1605,0,6.03
1606,4,8.32
1607,2,6.21
1608,1,6.06
1609,1,6.07
1610,1,6.03
1611,4,7.58
1612,2,6.12
1613,0,6.05
1614,2,6.13
1615,3,6.5
1616,0,6.03
1617,1,6.1
1618,1,6.14
1619,0,6.08
1620,3,6.41
1621,1,6.08
1622,1,6.03
1623,4,8.16
1624,4,10.88
1625,2,6.1
1626,0,6.05
1627,4,13.9
1628,4,7.0
1629,2,6.22
1630,3,6.27
1631,1,6.06
1632,3,6.26
1633,1,6.12
1634,1,6.09
1635,1,6.13
1636,1,6.05
1637,1,6.08
1638,0,6.0
1639,3,6.35
1640,3,6.42
1641,2,6.11
1642,2,6.16
1643,0,6.05
1644,4,6.67
1645,2,6.11
1646,1,6.05
1647,4,9.47
1648,3,6.29
1649,1,6.1
1650,0,6.09
1651,0,6.07
1652,3,6.44
1653,2,6.18
1654,1,6.07
1655,4,9.37
1656,0,6.03
1657,3,6.33
1658,0,6.0
1659,1,6.08
1660,3,6.27
1661,3,6.29
1662,2,6.1
1663,2,6.32
1664,0,6.06
1665,2,6.06
1666,2,6.1
1667,0,6.08
1668,0,6.14
1669,2,6.25
1670,0,6.03
1671,2,6.16
1672,3,6.37
1673,2,6.16
1674,4,8.48
1675,2,6.24
1676,0,6.07
1677,4,8.26
1678,3,6.22
1679,0,6.06
1680,3,6.29
1681,2,6.06
1682,3,6.77
1683,0,6.04
1684,3,6.35
1685,4,34.5
1686,1,6.05
1687,3,7.58
1688,3,6.27
1689,0,6.0
1690,0,6.11
1691,4,7.37
1692,0,5.97
1693,3,6.77
1694,0,6.06
1695,1,6.03
1696,3,6.62
1697,2,6.22
1698,2,6.21
1699,1,6.06
1700,4,28.29
1701,3,6.67
1702,2,6.19
1703,4,11.42
1704,0,5.99
1705,0,5.99
1706,1,6.08
1707,2,6.21
1708,4,7.29
1709,1,6.14
1710,4,8.38
1711,4,20.01
1712,3,6.84
1713,1,6.23
1714,0,6.03
1715,4,7.55
1716,1,6.08
1717,4,9.9
1718,0,6.04
1719,1,6.08
1720,2,6.21
1721,2,6.24
1722,0,6.01
1723,2,6.12
1724,2,6.3
1725,3,6.17
1726,1,6.11
1727,4,10.91
1728,0,6.01
1729,1,6.08
1730,0,6.06
1731,2,6.22
1732,1,5.99
1733,2,6.13
1734,2,6.11
1735,1,6.21
1736,3,6.48
1737,4,6.83
1738,2,6.14
1739,1,6.11
1740,0,6.0
1741,3,8.32
1742,0,6.04
1743,4,16.04
1744,2,6.14
1745,1,6.07
1746,2,6.09
1747,0,6.22
1748,1,6.12
1749,2,6.05
1750,4,9.11
1751,1,6.13
1752,1,6.05
1753,1,6.04
1754,1,6.05
1755,1,6.07
1756,2,6.14
1757,1,6.17
1758,3,6.53
1759,2,6.13
1760,3,6.34
1761,2,6.18
1762,0,6.06
1763,4,7.11
1764,4,7.41
1765,2,6.31
1766,4,20.84
1767,3,6.4
1768,2,6.19
1769,1,6.07
1770,1,6.1
1771,4,8.0
1772,2,6.14
1773,3,6.3
1774,3,6.25
1775,1,6.08
1776,0,6.1
1777,0,6.0
1778,0,6.07
1779,4,7.25
1780,4,27.93
1781,0,6.05
1782,1,6.17
1783,1,6.09
1784,2,6.14
1785,2,6.17
1786,3,6.22
1787,1,6.07
1788,2,6.16
1789,1,6.12
1790,1,6.11
1791,0,6.02
1792,3,6.33
1793,1,6.02
1794,1,6.18
1795,1,6.04
1796,0,6.17
1797,4,9.73
1798,2,6.24
1799,3,6.44
1800,3,6.69
1801,2,6.1
1802,4,8.79
1803,3,6.22
1804,2,6.26
1805,3,6.7
1806,2,6.11
1807,1,6.12
1808,0,6.01
1809,3,6.35
1810,0,6.02
1811,3,6.41
1812,0,6.11
1813,2,6.28
1814,2,6.19
1815,0,5.97
1816,2,6.32
1817,3,6.45
1818,0,6.18
1819,1,6.09
1820,2,6.2
1821,2,6.19
1822,2,6.1
1823,0,6.0
1824,1,6.04
1825,2,6.21
1826,2,6.14
1827,2,6.15
1828,0,6.02
1829,1,6.07
1830,0,6.11
1831,0,6.01
1832,1,6.06
1833,4,28.13
1834,0,6.07
1835,0,6.1
1836,3,6.24
1837,1,6.13
1838,3,6.44
1839,3,6.7
1840,3,6.21
1841,3,6.25
1842,3,6.53
1843,0,6.11
1844,2,6.12
1845,4,25.76
1846,4,9.38
1847,0,6.06
1848,3,6.35
1849,2,6.28
1850,1,6.07
1851,3,6.64
1852,4,6.79
1853,3,6.28
1854,2,6.15
1855,0,6.02
1856,3,6.84
1857,4,31.95
1858,0,6.0
1859,3,6.29
1860,3,6.19
1861,0,6.22
1862,0,6.03
1863,0,6.06
1864,0,6.13
1865,0,6.05
1866,3,6.24
1867,0,6.06
1868,2,6.12
1869,4,6.49
1870,0,6.0
1871,4,7.64
1872,2,6.09
1873,0,6.03
1874,1,6.02
1875,2,6.17
1876,4,7.46
1877,3,6.2
1878,3,6.46
1879,3,6.92
1880,2,6.1
1881,1,6.09
1882,4,9.74
1883,0,6.02
1884,1,6.12
1885,4,10.84
1886,4,7.05
1887,2,6.2
1888,1,6.03
1889,0,6.05
1890,3,6.19
1891,3,6.32
1892,0,6.06
1893,3,6.59
1894,3,6.52
1895,3,6.29
1896,4,23.4
1897,4,9.23
1898,3,6.38
1899,4,7.81
1900,1,6.08
1901,1,6.08
1902,4,34.96
1903,4,10.13
1904,1,6.06
1905,0,6.04
1906,4,14.57
1907,0,6.03
1908,4,11.51
1909,2,6.25
1910,4,10.74
1911,3,6.26
1912,3,6.53
1913,1,6.15
1914,1,6.05
1915,4,18.77
1916,2,6.25
1917,1,6.05
1918,3,6.27
1919,2,6.17
1920,0,6.14
1921,1,6.11
1922,3,6.44
1923,3,6.44
1924,3,6.4
1925,0,6.0
1926,2,6.08
1927,1,6.16
1928,2,6.13
1929,0,6.13
1930,2,6.15
1931,0,6.07
1932,4,11.38
1933,4,10.47
1934,1,6.08
1935,4,12.13
1936,3,6.67
1937,2,6.13
1938,0,6.08
1939,2,6.13
1940,1,6.13
1941,2,6.15
1942,0,6.17
1943,0,6.22
1944,1,6.09
1945,3,6.22
1946,3,6.34
1947,4,7.05
1948,0,5.99
1949,3,6.39
1950,4,11.63
1951,1,6.11
1952,4,16.48
1953,2,6.35
1954,3,6.32
1955,4,7.68
1956,2,6.12
1957,1,6.04
1958,0,6.11
1959,4,15.76
1960,1,6.0
1961,0,6.03
1962,2,6.21
1963,0,5.99
1964,3,6.4
1965,4,8.8
1966,0,6.02
1967,1,6.11
1968,1,6.02
1969,4,12.71
1970,2,6.22
1971,1,6.14
1972,4,7.1
1973,1,6.08
1974,0,6.03
1975,1,6.05
1976,3,6.24
1977,0,6.08
1978,1,6.07
1979,2,6.1
1980,2,6.17
1981,1,6.12
1982,4,11.42
1983,1,6.03
1984,4,9.2
1985,1,6.08
1986,0,6.09
1987,2,6.07
1988,0,6.09
1989,3,6.25
1990,1,6.16
1991,0,6.06
1992,4,6.58
1993,4,9.73
1994,3,6.8
1995,2,6.07
1996,0,6.0
1997,0,6.01
1998,3,6.44
1999,2,6.25
2000,2,6.09
2001,1,6.09
2002,2,6.3
2003,0,6.03
2004,1,6.17
2005,4,7.16
2006,1,6.09
2007,0,6.16
2008,0,6.07
2009,0,6.01
2010,2,6.02
2011,1,6.1
2012,3,6.58
2013,3,6.31
2014,4,13.5
2015,1,6.11
2016,3,6.91
2017,4,7.86
2018,0,6.1
2019,1,6.06
2020,0,6.03
2021,3,6.21
2022,2,6.11
2023,2,6.06
2024,3,6.38
2025,3,6.2
2026,1,6.12
2027,1,6.11
2028,2,6.14
2029,1,6.19
2030,1,6.15
2031,2,6.28
2032,3,6.39
2033,0,6.04
2034,4,7.31
2035,0,6.07
2036,0,5.98
2037,4,8.64
2038,1,6.11
2039,0,6.07
2040,4,7.6
2041,0,6.03
2042,1,6.03
2043,3,6.4
2044,1,6.06
2045,3,6.18
2046,1,6.06
2047,2,6.31
2048,3,6.51
2049,0,6.0
2050,2,6.17
2051,2,6.13
2052,3,6.6
2053,0,6.15
2054,1,6.05
2055,2,6.21
2056,3,6.4
2057,2,6.04
2058,2,6.12
2059,2,6.17
2060,4,7.62
2061,1,6.03
2062,3,6.57
2063,0,6.03
2064,0,6.06
2065,0,6.05
2066,3,6.28
2067,2,6.18
2068,3,8.02
2069,0,6.05
2070,2,6.17
2071,3,8.71
2072,2,6.14
2073,1,6.06
2074,4,16.37
2075,2,6.25
2076,1,6.15
2077,0,6.14
2078,0,6.08
2079,3,7.58
2080,2,6.11
2081,1,6.08
2082,2,6.13
2083,3,6.62
2084,0,6.09
2085,1,6.07
2086,2,6.12
2087,0,6.1
2088,3,8.41
2089,3,6.45
2090,4,11.07
2091,0,6.06
2092,3,6.53
2093,1,6.09
2094,3,6.26
2095,3,6.58
2096,4,8.85
2097,2,6.2
2098,2,6.09
2099,3,6.73
2100,0,6.01
2101,4,7.47
2102,3,6.51
2103,4,8.34
2104,0,6.05
2105,3,6.44
2106,2,6.15
2107,4,15.66
2108,4,10.04
2109,1,6.14
2110,1,6.08
2111,4,35.27
2112,2,6.15
2113,1,6.19
2114,2,6.09
2115,4,7.72
2116,1,6.11
2117,1,6.09
2118,0,6.08
2119,4,10.18
2120,0,6.15
2121,4,8.84
2122,1,6.07
2123,1,6.13
2124,3,6.61
2125,1,6.06
2126,1,6.06
2127,3,6.62
2128,1,6.03
2129,3,6.82
2130,3,6.28
2131,1,6.05
2132,1,6.2
2133,4,25.5
2134,3,6.2
2135,3,6.33
2136,2,6.18
2137,0,5.99
2138,1,6.16
2139,3,6.29
2140,4,21.39
2141,1,6.12
2142,3,6.28
2143,4,12.92
2144,1,6.08
2145,2,6.1
2146,4,7.27
2147,2,6.19
2148,4,34.85
2149,0,6.0
2150,4,6.92
2151,2,6.26
2152,3,6.25
2153,3,6.42
2154,1,6.13
2155,4,12.36
2156,0,6.1
2157,2,6.26
2158,2,6.15
2159,0,6.03
2160,2,6.15
2161,1,6.06
2162,4,9.44
2163,1,6.01
2164,3,7.28
2165,0,6.07
2166,4,6.8
2167,1,6.25
2168,4,19.72
2169,2,6.25
2170,1,6.09
2171,3,6.29
2172,4,7.41
2173,3,6.31
2174,2,6.21
2175,4,6.78
2176,2,6.11
2177,4,8.95
2178,3,6.17
2179,0,6.07
2180,3,6.16
2181,2,6.14
2182,1,6.07
2183,1,6.07
2184,3,6.6
2185,4,7.5
2186,0,6.04
2187,2,6.11
2188,4,7.19
2189,1,6.12
2190,1,6.06
2191,1,6.13
2192,1,6.04
2193,4,7.5
2194,3,6.28
2195,0,6.02
2196,2,6.09
2197,1,6.16
2198,4,7.59
2199,3,6.47
2200,4,34.72
2201,3,6.46
2202,3,6.38
2203,2,6.1
2204,3,6.45
2205,2,6.18
2206,3,6.12
2207,3,6.23
2208,3,6.18
2209,0,6.05
2210,0,6.0
2211,0,6.02
2212,4,10.7
2213,4,7.22
2214,3,6.24
2215,2,6.15
2216,3,6.29
2217,0,6.03
2218,3,6.31
2219,1,6.05
2220,3,8.19
2221,4,8.91
2222,2,6.22
2223,1,6.1
2224,2,6.33
2225,0,6.1
2226,3,6.35
2227,3,6.19
2228,1,6.1
2229,3,6.37
2230,1,6.13
2231,1,6.08
2232,1,6.03
2233,4,7.28
2234,3,6.28
2235,1,6.08
2236,4,7.88
2237,0,6.04
2238,2,6.2
2239,4,7.32
2240,2,6.16
2241,3,6.42
2242,1,6.05
2243,2,6.08
2244,0,6.01
2245,1,6.08
2246,2,6.18
2247,4,8.06
2248,0,6.0
2249,1,6.06
2250,3,6.6
2251,4,12.2
2252,1,6.1
2253,1,6.06
2254,1,6.07
2255,1,6.07
2256,3,6.45
2257,4,6.45
2258,2,6.11
2259,1,6.26
2260,2,6.27
2261,1,6.16
2262,1,6.06
2263,2,6.19
2264,1,6.08
2265,2,6.07
2266,4,6.83
2267,3,6.49
2268,3,6.58
2269,0,6.07
2270,3,6.56
2271,1,6.1
2272,1,6.06
2273,0,5.97
2274,1,6.09
2275,2,6.19
2276,3,6.17
2277,2,6.18
2278,3,6.43
2279,2,6.22
2280,3,6.87
2281,3,6.75
2282,4,10.0
2283,4,7.56
2284,1,6.12
2285,4,7.88
2286,3,6.27
2287,3,6.22
2288,2,6.12
2289,2,6.15
2290,0,6.06
2291,4,7.85
2292,0,6.06
2293,0,6.06
2294,0,6.02
2295,2,6.31
2296,3,6.31
2297,0,6.09
2298,3,6.25
2299,0,6.1
2300,4,11.25
2301,3,6.21
2302,0,6.17
2303,2,6.22
2304,4,8.88
2305,2,6.15
2306,3,8.14
2307,2,6.27
2308,3,6.73
2309,4,9.54
2310,2,6.07
2311,1,6.07
2312,1,6.2
2313,2,6.17
2314,2,6.26
2315,3,6.48
2316,2,6.1
2317,0,6.02
2318,1,6.14
2319,4,9.34
2320,0,6.03
2321,3,6.33
2322,1,6.02
2323,4,7.91
2324,1,6.06
2325,1,6.05
2326,1,6.08
2327,0,6.05
2328,2,6.22
2329,4,35.24
2330,3,6.42
2331,1,6.06
2332,1,6.16
2333,2,6.13
2334,4,9.07
2335,2,6.07
2336,0,6.02
2337,0,6.04
2338,1,6.05
2339,1,6.06
2340,2,6.23
2341,1,6.1
2342,4,15.6
2343,4,8.59
2344,0,6.07
2345,2,6.17
2346,4,35.52
2347,0,6.0
2348,2,6.1
2349,3,6.22
2350,4,11.79
2351,4,32.87
2352,1,6.08
2353,3,6.62
2354,3,6.64
2355,2,6.16
2356,0,6.01
2357,0,6.06
2358,3,6.42
2359,4,8.16
2360,1,6.08
2361,2,6.07
2362,0,6.07
2363,3,6.84
2364,0,6.02
2365,3,6.52
2366,3,6.36
2367,3,6.22
2368,3,6.53
2369,4,9.63
2370,3,6.63
2371,4,10.57
2372,1,6.14
2373,2,6.11
2374,2,6.09
2375,4,11.52
2376,2,6.16
2377,3,6.29
2378,4,7.08
2379,3,6.76
2380,4,8.9
2381,0,6.03
2382,4,13.72
2383,2,6.1
2384,3,6.14
2385,4,18.29
2386,1,6.1
2387,4,7.81
2388,3,6.29
2389,3,6.52
2390,2,6.11
2391,3,6.72
2392,1,6.06
2393,2,6.11
2394,1,6.08
2395,3,6.24
2396,1,6.16
2397,1,6.0
2398,4,9.08
2399,2,6.24
2400,0,6.07
2401,0,6.06
2402,1,6.08
2403,2,6.57
2404,1,6.16
2405,2,6.14
2406,4,7.21
2407,2,6.17
2408,3,6.65
2409,2,6.3
2410,1,6.05
2411,1,6.08
2412,4,10.41
2413,1,6.15
2414,4,8.14
2415,3,6.52
2416,0,6.08
2417,0,6.03
2418,0,6.09
2419,1,6.1
2420,2,6.14
2421,0,6.05
2422,2,6.19
2423,2,6.21
2424,0,6.02
2425,0,6.08
2426,2,6.28
2427,1,6.09
2428,2,6.14
2429,4,6.94
2430,2,6.08
2431,1,6.11
2432,1,6.16
2433,4,7.23
2434,2,6.07
2435,2,6.09
2436,0,6.06
2437,1,6.04
2438,2,6.16
2439,1,6.08
2440,1,6.12
2441,1,6.25
2442,1,6.17
2443,4,25.79
2444,1,6.08
2445,3,6.23
2446,0,6.12
2447,3,8.03
2448,3,6.4
2449,4,10.46
2450,4,14.06
2451,2,6.12
2452,0,6.05
2453,1,6.16
2454,1,6.07
2455,1,6.07
2456,4,12.7
2457,3,6.33
2458,3,6.34
2459,4,34.01
2460,3,6.92
2461,4,8.74
2462,0,6.05
2463,0,6.11
2464,0,6.02
2465,0,6.04
2466,1,6.11
2467,2,6.13
2468,4,8.36
2469,0,6.01
2470,4,6.9
2471,2,6.28
2472,3,8.49
2473,2,6.21
2474,4,13.66
2475,4,10.86
2476,2,6.09
2477,3,6.44
2478,1,6.03
2479,4,10.45
2480,1,6.17
2481,3,6.57
2482,4,11.36
2483,4,8.27
2484,0,6.06
2485,4,9.0
2486,3,6.28
2487,2,6.2
2488,0,6.04
2489,4,24.36
2490,1,6.05
2491,0,6.09
2492,1,6.09
2493,3,6.37
2494,3,6.25
2495,1,6.06
2496,2,6.19
2497,4,9.07
2498,4,6.85
2499,0,6.02
2500,3,6.77
2501,3,6.22
2502,2,6.18
2503,2,6.16
2504,2,6.12
2505,4,6.96
2506,0,6.04
2507,0,6.03
2508,0,6.19
2509,3,6.28
2510,3,6.69
2511,1,6.03
2512,0,6.04
2513,2,6.07
2514,0,6.02
2515,0,6.06
2516,0,6.1
2517,3,6.79
2518,4,7.58
2519,1,6.06
2520,3,6.64
2521,1,6.1
2522,3,6.28
2523,0,6.01
2524,0,6.08
2525,2,6.14
2526,4,7.34
2527,0,6.08
2528,4,7.67
2529,0,6.06
2530,1,6.14
2531,4,32.9
2532,2,6.09
2533,1,6.06
2534,1,6.16
2535,0,6.15
2536,1,6.04
2537,4,7.71
2538,4,7.25
2539,4,7.51
2540,1,6.1
2541,3,6.55
2542,0,6.05
2543,4,7.0
2544,4,11.46
2545,2,6.14
2546,3,6.29
2547,0,6.03
2548,3,6.2
2549,4,20.18
2550,0,6.12
2551,3,6.34
2552,0,5.99
2553,0,6.01
2554,4,10.58
2555,2,6.13
2556,2,6.17
2557,0,5.99
2558,0,6.06
2559,1,6.12
2560,0,6.03
2561,0,6.01
2562,1,6.03
2563,1,6.02
2564,1,6.04
2565,1,6.06
2566,4,23.11
2567,4,16.06
2568,3,6.53
2569,0,6.04
2570,0,6.0
2571,2,6.22
2572,1,6.1
2573,1,6.15
2574,3,6.43
2575,1,6.08
2576,1,6.04
2577,3,6.32
2578,1,6.13
2579,4,7.14
2580,2,6.2
2581,1,6.14
2582,0,6.03
2583,0,6.01
2584,3,6.21
2585,2,6.24
2586,0,6.1
2587,2,6.1
2588,1,6.04
2589,1,6.1
2590,1,6.19
2591,3,6.43
2592,4,6.69
2593,4,8.6
2594,4,10.3
2595,4,13.48
2596,4,7.05
2597,1,6.15
2598,3,6.17
2599,0,6.02
2600,2,6.17
2601,2,6.29
2602,0,6.02
2603,4,7.01
2604,2,6.12
2605,2,6.22
2606,0,6.04
2607,1,6.12
2608,4,6.92
2609,1,6.08
2610,1,6.07
2611,4,7.6
2612,3,6.58
2613,0,6.07
2614,2,6.06
2615,4,9.46
2616,0,6.0
2617,2,6.14
2618,3,6.49
2619,1,6.09
2620,4,35.16
2621,1,6.09
2622,2,6.07
2623,2,6.16
2624,2,6.11
2625,2,6.19
2626,3,6.86
2627,3,7.03
2628,2,6.13
2629,1,6.26
2630,2,6.11
2631,2,6.11
2632,4,7.57
2633,0,6.09
2634,1,6.16
2635,4,8.73
2636,4,7.78
2637,0,6.07
2638,4,7.01
2639,2,6.34
2640,2,6.1
2641,0,6.0
2642,4,9.42
2643,3,6.48
2644,1,6.14
2645,2,6.1
2646,2,6.15
2647,0,6.08
2648,0,6.14
2649,1,6.03
2650,2,6.17
2651,0,6.07
2652,2,6.33
2653,2,6.19
2654,4,12.51
2655,2,6.23
2656,1,6.07
2657,4,7.26
2658,4,7.38
2659,2,6.16
2660,2,6.16
2661,1,6.1
2662,2,6.18
2663,1,6.04
2664,2,6.1
2665,0,5.98
2666,3,6.48
2667,2,6.17
2668,0,6.18
2669,0,6.13
2670,2,6.06
2671,0,5.99
2672,0,6.01
2673,0,6.05
2674,1,6.04
2675,2,6.06
2676,2,6.12
2677,0,6.1
2678,4,17.7
2679,4,6.73
2680,4,8.82
2681,3,6.37
2682,3,6.27
2683,3,6.52
2684,0,6.03
2685,4,6.72
2686,1,6.38
2687,4,7.03
2688,4,14.8
2689,2,6.25
2690,1,6.07
2691,4,10.68
2692,3,6.26
2693,3,7.75
2694,4,10.95
2695,2,6.25
2696,2,6.13
2697,1,6.06
2698,3,6.56
2699,2,6.09
2700,0,6.09
2701,4,9.76
2702,3,6.52
2703,4,11.62
2704,1,6.07
2705,3,6.21
2706,1,6.1
2707,2,6.23
2708,2,6.09
2709,0,6.12
2710,3,6.75
2711,0,6.07
2712,3,6.5
2713,4,8.05
2714,3,6.62
2715,1,6.19
2716,4,9.37
2717,3,6.26
2718,0,6.04
2719,2,6.16
2720,4,35.12
2721,4,6.85
2722,1,6.0
2723,0,6.03
2724,3,6.27
2725,4,7.62
2726,3,6.41
2727,1,6.15
2728,3,6.47
2729,4,22.15
2730,1,6.06
2731,4,9.57
2732,4,6.93
2733,3,6.54
2734,2,6.26
2735,2,6.22
2736,2,6.13
2737,2,6.2
2738,0,6.17
2739,4,9.96
2740,2,6.18
2741,3,6.25
2742,3,6.26
2743,3,6.48
2744,2,6.14
2745,1,6.01
2746,0,6.07
2747,0,6.0
2748,0,6.04
2749,3,6.23
2750,3,6.41
2751,2,6.25
2752,0,6.12
2753,3,6.53
2754,2,6.16
2755,1,6.09
2756,3,6.56
2757,2,6.03
2758,4,7.46
2759,1,6.19
2760,2,6.2
2761,0,6.04
2762,2,6.21
2763,1,6.06
2764,3,6.62
2765,0,6.05
2766,2,6.16
2767,3,6.24
2768,4,6.5
2769,0,6.05
2770,0,6.08
2771,1,6.11
2772,4,8.19
2773,4,6.67
2774,1,6.04
2775,1,6.12
2776,3,6.34
2777,2,6.12
2778,2,6.12
2779,3,6.31
2780,3,6.98
2781,4,11.58
2782,0,6.02
2783,4,13.36
2784,4,10.67
2785,0,6.15
2786,4,11.96
2787,4,7.76
2788,4,10.81
2789,3,6.28
2790,4,8.33
2791,1,6.05
2792,2,6.11
2793,0,6.05
2794,4,15.41
2795,1,6.09
2796,0,6.05
2797,1,6.03
2798,1,6.05
2799,1,6.07
2800,0,6.08
2801,3,6.3
2802,0,6.05
2803,4,6.89
2804,0,6.01
2805,2,6.16
2806,4,34.82
2807,2,6.19
2808,1,6.01
2809,2,6.14
2810,3,6.56
2811,1,6.07
2812,3,6.27
2813,1,6.04
2814,3,6.29
2815,3,6.33
2816,0,6.04
2817,0,6.0
2818,4,8.71
2819,1,6.23
2820,0,6.06
2821,3,6.1
2822,0,6.08
2823,0,5.98
2824,0,6.03
2825,2,6.09
2826,3,6.33
2827,0,6.01
2828,0,6.04
2829,1,6.13
2830,2,6.18
2831,2,6.09
2832,2,6.16
2833,3,6.36
2834,2,6.2
2835,2,6.16
2836,4,7.07
2837,0,6.0
2838,3,6.23
2839,2,6.17
2840,3,7.09
2841,1,6.09
2842,4,8.68
2843,2,6.18
2844,2,6.18
2845,4,17.2
2846,1,6.1
2847,2,6.14
2848,4,6.94
2849,4,6.82
2850,1,6.04
2851,3,6.36
2852,2,6.11
2853,2,6.09
2854,1,6.1
2855,2,6.18
2856,3,6.26
2857,1,6.05
2858,2,6.17
2859,3,6.19
2860,1,6.26
2861,4,10.08
2862,1,6.06
2863,2,6.13
2864,3,6.22
2865,3,6.66
2866,1,6.09
2867,1,6.06
2868,4,7.43
2869,0,6.07
2870,4,6.94
2871,4,8.71
2872,4,16.93
2873,4,9.81
2874,4,6.96
2875,4,7.44
2876,3,6.43
2877,4,7.75
2878,0,6.0
2879,2,6.12
2880,4,17.67
2881,0,6.01
2882,1,6.05
2883,3,6.48
2884,0,6.07
2885,4,27.13
2886,0,6.03
2887,2,6.15
2888,4,13.54
2889,2,6.15
2890,2,6.16
2891,2,6.11
2892,3,6.54
2893,2,6.09
2894,4,6.91
2895,4,9.67
2896,3,6.45
2897,4,7.53
2898,1,6.21
2899,3,6.72
2900,4,33.2
2901,4,12.26
2902,1,6.16
2903,2,6.07
2904,1,6.08
2905,1,6.09
2906,4,7.02
2907,1,6.02
2908,0,6.08
2909,2,6.13
2910,3,6.19
2911,1,6.06
2912,4,11.12
2913,2,6.13
2914,3,6.22
2915,1,6.09
2916,1,6.01
2917,3,6.33
2918,1,6.16
2919,4,8.66
2920,4,7.23
2921,3,6.59
2922,3,6.7
2923,2,6.2
2924,2,6.15
2925,1,6.19
2926,2,6.08
2927,1,6.09
2928,1,6.09
2929,2,6.11
2930,0,6.07
2931,3,6.92
2932,3,6.24
2933,4,15.33
2934,3,6.23
2935,0,6.23
2936,4,8.62
2937,0,6.03
2938,0,6.01
2939,3,6.41
2940,0,6.07
2941,3,6.41
2942,2,6.16
2943,1,6.11
2944,2,6.13
2945,3,6.33
2946,1,6.11
2947,3,6.48
2948,2,6.07
2949,4,8.39
2950,1,6.09
2951,3,6.89
2952,4,11.28
2953,0,5.97
2954,3,6.42
2955,2,6.17
2956,1,6.17
2957,4,7.21
2958,2,6.11
2959,0,6.08
2960,1,6.07
2961,2,6.13
2962,2,6.15
2963,1,6.11
2964,2,6.17
2965,1,6.1
2966,4,7.71
2967,0,6.09
2968,3,6.29
2969,0,6.01
2970,0,6.06
2971,4,9.3
2972,0,6.07
2973,0,6.18
2974,2,6.23
2975,1,6.11
2976,1,6.12
2977,1,6.07
2978,0,6.0
2979,0,6.17
2980,3,6.42
2981,2,6.21
2982,3,6.24
2983,3,6.46
2984,0,6.1
2985,0,6.08
2986,4,7.14
2987,1,6.12
2988,4,9.49
2989,1,6.05
2990,0,5.98
2991,1,6.03
2992,3,6.28
2993,2,6.3
2994,1,6.1
2995,3,6.35
2996,1,6.16
2997,0,6.05
2998,3,6.56
2999,1,6.14
3000,0,6.07
3001,2,6.11
3002,0,6.16
3003,4,7.09
3004,0,6.09
3005,4,7.95
3006,3,6.41
3007,1,6.09
3008,1,6.05
3009,2,6.14
3010,1,6.12
3011,2,6.22
3012,1,6.09
3013,1,6.07
3014,4,7.31
3015,4,20.11
3016,3,6.69
3017,1,6.08
3018,0,6.05
3019,0,6.08
3020,2,6.11
3021,3,6.2
3022,2,6.22
3023,3,6.14
3024,0,6.1
3025,1,6.14
3026,4,9.19
3027,0,6.04
3028,2,6.15
3029,0,6.12
3030,0,6.13
3031,4,14.33
3032,2,6.11
3033,0,6.12
3034,0,6.06
3035,4,9.65
3036,0,6.14
3037,3,6.25
3038,2,6.22
3039,1,6.14
3040,2,6.06
3041,0,6.02
3042,2,6.1
3043,0,6.03
3044,3,6.83
3045,1,6.04
3046,3,6.46
3047,3,6.49
3048,3,6.18
3049,2,6.14
3050,3,6.55
3051,3,6.32
3052,3,6.36
3053,4,14.26
3054,1,6.07
3055,0,5.96
3056,0,6.04
3057,3,6.36
3058,2,6.17
3059,4,16.26
3060,4,7.15
3061,4,29.36
3062,3,7.12
3063,1,6.11
3064,2,6.19
3065,0,6.07
3066,1,6.04
3067,3,6.55
3068,1,6.18
3069,0,6.05
3070,4,6.89
3071,4,6.95
3072,0,6.16
3073,2,6.11
3074,2,6.16
3075,0,6.02
3076,4,8.65
3077,1,6.08
3078,0,6.02
3079,3,6.85
3080,2,6.1
3081,3,6.65
3082,0,6.04
3083,3,6.31
3084,1,6.09
3085,0,6.13
3086,0,6.01
3087,2,6.13
3088,3,6.54
3089,0,6.04
3090,3,6.21
3091,1,6.07
3092,4,7.64
3093,1,6.05
3094,3,6.55
3095,0,6.0
3096,1,6.05
3097,3,6.55
3098,0,6.04
3099,1,6.02
3100,4,11.13
3101,4,9.32
3102,0,6.06
3103,0,6.05
3104,3,6.47
3105,0,6.03
3106,4,15.88
3107,3,6.41
3108,1,6.03
3109,4,8.57
3110,3,6.29
3111,2,6.18
3112,2,6.23
3113,2,6.09
3114,1,6.16
3115,3,6.38
3116,2,6.1
3117,0,6.15
3118,0,6.13
3119,3,6.85
3120,1,6.07
3121,3,6.68
3122,4,9.53
3123,4,7.18
3124,0,6.14
3125,1,6.07
3126,1,6.01
3127,4,7.44
3128,3,6.6
3129,4,11.84
3130,4,10.03
3131,4,12.42
3132,4,6.89
3133,1,6.11
3134,4,7.93
3135,3,6.22
3136,2,6.09
3137,1,6.15
3138,1,6.03
3139,2,6.15
3140,4,10.42
3141,2,6.3
3142,2,6.13
3143,4,7.16
3144,4,6.77
3145,2,6.07
3146,1,6.12
3147,3,6.18
3148,1,6.18
3149,0,6.06
3150,0,6.02
3151,0,6.14
3152,4,21.72
3153,1,6.12
3154,1,6.1
3155,2,6.08
3156,1,6.02
3157,0,6.06
3158,1,6.11
3159,4,11.16
3160,3,6.4
3161,1,6.1
3162,3,6.39
3163,2,6.13
3164,2,6.1
3165,1,6.08
3166,0,6.02
3167,0,6.08
3168,2,6.23
3169,1,6.24
3170,0,6.02
3171,3,6.55
3172,1,6.21
3173,3,6.4
3174,0,6.07
3175,0,6.12
3176,1,6.11
3177,4,7.43
3178,0,6.19
3179,2,6.13
3180,2,6.21
3181,4,8.4
3182,1,6.09
3183,4,10.52
3184,3,6.28
3185,1,6.07
3186,1,6.04
3187,0,6.02
3188,0,6.0
3189,4,22.87
3190,2,6.27
3191,4,13.06
3192,3,6.53
3193,1,6.06
3194,0,5.98
3195,0,6.03
3196,2,6.22
3197,2,6.09
3198,1,6.05
3199,2,6.18
3200,2,6.11
3201,3,7.8
3202,1,6.18
3203,2,6.25
3204,0,6.01
3205,2,6.09
3206,4,10.89
3207,3,6.69
3208,1,6.04
3209,2,6.1
3210,0,6.15
3211,4,11.38
3212,4,6.85
3213,1,6.09
3214,3,6.27
3215,3,6.85
3216,4,7.17
3217,1,6.06
3218,0,6.11
3219,3,6.46
3220,0,6.01
3221,3,6.51
3222,1,6.02
3223,4,6.84
3224,2,6.13
3225,2,6.08
3226,4,35.04
3227,4,11.94
3228,0,6.04
3229,3,6.61
3230,1,6.04
3231,4,7.99
3232,2,6.2
3233,1,6.06
3234,1,6.04
3235,2,6.15
3236,0,6.14
3237,0,6.04
3238,1,6.05
3239,4,23.97
3240,3,6.68
3241,2,6.08
3242,3,6.43
3243,4,8.67
3244,3,6.17
3245,4,11.61
3246,2,6.1
3247,4,10.94
3248,1,6.09
3249,2,6.26
3250,4,17.21
3251,1,6.01
3252,4,29.83
3253,3,6.66
3254,2,6.15
3255,4,28.81
3256,2,6.14
3257,1,6.07
3258,4,6.79
3259,1,6.05
3260,2,6.18
3261,0,6.07
3262,4,9.21
3263,2,6.14
3264,2,6.23
3265,3,6.58
3266,0,5.98
3267,0,6.06
3268,4,12.31
3269,1,6.12
3270,2,6.17
3271,0,6.15
3272,4,8.4
3273,4,10.93
3274,3,6.26
3275,1,6.12
3276,3,6.2
3277,4,7.25
3278,2,6.16
3279,0,6.04
3280,2,6.07
3281,3,6.14
3282,1,6.05
3283,4,31.62
3284,2,6.14
3285,3,6.19
3286,4,7.26
3287,1,6.04
3288,2,6.1
3289,0,6.19
3290,2,6.13
3291,0,6.1
3292,0,5.97
3293,4,7.59
3294,3,6.52
3295,3,6.14
3296,1,6.14
3297,4,7.7
3298,3,6.24
3299,3,6.33
3300,0,6.04
3301,0,6.05
3302,1,6.07
3303,4,7.1
3304,2,6.2
3305,0,6.02
3306,0,6.04
3307,3,6.49
3308,4,8.52
3309,3,6.2
3310,2,6.19
3311,2,6.22
3312,2,6.12
3313,4,9.37
3314,1,6.09
3315,0,6.01
3316,1,6.1
3317,0,6.03
3318,4,7.2
3319,2,6.12
3320,4,12.71
3321,2,6.08
3322,4,29.77
3323,1,6.04
3324,3,6.23
3325,2,6.35
3326,1,6.17
3327,3,6.19
3328,2,6.13
3329,1,6.13
3330,1,6.03
3331,2,6.16
3332,4,35.57
3333,3,6.38
3334,3,6.41
3335,1,6.03
3336,1,6.12
3337,4,8.54
3338,4,35.42
3339,4,15.79
3340,3,6.5
3341,0,6.09
3342,0,6.1
3343,1,6.09
3344,4,6.77
3345,2,6.12
3346,0,6.0
3347,2,6.25
3348,0,6.04
3349,1,6.05
3350,4,7.11
3351,0,6.0
3352,0,6.08
3353,3,6.82
3354,0,5.99
3355,0,6.03
3356,3,6.28
3357,3,7.99
3358,1,6.13
3359,1,6.03
3360,2,6.09
3361,3,8.2
3362,1,6.18
3363,3,6.78
3364,1,6.14
3365,2,6.13
3366,4,16.05
3367,1,6.05
3368,1,6.05
3369,2,6.15
3370,2,6.12
3371,1,6.08
3372,4,7.87
3373,1,6.1
3374,4,25.66
3375,3,6.35
3376,3,6.32
3377,4,7.5
3378,0,6.03
3379,3,6.34
3380,1,6.13
3381,1,6.09
3382,2,6.13
3383,4,34.99
3384,1,6.06
3385,3,6.63
3386,2,6.12
3387,2,6.15
3388,3,6.61
3389,0,6.07
3390,1,6.08
3391,0,6.07
3392,3,6.8
3393,2,6.34
3394,2,6.13
3395,0,6.07
3396,2,6.12
3397,2,6.21
3398,4,17.93
3399,1,6.15
3400,3,6.32
3401,0,6.12
3402,4,14.3
3403,4,7.43
3404,3,8.14
3405,2,6.17
3406,1,6.05
3407,3,6.22
3408,3,6.23
3409,1,6.07
3410,2,6.06
3411,1,6.06
3412,3,6.35
3413,4,19.3
3414,4,10.29
3415,1,6.09
3416,1,6.1
3417,0,6.16
3418,4,6.95
3419,1,6.11
3420,3,6.27
3421,1,6.24
3422,3,8.2
3423,0,6.03
3424,4,27.99
3425,3,6.32
3426,1,6.09
3427,2,6.08
3428,1,6.06
3429,1,6.19
3430,3,6.36
3431,0,6.05
3432,0,6.08
3433,4,8.41
3434,2,6.07
3435,2,6.15
3436,4,18.67
3437,3,6.31
3438,4,6.79
3439,4,34.85
3440,2,6.07
3441,3,6.3
3442,0,6.07
3443,3,6.49
3444,2,6.1
3445,2,6.17
3446,1,6.05
3447,1,6.03
3448,1,6.05
3449,2,6.08
3450,3,6.25
3451,2,6.08
3452,4,7.58
3453,1,6.09
3454,1,6.12
3455,4,9.0
3456,1,6.05
3457,2,6.07
3458,1,6.13
3459,3,6.27
3460,1,6.09
3461,3,6.23
3462,0,6.09
3463,2,6.23
3464,3,6.42
3465,1,6.12
3466,3,6.22
3467,0,6.0
3468,1,6.08
3469,4,13.05
3470,3,6.25
3471,3,6.68
3472,0,6.08
3473,3,7.06
3474,3,6.45
3475,2,6.19
3476,3,6.27
3477,1,6.12
3478,3,6.15
3479,1,6.24
3480,4,8.21
3481,2,6.05
3482,2,6.12
3483,1,6.05
3484,2,6.08
3485,3,6.34
3486,4,14.11
3487,2,6.12
3488,4,7.3
3489,4,14.07
3490,4,8.4
3491,3,6.27
3492,1,6.08
3493,3,6.61
3494,3,6.26
3495,1,6.05
3496,4,9.29
3497,1,6.13
3498,0,6.03
3499,4,13.7
3500,0,6.0
3501,2,6.32
3502,2,6.1
3503,2,6.26
3504,2,6.05
3505,4,32.46
3506,3,6.44
3507,4,34.96
3508,2,6.22
3509,2,6.23
3510,1,6.08
3511,1,6.07
3512,2,6.24
3513,3,6.51
3514,0,6.03
3515,3,6.38
3516,2,6.24
3517,0,6.07
3518,1,6.09
3519,3,6.37
3520,0,6.03
3521,3,6.16
3522,0,6.01
3523,1,6.09
3524,1,6.11
3525,0,5.98
3526,0,6.1
3527,0,6.03
3528,4,9.28
3529,2,6.12
3530,4,9.78
3531,2,6.13
3532,3,6.42
3533,0,5.99
3534,2,6.3
3535,3,6.16
3536,3,6.66
3537,3,6.35
3538,0,6.03
3539,2,6.04
3540,0,6.04
3541,2,6.1
3542,0,6.07
3543,2,6.14
3544,2,6.13
3545,3,6.29
3546,2,6.1
3547,1,6.06
3548,4,7.6
3549,2,6.16
3550,0,6.06
3551,0,5.98
3552,2,6.06
3553,2,6.23
3554,3,6.25
3555,0,6.04
3556,1,6.05
3557,0,6.01
3558,0,6.05
3559,0,6.08
3560,0,6.05
3561,1,6.04
3562,3,6.94
3563,3,6.45
3564,0,6.2
3565,1,6.05
3566,3,6.31
3567,2,6.23
3568,0,6.09
3569,3,6.97
3570,4,17.72
3571,3,6.14
3572,2,6.24
3573,2,6.18
3574,1,6.04
3575,2,6.28
3576,4,7.43
3577,4,23.26
3578,2,6.17
3579,2,6.21
3580,3,6.18
3581,2,6.47
3582,4,11.31
3583,3,6.23
3584,3,6.32
3585,2,6.16
3586,1,6.03
3587,2,6.16
3588,0,6.04
3589,3,6.21
3590,4,7.03
3591,0,6.09
3592,2,6.13
3593,2,6.18
3594,0,6.05
3595,1,6.1
3596,0,6.2
3597,3,6.82
3598,2,6.13
3599,3,6.27
3600,1,6.07
3601,3,6.31
3602,0,5.99
3603,4,33.05
3604,1,6.06
3605,2,6.16
3606,4,7.89
3607,0,6.03
3608,4,11.87
3609,0,6.1
3610,3,6.3
3611,0,6.1
3612,3,6.56
3613,3,6.77
3614,1,6.08
3615,2,6.12
3616,0,6.1
3617,4,9.3
3618,4,9.11
3619,4,10.09
3620,2,6.08
3621,1,6.06
3622,4,7.8
3623,2,6.27
3624,1,6.03
3625,2,6.1
3626,3,6.26
3627,1,6.06
3628,0,6.0
3629,0,6.1
3630,1,6.14
3631,3,6.46
3632,3,6.53
3633,4,16.88
3634,3,6.61
3635,1,6.09
3636,2,6.28
3637,1,6.09
3638,0,5.99
3639,1,6.11
3640,2,6.39
3641,1,6.13
3642,0,6.03
3643,0,5.98
3644,4,6.9
3645,1,6.04
3646,1,6.17
3647,0,6.04
3648,4,27.22
3649,2,6.13
3650,1,6.07
3651,2,6.16
3652,2,6.12
3653,0,6.08
3654,3,6.52
3655,4,6.97
3656,2,6.11
3657,2,6.09
3658,0,6.11
3659,0,6.07
3660,3,6.72
3661,4,9.84
3662,1,6.19
3663,2,6.05
3664,3,6.52
3665,2,6.08
3666,1,6.18
3667,4,9.02
3668,0,6.0
3669,1,6.06
3670,3,6.23
3671,2,6.26
3672,1,6.07
3673,3,6.59
3674,0,6.03
3675,0,6.02
3676,0,6.08
3677,4,19.84
3678,2,6.16
3679,1,6.07
3680,1,6.03
3681,2,6.08
3682,1,6.05
3683,3,6.8
3684,0,6.03
3685,0,6.1
3686,4,6.89
3687,1,6.13
3688,1,6.12
3689,1,6.12
3690,3,7.1
3691,0,6.07
3692,1,6.12
3693,2,6.1
3694,3,6.44
3695,4,7.38
3696,3,6.46
3697,0,6.05
3698,1,6.11
3699,1,6.06
3700,0,6.12
3701,2,6.13
3702,3,6.71
3703,0,6.05
3704,2,6.1
3705,4,21.42
3706,3,6.81
3707,1,6.07
3708,3,6.47
3709,0,6.07
3710,3,6.19
3711,0,6.11
3712,1,6.05
3713,3,6.76
3714,4,10.28
3715,1,6.12
3716,4,12.21
3717,4,18.16
3718,2,6.21
3719,2,6.19
3720,1,6.1
3721,1,6.06
3722,0,6.08
3723,3,6.5
3724,4,9.46
3725,3,6.63
3726,1,6.04
3727,3,6.3
3728,2,6.17
3729,4,6.92
3730,2,6.09
3731,4,7.2
3732,2,6.08
3733,2,6.18
3734,0,6.09
3735,4,6.53
3736,3,6.27
3737,4,7.32
3738,2,6.28
3739,2,6.32
3740,1,6.03
3741,2,6.19
3742,4,9.63
3743,3,6.3
3744,0,6.18
3745,0,6.13
3746,4,12.48
3747,1,6.05
3748,4,6.86
3749,3,6.45
3750,4,8.89
3751,4,7.92
3752,1,6.17
3753,3,6.95
3754,0,6.04
3755,0,6.06
3756,0,6.04
3757,4,23.98
3758,4,11.68
3759,1,6.14
3760,1,6.09
3761,0,6.1
3762,1,6.1
3763,4,7.93
3764,2,6.16
3765,1,6.03
3766,4,12.35
3767,4,7.4
3768,3,6.52
3769,0,6.09
3770,4,7.23
3771,4,7.98
3772,1,6.03
3773,3,6.18
3774,0,6.04
3775,3,6.22
3776,1,6.05
3777,1,6.05
3778,3,7.16
3779,0,6.05
3780,3,7.7
3781,3,6.39
3782,1,6.1
3783,1,6.06
3784,1,6.15
3785,4,10.31
3786,0,6.06
3787,1,6.1
3788,4,34.51
3789,0,5.99
3790,3,6.57
3791,2,6.09
3792,1,6.23
3793,0,5.98
3794,1,6.09
3795,0,6.02
3796,1,6.13
3797,1,6.16
3798,2,6.13
3799,4,6.94
3800,3,6.23
3801,0,6.02
3802,3,6.39
3803,1,6.08
3804,0,6.08
3805,2,6.08
3806,3,6.22
3807,1,6.19
3808,4,9.35
3809,1,6.03
3810,2,6.19
3811,0,6.03
3812,2,6.1
3813,3,6.87
3814,1,6.05
3815,4,14.74
3816,2,6.07
3817,3,6.75
3818,2,6.17
3819,1,6.17
3820,0,6.02
3821,0,6.07
3822,2,6.13
3823,2,6.1
3824,4,7.58
3825,1,6.21
3826,1,6.03
3827,3,6.21
3828,3,6.56
3829,2,6.34
3830,0,6.01
3831,1,6.08
3832,0,6.0
3833,4,10.73
3834,3,6.54
3835,2,6.12
3836,3,6.18
3837,1,6.08
3838,3,6.72
3839,2,6.09
3840,3,6.38
3841,1,6.13
3842,4,9.68
3843,3,6.74
3844,3,6.2
3845,0,6.01
3846,3,6.72
3847,3,6.59
3848,1,6.08
3849,1,6.08
3850,3,6.48
3851,2,6.12
3852,1,6.05
3853,3,6.66
3854,3,6.92
3855,1,6.09
3856,1,6.12
3857,0,6.04
3858,1,6.2
3859,0,6.02
3860,1,6.18
3861,1,6.07
3862,3,6.26
3863,3,6.98
3864,2,6.15
3865,2,6.11
3866,3,7.45
3867,0,6.05
3868,0,5.98
3869,3,8.24
3870,4,10.03
3871,1,6.06
3872,3,6.42
3873,1,6.06
3874,2,6.18
3875,3,6.2
3876,0,6.03
3877,3,6.52
3878,4,15.64
3879,1,6.13
3880,0,6.15
3881,1,6.11
3882,2,6.17
3883,3,6.18
3884,0,6.02
3885,3,6.58
3886,1,6.05
3887,2,6.27
3888,4,8.2
3889,1,6.03
3890,0,6.02
3891,2,6.13
3892,4,30.07
3893,1,6.07
3894,2,6.17
3895,0,6.21
3896,1,6.24
3897,3,6.68
3898,1,6.18
3899,0,6.0
3900,1,6.11
3901,3,6.69
3902,4,7.46
3903,2,6.09
3904,1,6.12
3905,2,6.09
3906,0,6.0
3907,0,6.03
3908,2,6.12
3909,4,18.84
3910,0,6.08
3911,3,6.6
3912,3,6.28
3913,1,6.01
3914,3,6.3
3915,1,6.01
3916,3,6.45
3917,1,6.1
3918,1,6.1
3919,2,6.21
3920,2,6.18
3921,2,6.15
3922,0,6.09
3923,2,6.23
3924,0,6.04
3925,3,6.26
3926,4,22.44
3927,2,6.14
3928,2,6.11
3929,2,6.19
3930,4,7.9
3931,1,6.06
3932,3,6.29
3933,3,7.65
3934,0,6.02
3935,0,6.13
3936,0,5.99
3937,3,6.2
3938,1,6.08
3939,3,7.36
3940,3,6.48
3941,4,34.92
3942,1,6.07
3943,1,6.23
3944,4,9.52
3945,4,8.14
3946,0,6.04
3947,2,6.15
3948,2,6.12
3949,2,6.22
3950,4,34.97
3951,0,6.1
3952,2,6.2
3953,2,6.15
3954,4,10.07
3955,3,6.63
3956,1,6.13
3957,1,6.08
3958,2,6.06
3959,1,6.06
3960,3,6.22
3961,1,6.05
3962,3,7.57
3963,4,10.45
3964,4,7.2
3965,3,6.39
3966,0,6.1
3967,0,6.11
3968,0,6.1
3969,0,5.99
3970,4,6.91
3971,1,6.02
3972,2,6.04
3973,0,6.19
3974,4,21.09
3975,3,6.29
3976,1,6.1
3977,1,6.05
3978,2,6.14
3979,2,6.11
3980,4,8.64
3981,2,6.24
3982,2,6.12
3983,3,6.7
3984,3,6.44
3985,0,6.14
3986,0,6.0
3987,1,6.11
3988,2,6.11
3989,4,11.32
3990,4,8.11
3991,1,6.07
3992,1,6.05
3993,0,6.05
3994,1,6.13
3995,1,6.08
3996,4,8.02
3997,3,6.33
3998,3,6.44
3999,1,6.11
4000,0,6.07
4001,3,6.3
4002,1,6.1
4003,2,6.32
4004,1,6.02
4005,0,6.1
4006,3,6.42
4007,4,12.73
4008,1,6.06
4009,4,8.22
4010,4,7.33
4011,4,10.1
4012,1,6.11
4013,1,6.17
4014,4,10.73
4015,3,6.27
4016,4,7.51
4017,2,6.16
4018,2,6.27
4019,0,6.01
4020,0,6.14
4021,0,6.11
4022,0,6.06
4023,3,6.34
4024,3,6.18
4025,1,6.13
4026,0,6.04
4027,2,6.12
4028,3,6.36
4029,0,6.01
4030,1,6.07
4031,4,8.17
4032,0,6.03
4033,4,10.55
4034,4,11.69
4035,1,6.09
4036,4,13.73
4037,2,6.28
4038,1,6.1
4039,0,6.08
4040,1,6.21
4041,0,6.08
4042,1,6.04
4043,0,5.96
4044,3,6.84
4045,4,11.38
4046,2,6.31
4047,4,6.58
4048,1,6.07
4049,4,8.16
4050,1,6.21
4051,2,6.16
4052,3,6.34
4053,3,6.53
4054,0,6.07
4055,3,6.27
4056,4,7.82
4057,3,6.55
4058,2,6.16
4059,4,8.54
4060,3,6.38
4061,2,6.17
4062,0,6.01
4063,1,6.08
4064,0,6.11
4065,1,6.12
4066,1,6.12
4067,3,6.48
4068,4,7.61
4069,1,6.18
4070,0,6.04
4071,3,6.63
4072,1,6.12
4073,1,6.11
4074,0,6.11
4075,2,6.06
4076,2,6.2
4077,2,6.12
4078,2,6.18
4079,1,6.08
4080,1,6.1
4081,1,6.12
4082,4,6.85
4083,1,6.08
4084,0,6.05
4085,1,6.04
4086,3,6.34
4087,1,6.11
4088,1,6.15
4089,3,6.33
4090,3,6.36
4091,4,29.5
4092,2,6.16
4093,2,6.12
4094,2,6.21
4095,0,6.03
4096,3,6.29
4097,4,11.75
4098,3,6.43
4099,3,6.4
4100,3,6.28
4101,3,6.6
4102,4,8.69
4103,0,6.03
4104,4,11.8
4105,1,6.07
4106,1,6.12
4107,0,6.04
4108,3,6.84
4109,4,8.19
4110,0,6.06
4111,2,6.07
4112,2,6.12
4113,1,6.03
4114,4,7.24
4115,1,6.2
4116,3,6.95
4117,1,6.14
4118,0,6.04
4119,1,6.09
4120,1,6.16
4121,3,6.31
4122,2,6.24
4123,4,8.68
4124,3,6.57
4125,0,6.14
4126,1,6.12
4127,4,6.76
4128,3,6.3
4129,0,6.1
4130,0,6.05
4131,2,6.24
4132,1,6.06
4133,0,5.97
4134,1,6.1
4135,1,6.07
4136,3,6.76
4137,2,6.15
4138,3,6.3
4139,1,6.11
4140,2,6.23
4141,0,6.09
4142,0,6.19
4143,4,8.47
4144,2,6.07
4145,3,6.37
4146,3,6.56
4147,2,6.19
4148,4,8.05
4149,3,6.67
4150,0,6.04
4151,0,6.01
4152,4,12.78
4153,1,6.07
4154,2,6.16
4155,1,6.13
4156,3,6.7
4157,0,6.27
4158,3,6.24
4159,4,12.98
4160,2,6.26
4161,4,7.62
4162,1,6.07
4163,2,6.1
4164,0,6.04
4165,1,6.04
4166,4,6.9
4167,0,6.06
4168,2,6.15
4169,0,6.02
4170,0,6.12
4171,4,9.06
4172,1,6.14
4173,1,6.13
4174,2,6.27
4175,0,6.09
4176,4,8.03
4177,2,6.2
4178,1,6.04
4179,2,6.2
4180,4,8.26
4181,4,8.37
4182,2,6.11
4183,2,6.2
4184,0,6.02
4185,0,5.99
4186,4,7.83
4187,4,7.24
4188,0,6.09
4189,4,9.03
4190,0,6.0
4191,2,6.14
4192,1,6.07
4193,0,6.02
4194,4,8.01
4195,3,6.4
4196,2,6.17
4197,1,6.03
4198,1,6.07
4199,3,6.89
4200,0,6.04
4201,4,11.35
4202,3,6.49
4203,1,6.1
4204,1,6.04
4205,0,6.03
4206,0,6.12
4207,2,6.28
4208,2,6.06
4209,1,6.17
4210,1,6.06
4211,2,6.07
4212,4,6.56
4213,4,35.13
4214,4,9.72
4215,2,6.17
4216,0,6.05
4217,2,6.19
4218,1,6.14
4219,2,6.15
4220,1,6.15
4221,4,7.36
4222,2,6.21
4223,2,6.11
4224,3,6.44
4225,2,6.11
4226,4,7.77
4227,1,6.12
4228,3,6.19
4229,2,6.16
4230,1,6.02
4231,2,6.37
4232,1,6.09
4233,0,6.02
4234,0,6.11
4235,2,6.1
4236,1,6.05
4237,4,16.95
4238,3,6.24
4239,2,6.21
4240,4,35.37
4241,4,14.02
4242,2,6.05
4243,3,6.26
4244,1,6.08
4245,0,6.01
4246,4,10.94
4247,2,6.13
4248,3,7.17
4249,2,6.14
4250,2,6.14
4251,4,11.97
4252,0,6.09
4253,1,6.03
4254,3,6.21
4255,0,6.08
4256,0,6.03
4257,2,6.19
4258,2,6.13
4259,1,5.99
4260,2,6.2
4261,1,6.07
4262,4,8.93
4263,4,8.84
4264,3,6.39
4265,4,8.62
4266,0,6.13
4267,3,6.82
4268,2,6.23
4269,4,8.43
4270,3,7.06
4271,4,11.54
4272,2,6.24
4273,4,7.45
4274,2,6.14
4275,1,6.11
4276,4,19.74
4277,3,6.26
4278,0,6.02
4279,2,6.19
4280,1,6.07
4281,4,9.78
4282,3,6.36
4283,3,8.03
4284,3,6.31
4285,3,6.37
4286,3,6.57
4287,4,11.71
4288,4,9.59
4289,1,6.05
4290,1,6.07
4291,0,6.04
4292,3,6.52
4293,4,11.54
4294,4,8.4
4295,1,6.05
4296,1,6.1
4297,4,6.87
4298,3,6.4
4299,4,6.71
4300,4,8.32
4301,1,6.09
4302,4,9.12
4303,2,6.08
4304,3,6.28
4305,4,8.96
4306,1,6.15
4307,0,6.08
4308,1,6.04
4309,4,11.43
4310,3,6.22
4311,1,6.14
4312,3,6.27
4313,1,6.04
4314,3,6.92
4315,3,6.42
4316,0,6.01
4317,3,6.18
4318,0,6.15
4319,4,8.17
4320,3,6.34
4321,3,6.7
4322,2,6.2
4323,0,6.04
4324,1,6.12
4325,2,6.21
4326,4,7.2
4327,0,6.08
4328,3,6.27
4329,1,6.11
4330,4,6.95
4331,1,6.18
4332,4,7.36
4333,0,6.02
4334,0,6.05
4335,4,9.71
4336,1,6.18
4337,4,12.1
4338,0,6.14
4339,1,6.12
4340,4,10.65
4341,4,30.01
4342,2,6.27
4343,0,6.02
4344,2,6.09
4345,0,6.03
4346,0,6.08
4347,0,6.03
4348,2,6.11
4349,3,6.48
4350,1,6.16
4351,2,6.13
4352,0,5.98
4353,2,6.09
4354,2,6.23
4355,4,7.46
4356,1,6.19
4357,4,6.75
4358,2,6.06
4359,3,6.54
4360,1,6.13
4361,3,6.26
4362,0,6.09
4363,1,6.03
4364,4,7.25
4365,0,6.05
4366,2,6.08
4367,4,9.39
4368,3,6.3
4369,0,6.05
4370,1,6.12
4371,1,6.1
4372,2,6.17
4373,2,6.17
4374,1,6.08
4375,0,6.06
4376,2,6.14
4377,2,6.13
4378,1,6.07
4379,3,6.34
4380,4,35.87
4381,1,6.07
4382,2,6.07
4383,2,6.12
4384,4,29.0
4385,4,10.09
4386,2,6.09
4387,0,6.08
4388,4,6.41
4389,4,9.79
4390,1,6.03
4391,3,6.2
4392,2,6.18
4393,2,6.28
4394,3,6.46
4395,0,6.05
4396,4,8.72
4397,3,6.38
4398,4,11.27
4399,2,6.15
4400,3,6.68
4401,0,6.03
4402,1,6.07
4403,0,6.07
4404,0,6.08
4405,3,6.18
4406,0,6.06
4407,3,8.0
4408,3,6.24
4409,2,6.09
4410,3,6.27
4411,1,6.15
4412,3,6.21
4413,1,6.06
4414,0,6.03
4415,0,6.09
4416,1,6.01
4417,3,6.24
4418,3,6.55
4419,3,6.81
4420,2,6.01
4421,3,6.46
4422,3,6.29
4423,4,6.84
4424,1,6.06
4425,2,6.16
4426,2,6.18
4427,1,6.12
4428,1,6.08
4429,4,9.56
4430,3,6.34
4431,0,6.1
4432,4,6.8
4433,2,6.16
4434,2,6.13
4435,1,6.11
4436,4,10.62
4437,1,6.13
4438,4,9.58
4439,4,31.7
4440,4,8.5
4441,3,6.33
4442,0,6.07
4443,1,6.11
4444,1,6.05
4445,3,6.59
4446,0,6.07
4447,2,6.15
4448,2,6.12
4449,3,6.78
4450,0,6.01
4451,2,6.2
4452,1,6.13
4453,3,6.17
4454,1,6.15
4455,0,6.07
4456,2,6.22
4457,0,6.05
4458,0,6.14
4459,1,6.11
4460,2,6.2
4461,3,6.28
4462,3,6.26
4463,1,6.13
4464,3,6.3
4465,2,6.16
4466,4,7.37
4467,1,6.15
4468,4,31.07
4469,3,6.56
4470,1,6.14
4471,4,6.96
4472,2,6.21
4473,2,6.25
4474,4,7.66
4475,4,6.87
4476,0,5.99
4477,3,6.5
4478,4,7.18
4479,3,6.31
4480,4,29.18
4481,1,6.09
4482,3,6.64
4483,0,5.99
4484,1,6.12
4485,3,6.52
4486,3,6.63
4487,2,6.12
4488,2,6.18
4489,3,6.9
4490,4,7.5
4491,4,25.17
4492,1,6.06
4493,4,11.14
4494,3,6.38
4495,4,7.42
4496,1,6.04
4497,4,6.75
4498,2,6.12
4499,4,7.98
4500,1,6.06
4501,4,6.81
4502,4,8.93
4503,4,10.79
4504,3,6.24
4505,2,6.11
4506,0,6.1
4507,3,6.93
4508,3,6.12
4509,2,6.07
4510,2,6.18
4511,2,6.12
4512,0,6.09
4513,3,6.51
4514,3,6.41
4515,2,6.06
4516,1,6.08
4517,4,8.79
4518,3,7.86
4519,3,6.62
4520,4,10.99
4521,1,6.08
4522,3,6.31
4523,1,6.08
4524,1,6.09
4525,4,12.74
4526,0,6.02
4527,3,6.2
4528,0,6.17
4529,4,7.86
4530,3,6.42
4531,1,6.07
4532,0,6.07
4533,3,8.07
4534,1,6.1
4535,1,6.07
4536,3,6.24
4537,1,6.21
4538,4,10.0
4539,4,8.31
4540,0,6.07
4541,1,6.05
4542,3,6.44
4543,0,6.06
4544,2,6.09
4545,2,6.2
4546,0,6.06
4547,2,6.17
4548,1,6.07
4549,4,10.8
4550,1,6.07
4551,1,6.14
4552,2,6.06
4553,1,6.08
4554,2,6.25
4555,0,6.12
4556,4,7.38
4557,1,6.1
4558,4,15.53
4559,4,8.53
4560,1,6.11
4561,2,6.22
4562,3,6.38
4563,0,5.98
4564,0,6.05
4565,4,14.96
4566,4,7.16
4567,4,8.8
4568,1,6.04
4569,2,6.11
4570,1,6.02
4571,1,6.11
4572,4,12.63
4573,4,23.9
4574,2,6.18
4575,0,6.04
4576,1,6.08
4577,1,6.09
4578,4,6.59
4579,3,6.13
4580,4,16.52
4581,0,6.05
4582,4,14.55
4583,3,6.53
4584,2,6.14
4585,0,6.04
4586,3,6.41
4587,4,8.85
4588,0,6.08
4589,2,6.09
4590,3,8.6
4591,4,12.85
4592,0,6.02
4593,0,6.03
4594,4,9.38
4595,3,6.19
4596,0,5.98
4597,0,6.02
4598,4,7.96
4599,1,6.05
4600,1,6.07
4601,1,6.16
4602,0,6.03
4603,4,11.13
4604,0,6.05
4605,2,6.16
4606,1,6.07
4607,0,6.17
4608,1,6.1
4609,3,6.36
4610,1,6.07
4611,4,9.55
4612,2,6.08
4613,0,6.08
4614,0,6.03
4615,2,6.16
4616,1,6.06
4617,1,6.17
4618,4,6.76
4619,1,6.05
4620,4,11.34
4621,4,10.06
4622,4,11.39
4623,0,6.14
4624,4,8.57
4625,3,6.26
4626,2,6.13
4627,2,6.06
4628,2,6.15
4629,1,6.06
4630,0,6.36
4631,2,6.12
4632,3,6.39
4633,1,6.04
4634,1,6.06
4635,2,6.11
4636,4,9.42
4637,1,6.05
4638,4,7.16
4639,0,6.0
4640,4,6.94
4641,4,11.04
4642,1,6.18
4643,4,9.4
4644,1,6.11
4645,3,6.62
4646,3,6.2
4647,2,6.11
4648,2,6.1
4649,3,6.37
4650,4,7.62
4651,3,6.37
4652,4,9.54
4653,1,6.07
4654,2,6.15
4655,3,6.24
4656,1,6.05
4657,1,6.09
4658,2,6.11
4659,4,6.92
4660,1,6.09
4661,0,6.11
4662,3,6.96
4663,0,6.1
4664,4,7.32
4665,0,6.11
4666,4,11.17
4667,0,6.09
4668,2,6.09
4669,3,6.3
4670,3,6.4
4671,3,6.32
4672,2,6.08
4673,1,6.06
4674,3,6.65
4675,1,6.12
4676,4,7.78
4677,4,8.57
4678,3,6.87
4679,0,6.11
4680,0,5.99
4681,4,7.14
4682,1,6.11
4683,3,6.37
4684,4,33.66
4685,3,7.67
4686,2,6.47
4687,2,6.1
4688,0,6.05
4689,2,6.2
4690,1,6.04
4691,1,6.18
4692,0,6.06
4693,0,6.03
4694,0,6.08
4695,4,7.3
4696,3,6.48
4697,1,6.1
4698,3,6.37
4699,0,6.0
4700,3,6.46
4701,3,6.26
4702,1,6.09
4703,4,6.89
4704,3,6.41
4705,1,6.07
4706,0,6.03
4707,4,14.39
4708,2,6.16
4709,1,6.07
4710,2,6.3
4711,4,8.0
4712,3,6.47
4713,3,6.58
4714,3,6.25
4715,1,6.19
4716,1,6.07
4717,2,6.12
4718,4,6.71
4719,3,6.9
4720,3,8.07
4721,2,6.11
4722,4,34.67
4723,0,6.05
4724,2,6.14
4725,4,6.88
4726,1,6.06
4727,1,6.04
4728,3,6.65
4729,4,11.05
4730,2,6.13
4731,3,6.31
4732,1,6.12
4733,2,6.2
4734,4,6.83
4735,0,6.05
4736,0,6.09
4737,1,6.13
4738,0,6.17
4739,2,6.15
4740,1,6.12
4741,4,21.24
4742,2,6.28
4743,4,26.51
4744,2,6.1
4745,3,6.35
4746,1,6.1
4747,2,6.08
4748,2,6.21
4749,3,8.21
4750,4,8.51
4751,4,7.79
4752,1,6.03
4753,1,6.17
4754,0,6.03
4755,1,6.06
4756,4,8.02
4757,0,6.06
4758,0,6.07
4759,4,7.18
4760,2,6.08
4761,0,6.05
4762,4,9.86
4763,1,6.05
4764,3,6.29
4765,4,6.7
4766,0,6.07
4767,2,6.21
4768,4,11.36
4769,3,6.78
4770,3,6.67
4771,2,6.09
4772,0,6.03
4773,0,6.03
4774,0,6.08
4775,0,6.0
4776,4,8.56
4777,2,6.1
4778,4,6.95
4779,4,7.25
4780,3,6.35
4781,4,9.58
4782,0,6.13
4783,0,6.03
4784,1,6.08
4785,0,5.98
4786,4,7.94
4787,2,6.04
4788,3,6.26
4789,4,7.38
4790,3,6.35
4791,3,6.24
4792,4,17.11
4793,3,6.38
4794,3,6.2
4795,3,6.78
4796,2,6.17
4797,4,18.53
4798,1,6.16
4799,2,6.03
4800,2,6.14
4801,0,6.09
4802,3,6.35
4803,1,6.02
4804,2,6.23
4805,4,7.17
4806,0,6.09
4807,3,6.47
4808,3,6.22
4809,0,6.08
4810,2,6.07
4811,2,6.14
4812,3,6.23
4813,4,10.08
4814,2,6.2
4815,0,6.11
4816,3,6.35
4817,1,6.13
4818,4,16.6
4819,2,6.17
4820,2,6.11
4821,2,6.18
4822,2,6.07
4823,4,7.32
4824,3,6.41
4825,1,6.01
4826,0,6.06
4827,4,35.24
4828,3,6.23
4829,1,6.1
4830,4,7.23
4831,3,6.26
4832,4,7.43
4833,1,6.04
4834,2,6.17
4835,2,6.22
4836,3,6.83
4837,4,30.55
4838,0,6.07
4839,3,6.34
4840,2,6.4
4841,4,10.48
4842,2,6.22
4843,3,6.5
4844,4,8.12
4845,1,6.11
4846,3,6.36
4847,4,8.54
4848,1,6.04
4849,1,6.04
4850,1,6.06
4851,2,6.25
4852,3,6.17
4853,1,6.05
4854,0,6.0
4855,1,6.11
4856,1,6.13
4857,1,6.16
4858,1,6.13
4859,0,6.07
4860,4,6.66
4861,0,6.05
4862,4,7.31
4863,0,5.98
4864,2,6.46
4865,4,8.46
4866,2,6.19
4867,3,6.99
4868,0,6.05
4869,3,6.21
4870,3,6.8
4871,0,6.1
4872,0,6.03
4873,0,6.05
4874,3,6.34
4875,3,6.46
4876,2,6.12
4877,2,6.1
4878,0,6.08
4879,0,6.05
4880,3,6.17
4881,3,6.48
4882,1,6.03
4883,4,9.05
4884,3,6.35
4885,1,6.07
4886,0,6.1
4887,1,6.11
4888,2,6.16
4889,2,6.16
4890,0,6.14
4891,1,6.05
4892,2,6.12
4893,3,6.66
4894,0,6.09
4895,4,8.1
4896,4,10.11
4897,0,6.05
4898,1,6.16
4899,2,6.32
4900,0,6.21
4901,0,6.09
4902,0,6.03
4903,1,6.04
4904,3,6.39
4905,2,6.09
4906,4,13.34
4907,4,20.14
4908,2,6.18
4909,3,6.71
4910,4,7.28
4911,2,6.14
4912,1,6.04
4913,1,6.13
4914,2,6.19
4915,0,6.13
4916,2,6.11
4917,0,6.01
4918,4,6.65
4919,4,11.94
4920,1,6.08
4921,1,6.06
4922,1,6.05
4923,1,6.12
4924,1,6.04
4925,1,6.11
4926,1,6.11
4927,1,6.12
4928,0,6.09
4929,2,6.18
4930,3,6.18
4931,2,6.15
4932,0,6.0
4933,3,6.4
4934,1,6.17
4935,2,6.15
4936,0,6.05
4937,2,6.13
4938,3,6.47
4939,2,6.26
4940,0,6.04
4941,2,6.3
4942,4,7.79
4943,4,25.64
4944,4,7.2
4945,0,5.97
4946,0,6.15
4947,2,6.23
4948,1,6.11
4949,0,6.04
4950,0,6.12
4951,2,6.12
4952,3,6.33
4953,3,6.17
4954,0,6.02
4955,1,6.05
4956,3,6.84
4957,4,8.27
4958,4,8.09
4959,0,6.01
4960,0,6.09
4961,3,6.23
4962,1,6.09
4963,2,6.38
4964,3,6.11
4965,1,6.04
4966,0,6.06
4967,1,6.14
4968,4,6.7
4969,3,6.46
4970,4,10.99
4971,3,6.32
4972,0,6.04
4973,1,6.04
4974,2,6.14
4975,3,6.27
4976,2,6.11
4977,3,7.13
4978,0,6.07
4979,3,6.46
4980,3,6.27
4981,0,5.99
4982,3,6.63
4983,3,6.3
4984,3,6.72
4985,3,6.21
4986,4,11.56
4987,2,6.07
4988,4,8.73
4989,2,6.16
4990,1,6.13
4991,1,6.03
4992,0,6.08
4993,3,6.14
4994,4,7.11
4995,3,6.21
4996,4,15.57
4997,3,6.39
4998,2,6.23
4999,1,6.06
5000,2,6.12
5001,3,6.68
5002,1,6.1
5003,0,6.0
5004,1,6.15
5005,3,6.24
5006,4,15.28
5007,3,6.28
5008,1,6.1
5009,0,6.09
5010,1,6.06
5011,1,6.06
5012,4,29.07
5013,1,6.08
5014,0,6.05
5015,2,6.08
5016,4,9.01
5017,1,6.05
5018,2,6.26
5019,0,6.06
5020,1,6.17
5021,2,6.25
5022,1,6.05
5023,3,6.48
5024,1,6.09
5025,4,7.94
5026,0,6.14
5027,2,6.15
5028,2,6.1
5029,2,6.15
5030,1,6.16
5031,3,6.49
5032,3,6.62
5033,4,8.61
5034,3,6.64
5035,1,6.07
5036,0,6.02
5037,2,6.21
5038,1,6.09
5039,1,6.08
5040,1,6.1
5041,4,12.03
5042,3,6.28
5043,1,6.08
5044,4,6.76
5045,2,6.14
5046,3,6.42
5047,4,26.3
5048,3,6.3
5049,1,6.19
5050,0,6.08
5051,0,6.04
5052,1,6.18
5053,1,6.03
5054,1,6.08
5055,1,6.16
5056,0,6.02
5057,3,6.14
5058,3,6.22
5059,3,6.26
5060,1,6.06
5061,0,6.06
5062,0,6.0
5063,3,6.27
5064,4,9.6
5065,2,6.13
5066,0,6.02
5067,0,6.05
5068,3,6.67
5069,2,6.13
5070,4,7.43
5071,1,6.13
5072,4,8.4
5073,4,7.49
5074,0,6.03
5075,3,6.49
5076,4,12.22
5077,2,6.36
5078,1,6.04
5079,2,6.1
5080,2,6.35
5081,3,6.36
5082,4,8.36
5083,2,6.11
5084,4,7.21
5085,4,6.43
5086,4,9.12
5087,3,6.34
5088,3,6.47
5089,4,7.37
5090,2,6.15
5091,3,6.28
5092,1,6.09
5093,0,5.98
5094,4,11.34
5095,1,6.23
5096,3,6.59
5097,0,5.98
5098,4,8.04
5099,1,6.04
5100,2,6.11
5101,1,6.06
5102,4,14.46
5103,2,6.22
5104,1,6.06
5105,3,6.38
5106,0,6.06
5107,3,6.31
5108,0,6.04
5109,3,6.36
5110,1,6.01
5111,1,6.16
5112,2,6.12
5113,2,6.13
5114,1,6.11
5115,2,6.13
5116,3,6.31
5117,4,13.44
5118,3,6.3
5119,3,6.17
5120,0,6.08
5121,4,16.53
5122,2,6.15
5123,4,10.39
5124,3,6.22
5125,3,6.35
5126,3,6.21
5127,4,13.53
5128,4,6.73
5129,2,6.26
5130,2,6.21
5131,1,6.14
5132,4,9.5
5133,4,8.79
5134,4,12.72
5135,1,6.05
5136,1,6.06
5137,4,8.19
5138,1,6.11
5139,3,6.36
5140,1,6.15
5141,4,7.79
5142,3,6.62
5143,4,7.54
5144,3,6.77
5145,0,6.06
5146,1,6.08
5147,0,6.07
5148,2,6.13
5149,1,6.11
5150,1,6.12
5151,4,20.2
5152,0,6.02
5153,1,6.07
5154,2,6.19
5155,3,6.87
5156,3,8.31
5157,1,6.05
5158,1,6.09
5159,4,10.15
5160,0,6.13
5161,0,6.01
5162,1,6.07
5163,0,6.07
5164,0,6.01
5165,3,8.12
5166,0,6.04
5167,3,6.25
5168,1,6.14
5169,3,6.34
5170,4,9.21
5171,0,6.05
5172,1,6.11
5173,3,6.56
5174,1,6.18
5175,1,6.12
5176,4,9.88
5177,0,6.03
5178,0,6.02
5179,4,8.83
5180,0,6.03
5181,4,32.72
5182,4,12.52
5183,3,6.29
5184,3,6.2
5185,3,6.31
5186,3,6.15
5187,1,6.07
5188,2,6.18
5189,0,6.11
5190,4,8.87
5191,2,6.14
5192,2,6.2
5193,3,6.54
5194,3,6.39
5195,4,9.84
5196,2,6.11
5197,4,10.33
5198,2,6.16
5199,2,6.09
5200,0,6.13
5201,3,6.53
5202,4,8.54
5203,4,7.55
5204,2,6.12
5205,2,6.1
5206,3,6.54
5207,0,6.08
5208,3,6.25
5209,2,6.17
5210,1,6.05
5211,4,7.49
5212,1,6.06
5213,2,6.14
5214,1,6.18
5215,0,6.01
5216,3,7.76
5217,1,6.09
5218,3,6.27
5219,1,6.09
5220,0,6.0
5221,0,6.05
5222,2,6.15
5223,3,6.91
5224,1,6.19
5225,1,6.11
5226,0,6.1
5227,0,6.11
5228,1,6.1
5229,3,6.19
5230,0,6.13
5231,1,6.03
5232,3,6.56
5233,3,6.55
5234,0,6.05
5235,4,25.51
5236,2,6.18
5237,1,6.08
5238,1,6.11
5239,4,9.24
5240,3,6.48
5241,4,10.42
5242,0,6.01
5243,4,11.14
5244,0,6.03
5245,3,6.82
5246,4,9.64
5247,4,7.18
5248,0,6.04
5249,4,10.06
5250,2,6.12
5251,0,5.98
5252,2,6.16
5253,0,6.04
5254,0,6.1
5255,2,6.14
5256,4,22.73
5257,3,6.49
5258,4,8.92
5259,3,6.28
5260,3,6.42
5261,2,6.22
5262,2,6.13
5263,3,6.22
5264,0,5.99
5265,4,6.82
5266,2,6.17
5267,3,6.35
5268,3,6.89
5269,4,16.77
5270,1,6.15
5271,1,6.13
5272,1,6.15
5273,0,6.05
5274,2,6.07
5275,3,6.18
5276,0,6.06
5277,1,6.04
5278,0,6.11
5279,1,6.1
5280,3,6.16
5281,4,6.71
5282,1,6.06
5283,4,7.47
5284,0,6.04
5285,2,6.18
5286,4,31.1
5287,1,6.03
5288,0,6.06
5289,1,6.11
5290,0,5.99
5291,4,13.64
5292,3,6.26
5293,2,6.2
5294,1,6.08
5295,2,6.1
5296,3,6.27
5297,2,6.22
5298,4,11.39
5299,1,6.13
5300,0,5.99
5301,2,6.24
5302,2,6.2
5303,3,6.35
5304,4,7.33
5305,0,6.04
5306,3,6.54
5307,2,6.12
5308,3,6.53
5309,4,27.2
5310,0,6.24
5311,3,6.32
5312,3,6.17
5313,0,6.01
5314,0,6.09
5315,4,20.46
5316,3,6.35
5317,1,6.08
5318,4,8.77
5319,4,21.3
5320,4,7.74
5321,0,6.02
5322,2,6.32
5323,3,6.3
5324,4,25.26
5325,2,6.1
5326,0,5.98
5327,0,6.08
5328,1,6.04
5329,3,6.49
5330,1,6.05
5331,0,6.06
5332,4,7.6
5333,0,6.01
5334,0,6.07
5335,2,6.14
5336,4,6.79
5337,2,6.15
5338,2,6.14
5339,4,8.83
5340,1,6.09
5341,4,31.48
5342,2,6.14
5343,4,13.63
5344,2,6.2
5345,1,6.02
5346,3,6.49
5347,4,12.14
5348,1,6.05
5349,0,6.1
5350,0,6.03
5351,0,6.09
5352,2,6.18
5353,2,6.09
5354,2,6.14
5355,2,6.16
5356,4,35.44
5357,3,6.26
5358,2,6.18
5359,1,6.02
5360,3,6.3
5361,2,6.15
5362,2,6.23
5363,2,6.22
5364,1,6.15
5365,3,6.66
5366,1,6.07
5367,2,6.16
5368,0,6.03
5369,3,6.56
5370,0,6.05
5371,4,10.58
5372,4,6.61
5373,1,6.15
5374,1,6.09
5375,1,6.04
5376,4,35.43
5377,4,12.47
5378,2,6.1
5379,2,6.13
5380,3,8.15
5381,1,6.06
5382,2,6.18
5383,0,6.06
5384,2,6.2
5385,0,6.02
5386,4,7.59
5387,4,7.16
5388,4,10.15
5389,4,8.89
5390,1,6.08
5391,0,6.0
5392,1,6.05
5393,1,6.12
5394,3,6.64
5395,0,6.02
5396,0,6.01
5397,2,6.07
5398,4,6.66
5399,4,10.03
5400,0,6.04
5401,2,6.16
5402,3,6.23
5403,1,6.05
5404,3,6.86
5405,2,6.15
5406,1,6.05
5407,2,6.17
5408,3,6.57
5409,3,6.35
5410,4,7.1
5411,1,6.19
5412,2,6.17
5413,2,6.15
5414,4,32.55
5415,3,6.35
5416,0,6.01
5417,1,6.08
5418,1,6.15
5419,3,6.33
5420,1,6.03
5421,1,6.05
5422,0,5.93
5423,1,6.2
5424,4,9.3
5425,0,6.05
5426,4,9.34
5427,0,6.03
5428,3,6.4
5429,3,6.19
5430,1,6.07
5431,4,6.96
5432,2,6.1
5433,3,6.52
5434,0,5.97
5435,1,6.05
5436,4,19.79
5437,2,6.12
5438,4,9.8
5439,4,7.02
5440,2,6.15
5441,4,35.42
5442,1,6.03
5443,1,6.03
5444,1,6.06
5445,2,6.17
5446,2,6.23
5447,0,6.04
5448,2,6.11
5449,0,6.02
5450,2,6.22
5451,3,6.72
5452,4,7.62
5453,3,6.28
5454,2,6.12
5455,1,6.14
5456,3,6.62
5457,1,6.14
5458,1,6.15
5459,3,6.33
5460,2,6.34
5461,0,6.02
5462,0,6.06
5463,0,6.07
5464,1,6.07
5465,1,6.12
5466,3,6.48
5467,1,6.1
5468,0,6.03
5469,2,6.07
5470,3,6.34
5471,4,35.99
5472,2,6.13
5473,3,6.44
5474,4,7.0
5475,1,6.09
5476,4,6.9
5477,3,6.27
5478,3,6.25
5479,1,6.07
5480,0,6.01
5481,4,8.26
5482,1,6.11
5483,1,6.05
5484,0,6.14
5485,1,6.05
5486,0,6.1
5487,3,6.69
5488,3,6.4
5489,1,6.12
5490,4,7.69
5491,1,6.13
5492,2,6.29
5493,1,6.24
5494,3,7.05
5495,0,6.02
5496,1,6.05
5497,0,6.03
5498,3,6.2
5499,4,6.89
5500,0,6.04
5501,4,7.55
5502,1,6.03
5503,2,6.25
5504,3,6.44
5505,0,6.11
5506,1,6.14
5507,1,6.18
5508,0,6.07
5509,3,6.57
5510,3,6.83
5511,0,6.01
5512,0,6.05
5513,0,6.05
5514,4,7.41
5515,4,7.0
5516,3,6.23
5517,0,6.16
5518,4,7.4
5519,1,6.08
5520,4,7.09
5521,1,6.07
5522,0,6.13
5523,1,6.08
5524,0,6.0
5525,3,6.21
5526,1,6.04
5527,1,6.14
5528,0,6.06
5529,3,6.46
5530,3,6.47
5531,1,6.07
5532,3,6.61
5533,1,6.09
5534,4,6.92
5535,4,16.41
5536,4,9.49
5537,1,6.04
5538,1,6.1
5539,2,6.2
5540,0,6.09
5541,3,6.29
5542,4,9.15
5543,3,6.52
5544,3,6.52
5545,4,7.23
5546,0,6.05
5547,1,6.14
5548,3,6.3
5549,2,6.24
5550,2,6.14
5551,3,6.35
5552,4,7.47
5553,4,7.15
5554,0,6.04
5555,0,6.1
5556,2,6.14
5557,1,6.12
5558,2,6.15
5559,1,6.09
5560,4,12.27
5561,2,6.13
5562,4,9.37
5563,3,6.26
5564,3,6.25
5565,3,6.37
5566,0,6.04
5567,4,12.52
5568,1,6.08
5569,3,6.75
5570,1,6.11
5571,0,6.14
5572,2,6.06
5573,0,6.06
5574,3,7.88
5575,2,6.12
5576,3,6.25
5577,1,6.06
5578,3,6.72
5579,1,6.03
5580,0,6.13
5581,0,6.05
5582,2,6.07
5583,3,6.29
5584,2,6.06
5585,4,8.36
5586,0,6.09
5587,4,12.81
5588,2,6.11
5589,4,26.85
5590,0,5.98
5591,1,6.08
5592,1,6.11
5593,2,6.1
5594,3,6.2
5595,0,6.05
5596,1,6.09
5597,4,7.03
5598,2,6.14
5599,0,6.07
5600,3,6.38
5601,4,9.7
5602,2,6.11
5603,0,6.04
5604,3,6.48
5605,2,6.01
5606,3,6.36
5607,1,6.04
5608,1,6.24
5609,4,10.83
5610,1,6.09
5611,4,9.35
5612,0,6.1
5613,3,7.43
5614,2,6.09
5615,0,6.04
5616,0,6.09
5617,1,6.14
5618,3,6.2
5619,4,7.08
5620,0,6.11
5621,2,6.3
5622,4,7.23
5623,0,6.04
5624,2,6.08
5625,1,6.06
5626,4,8.05
5627,1,6.16
5628,4,8.39
5629,2,6.24
5630,0,6.09
5631,4,7.11
5632,2,6.17
5633,2,6.01
5634,1,6.13
5635,3,6.39
5636,4,23.78
5637,2,6.13
5638,3,6.38
5639,0,6.04
5640,4,7.63
5641,3,6.26
5642,2,6.15
5643,1,6.17
5644,3,6.29
5645,0,6.03
5646,0,6.05
5647,0,6.0
5648,1,6.01
5649,4,35.29
5650,0,6.01
5651,0,6.05
5652,4,10.8
5653,3,6.16
5654,3,6.19
5655,2,6.17
5656,3,6.31
5657,3,6.3
5658,1,6.14
5659,4,12.76
5660,4,8.53
5661,1,6.06
5662,3,6.34
5663,2,6.13
5664,3,6.24
5665,1,6.1
5666,0,6.0
5667,3,6.4
5668,3,6.31
5669,0,6.23
5670,4,33.39
5671,1,6.04
5672,2,6.06
5673,0,6.07
5674,3,6.83
5675,2,6.21
5676,2,6.09
5677,0,6.11
5678,2,6.15
5679,4,7.81
5680,2,6.21
5681,0,6.05
5682,1,6.04
5683,3,6.34
5684,0,6.11
5685,0,6.13
5686,1,6.09
5687,3,6.34
5688,4,8.22
5689,0,6.09
5690,3,6.21
5691,3,6.32
5692,1,6.1
5693,2,6.1
5694,0,6.02
5695,2,6.22
5696,2,6.25
5697,1,6.05
5698,3,6.48
5699,0,6.14
5700,1,6.07
5701,1,6.18
5702,0,6.03
5703,2,6.18
5704,1,6.14
5705,0,6.05
5706,3,6.45
5707,4,8.92
5708,2,6.17
5709,0,6.03
5710,2,6.18
5711,1,6.11
5712,4,7.19
5713,3,6.47
5714,2,6.16
5715,0,5.96
5716,1,6.13
5717,1,6.09
5718,0,6.07
5719,4,10.31
5720,1,6.06
5721,1,6.1
5722,2,6.12
5723,0,6.16
5724,1,6.03
5725,3,6.33
5726,1,6.07
5727,2,6.16
5728,4,7.03
5729,3,6.38
5730,4,7.6
5731,0,6.01
5732,2,6.22
5733,0,6.01
5734,1,6.17
5735,2,6.18
5736,1,6.08
5737,2,6.14
5738,4,7.0
5739,0,6.03
5740,2,6.24
5741,0,6.13
5742,4,18.63
5743,2,6.18
5744,0,6.0
5745,2,6.13
5746,2,6.15
5747,0,6.21
5748,3,6.27
5749,0,6.05
5750,3,6.47
5751,0,6.07
5752,3,6.23
5753,3,6.32
5754,3,6.35
5755,2,6.26
5756,1,6.13
5757,4,8.81
5758,0,6.02
5759,1,6.04
5760,2,6.25
5761,3,6.28
5762,1,6.08
5763,2,6.22
5764,3,6.33
5765,3,6.4
5766,4,8.91
5767,4,10.59
5768,0,6.03
5769,3,6.31
5770,0,6.1
5771,2,6.09
5772,2,6.13
5773,2,6.11
5774,2,6.13
5775,3,6.3
5776,1,6.04
5777,4,8.17
5778,2,6.13
5779,0,6.06
5780,1,6.03
5781,0,6.01
5782,2,6.32
5783,4,7.36
5784,3,6.47
5785,3,6.42
5786,4,10.7
5787,1,6.05
5788,0,5.99
5789,2,6.2
5790,0,6.01
5791,3,6.4
5792,4,17.13
5793,3,6.18
5794,0,6.05
5795,0,6.12
5796,4,9.1
5797,1,6.12
5798,2,6.15
5799,2,6.13
5800,3,6.43
5801,1,6.08
5802,4,32.53
5803,3,6.33
5804,3,6.31
5805,4,35.99
5806,0,6.02
5807,1,6.15
5808,3,6.17
5809,1,6.14
5810,4,10.86
5811,3,6.28
5812,1,6.05
5813,1,6.06
5814,2,6.24
5815,1,6.03
5816,1,6.01
5817,4,10.5
5818,0,5.99
5819,0,6.12
5820,4,7.35
5821,2,6.09
5822,2,6.11
5823,3,6.43
5824,0,6.09
5825,1,6.1
5826,1,6.08
5827,3,6.47
5828,1,6.09
5829,3,6.21
5830,3,6.27
5831,2,6.16
5832,3,6.24
5833,1,6.07
5834,2,6.12
5835,3,6.23
5836,1,6.08
5837,4,7.47
5838,1,6.07
5839,2,6.18
5840,1,6.03
5841,4,35.21
5842,3,6.22
5843,1,6.07
5844,4,10.31
5845,4,9.24
5846,0,6.16
5847,0,6.1
5848,2,6.29
5849,3,6.36
5850,1,6.07
5851,3,6.38
5852,1,6.2
5853,4,14.22
5854,1,6.07
5855,2,6.21
5856,4,7.6
5857,4,6.79
5858,4,8.14
5859,0,6.08
5860,0,6.06
5861,1,6.09
5862,0,6.05
5863,1,6.13
5864,0,6.02
5865,1,6.17
5866,0,6.03
5867,4,10.45
5868,0,6.1
5869,0,6.06
5870,1,6.11
5871,0,5.99
5872,4,27.31
5873,2,6.29
5874,1,6.16
5875,3,6.66
5876,3,6.26
5877,4,10.48
5878,4,7.94
5879,3,6.8
5880,2,6.22
5881,4,21.16
5882,0,6.12
5883,1,6.13
5884,2,6.06
5885,0,6.03
5886,2,6.17
5887,2,6.15
5888,4,6.83
5889,1,6.15
5890,3,6.2
5891,2,6.05
5892,1,6.07
5893,2,6.2
5894,0,6.12
5895,4,7.39
5896,3,8.16
5897,4,7.95
5898,0,6.09
5899,1,6.08
5900,0,6.04
5901,4,34.99
5902,0,6.14
5903,1,6.16
5904,2,6.09
5905,1,6.06
5906,4,9.44
5907,3,6.44
5908,4,35.99
5909,2,6.26
5910,1,6.1
5911,4,7.45
5912,2,6.12
5913,4,6.5
5914,3,6.29
5915,0,6.01
5916,3,6.52
5917,0,6.11
5918,1,6.03
5919,0,6.11
5920,1,6.11
5921,2,6.24
5922,2,6.14
5923,1,6.03
5924,1,6.07
5925,0,6.04
5926,4,10.22
5927,2,6.23
5928,1,6.05
5929,2,6.13
5930,3,6.72
5931,1,6.06
5932,1,6.16
5933,0,6.07
5934,1,6.15
5935,0,6.03
5936,3,6.42
5937,0,6.07
5938,2,6.2
5939,0,6.05
5940,4,6.95
5941,3,6.43
5942,4,12.15
5943,3,6.53
5944,4,7.14
5945,0,6.01
5946,3,6.16
5947,2,6.15
5948,2,6.11
5949,1,6.1
5950,4,9.15
5951,1,6.08
5952,2,6.1
5953,2,6.12
5954,4,9.51
5955,4,7.12
5956,2,6.14
5957,1,6.21
5958,0,6.05
5959,0,6.08
5960,1,6.15
5961,3,6.43
5962,0,6.01
5963,1,6.1
5964,4,8.62
5965,1,6.07
5966,1,6.16
5967,4,11.69
5968,3,6.28
5969,2,6.09
5970,0,6.07
5971,0,6.04
5972,3,6.24
5973,4,9.46
5974,2,6.3
5975,4,24.76
5976,0,6.06
5977,2,6.16
5978,0,6.01
5979,2,6.07
5980,2,6.16
5981,0,6.05
5982,2,6.15
5983,0,6.1
5984,3,6.51
5985,2,6.16
5986,3,6.45
5987,3,6.14
5988,3,7.78
5989,3,6.55
5990,1,6.05
5991,0,6.04
5992,3,7.07
5993,3,6.83
5994,4,6.9
5995,1,6.09
5996,4,7.16
5997,0,5.99
5998,2,6.13
5999,3,6.67
6000,2,6.23
6001,3,6.27
6002,3,6.45
6003,2,6.16
6004,2,6.24
6005,3,6.19
6006,4,35.73
6007,0,6.03
6008,2,6.12
6009,2,6.16
6010,0,6.03
6011,3,6.23
6012,4,10.2
6013,0,6.07
6014,2,6.24
6015,0,6.06
6016,0,6.04
6017,1,6.08
6018,4,7.03
6019,4,7.47
6020,3,6.26
6021,4,27.72
6022,4,21.23
6023,0,6.02
6024,3,6.92
6025,4,7.19
6026,1,6.12
6027,2,6.17
6028,4,7.83
6029,1,6.09
6030,2,6.28
6031,4,9.3
6032,1,6.09
6033,1,6.08
6034,2,6.11
6035,4,14.99
6036,1,6.06
6037,0,6.04
6038,0,6.06
6039,3,6.3
6040,3,6.57
6041,2,6.21
6042,3,6.29
6043,0,6.04
6044,0,6.02
6045,3,6.6
6046,4,7.7
6047,4,35.15
6048,0,6.15
6049,3,6.22
6050,1,6.26
6051,0,6.07
6052,3,6.55
6053,3,6.43
6054,2,6.06
6055,3,6.71
6056,0,6.07
6057,2,6.21
6058,4,6.75
6059,4,13.81
6060,4,6.7
6061,0,6.02
6062,1,6.24
6063,1,6.07
6064,4,7.07
6065,2,6.26
6066,3,6.2
6067,3,6.66
6068,0,6.13
6069,1,6.05
6070,1,6.06
6071,0,6.09
6072,1,6.04
6073,3,8.06
6074,4,8.35
6075,4,8.89
6076,1,6.1
6077,1,6.05
6078,3,6.15
6079,4,8.99
6080,1,6.08
6081,2,6.2
6082,0,5.99
6083,3,6.33
6084,3,6.19
6085,3,8.15
6086,4,19.45
6087,2,6.15
6088,2,6.21
6089,3,6.34
6090,2,6.17
6091,1,6.46
6092,1,6.12
6093,1,6.14
6094,2,6.24
6095,0,6.08
6096,3,6.16
6097,0,6.09
6098,1,6.14
6099,3,7.96
6100,3,6.21
6101,4,9.48
6102,1,6.12
6103,3,6.29
6104,0,6.02
6105,4,11.25
6106,2,6.19
6107,0,6.04
6108,0,6.04
6109,0,6.03
6110,1,6.04
6111,4,13.79
6112,0,6.02
6113,2,6.13
6114,2,6.06
6115,1,6.07
6116,0,6.05
6117,4,7.36
6118,2,6.29
6119,0,6.04
6120,3,6.24
6121,2,6.07
6122,1,6.04
6123,2,6.11
6124,0,6.01
6125,4,31.38
6126,1,6.12
6127,0,6.05
6128,2,6.14
6129,1,6.08
6130,3,6.31
6131,1,6.11
6132,1,6.12
6133,4,7.55
6134,3,6.43
6135,3,6.27
6136,0,6.05
6137,4,35.44
6138,4,8.35
6139,1,6.17
6140,4,13.24
6141,0,6.0
6142,2,6.19
6143,3,6.18
6144,2,6.24
6145,1,6.07
6146,2,6.18
6147,1,6.1
6148,2,6.09
6149,3,6.42
6150,1,6.09
6151,4,21.43
6152,1,6.08
6153,4,6.69
6154,1,6.07
6155,3,6.34
6156,4,7.29
6157,0,5.99
6158,2,6.23
6159,3,6.82
6160,4,11.87
6161,3,6.43
6162,3,6.24
6163,0,6.05
6164,4,7.53
6165,0,6.01
6166,3,6.29
6167,3,6.22
6168,1,6.14
6169,4,11.71
6170,3,6.5
6171,0,6.03
6172,4,19.05
6173,0,6.12
6174,3,6.22
6175,3,6.79
6176,1,6.1
6177,2,6.08
6178,3,6.18
6179,1,6.1
6180,1,6.06
6181,2,6.24
6182,3,6.75
6183,2,6.28
6184,1,6.04
6185,2,6.08
6186,1,6.13
6187,4,9.84
6188,0,6.06
6189,3,6.3
6190,2,6.11
6191,4,19.46
6192,3,6.65
6193,2,6.09
6194,4,9.16
6195,2,6.05
6196,2,6.07
6197,0,6.08
6198,4,10.03
6199,3,6.21
6200,3,6.84
6201,4,11.13
6202,2,6.12
6203,0,6.03
6204,3,6.22
6205,2,6.13
6206,3,6.36
6207,1,6.09
6208,1,6.05
6209,3,6.23
6210,1,6.22
6211,3,6.31
6212,0,6.04
6213,4,35.35
6214,4,13.08
6215,3,6.22
6216,0,6.11
6217,3,6.2
6218,0,6.07
6219,3,6.69
6220,4,35.49
6221,4,7.04
6222,2,6.16
6223,0,6.04
6224,3,6.38
6225,1,6.11
6226,2,6.14
6227,2,6.21
6228,2,6.17
6229,3,6.52
6230,3,6.25
6231,4,6.78
6232,0,6.01
6233,4,15.94
6234,4,7.81
6235,0,6.08
6236,4,35.74
6237,3,6.28
6238,3,6.34
6239,4,24.59
6240,1,6.15
6241,2,6.22
6242,1,6.05
6243,3,8.09
6244,4,7.25
6245,1,6.09
6246,0,6.04
6247,3,6.6
6248,0,6.09
6249,4,9.68
6250,0,6.02
6251,0,6.07
6252,4,10.57
6253,0,6.02
6254,4,9.45
6255,1,6.05
6256,2,6.12
6257,2,6.23
6258,0,6.14
6259,3,6.41
6260,0,6.07
6261,2,6.1
6262,3,6.44
6263,2,6.11
6264,2,6.16
6265,3,6.12
6266,2,6.22
6267,1,6.08
6268,0,6.02
6269,1,6.09
6270,0,6.06
6271,2,6.15
6272,4,8.05
6273,4,6.97
6274,0,6.0
6275,4,10.02
6276,0,6.03
6277,4,35.67
6278,4,8.47
6279,2,6.19
6280,4,9.93
6281,4,8.51
6282,4,9.58
6283,2,6.22
6284,1,6.13
6285,1,6.03
6286,3,6.58
6287,4,7.45
6288,3,7.0
6289,0,6.08
6290,0,6.05
6291,4,11.05
6292,1,6.05
6293,3,6.78
6294,3,6.18
6295,2,6.21
6296,2,6.14
6297,1,6.06
6298,4,22.74
6299,4,7.77
6300,3,6.36
6301,3,8.37
6302,1,6.14
6303,3,6.3
6304,1,6.21
6305,3,6.3
6306,4,7.5
6307,0,6.1
6308,4,8.43
6309,4,10.95
6310,1,6.07
6311,4,12.91
6312,0,5.99
6313,2,6.16
6314,3,6.65
6315,2,6.25
6316,4,27.31
6317,3,6.35
6318,4,7.34
6319,3,6.63
6320,1,6.03
6321,4,15.24
6322,1,6.19
6323,1,6.17
6324,1,6.05
6325,0,6.06
6326,4,6.66
6327,1,6.08
6328,1,6.12
6329,3,6.5
6330,4,7.05
6331,0,6.17
6332,3,6.66
6333,2,6.24
6334,3,6.68
6335,1,6.16
6336,0,6.02
6337,0,6.09
6338,1,6.12
6339,3,6.39
6340,2,6.2
6341,3,6.32
6342,3,6.63
6343,1,6.05
6344,2,6.26
6345,4,7.74
6346,0,6.01
6347,2,6.1
6348,1,6.07
6349,0,6.21
6350,4,6.59
6351,0,6.09
6352,3,6.22
6353,1,6.05
6354,1,6.03
6355,0,6.07
6356,0,6.0
6357,2,6.11
6358,0,6.04
6359,3,6.67
6360,0,6.06
6361,1,6.07
6362,4,7.64
6363,1,6.12
6364,3,6.2
6365,4,20.46
6366,1,6.14
6367,4,8.82
6368,0,6.12
6369,3,6.25
6370,3,6.15
6371,2,6.36
6372,3,6.26
6373,2,6.24
6374,2,6.11
6375,1,6.07
6376,2,6.15
6377,4,6.75
6378,2,6.27
6379,2,6.14
6380,4,12.16
6381,4,6.91
6382,0,6.04
6383,4,25.48
6384,0,6.08
6385,0,6.04
6386,3,6.42
6387,0,6.09
6388,1,6.19
6389,1,6.04
6390,2,6.03
6391,3,6.49
6392,4,7.24
6393,1,6.11
6394,3,6.99
6395,0,6.02
6396,4,8.12
6397,0,6.08
6398,1,6.06
6399,1,6.04
6400,4,7.33
6401,0,6.07
6402,3,6.45
6403,0,6.02
6404,4,9.6
6405,3,6.32
6406,3,6.25
6407,2,6.12
6408,1,6.1
6409,0,5.99
6410,2,6.15
6411,1,6.05
6412,3,6.58
6413,1,6.22
6414,4,9.3
6415,0,6.06
6416,0,6.07
6417,0,6.1
6418,0,6.05
6419,1,6.07
6420,2,6.06
6421,4,10.16
6422,2,6.17
6423,1,6.08
6424,4,13.15
6425,4,8.02
6426,4,6.74
6427,0,6.09
6428,2,6.11
6429,2,6.12
6430,2,6.26
6431,2,6.23
6432,3,6.45
6433,4,7.44
6434,0,6.03
6435,2,6.23
6436,2,6.22
6437,2,6.17
6438,1,6.01
6439,1,6.05
6440,0,6.03
6441,0,6.08
6442,2,6.4
6443,2,6.18
6444,2,6.14
6445,3,6.2
6446,3,6.29
6447,4,7.11
6448,0,6.01
6449,4,8.85
6450,0,6.0
6451,4,27.93
6452,2,6.1
6453,2,6.28
6454,4,7.24
6455,4,7.59
6456,4,7.15
6457,1,6.09
6458,2,6.18
6459,3,8.07
6460,2,6.21
6461,1,6.12
6462,0,6.11
6463,4,34.94
6464,3,6.25
6465,3,6.36
6466,0,6.05
6467,3,6.68
6468,0,6.05
6469,0,6.09
6470,1,6.13
6471,4,6.94
6472,4,10.49
6473,4,7.15
6474,3,6.51
6475,0,6.02
6476,1,6.12
6477,1,6.04
6478,3,6.28
6479,3,6.32
6480,0,6.09
6481,1,6.12
6482,0,6.0
6483,4,11.64
6484,1,6.01
6485,3,6.49
6486,3,6.24
6487,1,6.04
6488,3,6.36
6489,1,6.16
6490,2,6.14
6491,3,6.31
6492,0,6.05
6493,0,6.1
6494,4,9.81
6495,4,11.03
6496,4,6.96
6497,3,6.17
6498,2,6.17
6499,0,6.08
6500,1,6.05
6501,0,6.04
6502,0,6.26
6503,1,6.02
6504,2,6.18
6505,2,6.15
6506,3,6.48
6507,1,6.1
6508,4,9.31
6509,3,6.27
6510,3,6.27
6511,1,6.21
6512,1,6.09
6513,0,6.07
6514,1,5.98
6515,1,6.15
6516,0,6.09
6517,1,6.08
6518,3,6.2
6519,2,6.09
6520,4,11.93
6521,1,6.04
6522,2,6.09
6523,3,6.19
6524,2,6.19
6525,4,8.64
6526,0,6.05
6527,1,6.1
6528,3,6.28
6529,1,6.1
6530,1,6.09
6531,4,6.75
6532,0,5.98
6533,2,6.15
6534,2,6.13
6535,3,6.45
6536,4,7.11
6537,3,6.12
6538,1,6.08
6539,3,6.59
6540,3,6.22
6541,2,6.2
6542,3,6.22
6543,0,6.04
6544,0,6.04
6545,0,6.1
6546,0,6.07
6547,0,6.06
6548,1,6.08
6549,1,6.06
6550,3,6.14
6551,0,6.02
6552,0,5.98
6553,0,6.05
6554,1,6.04
6555,3,6.42
6556,2,6.2
6557,1,6.09
6558,2,6.11
6559,4,15.3
6560,0,6.01
6561,4,35.18
6562,0,6.04
6563,3,6.3
6564,1,6.09
6565,3,6.52
6566,4,7.71
6567,0,6.1
6568,1,6.05
6569,3,6.23
6570,2,6.13
6571,2,6.19
6572,1,6.08
6573,2,6.12
6574,1,6.08
6575,0,5.98
6576,0,6.01
6577,1,6.11
6578,1,6.06
6579,3,6.99
6580,2,6.1
6581,3,6.26
6582,2,6.27
6583,1,6.07
6584,2,6.11
6585,1,6.05
6586,3,6.6
6587,1,6.09
6588,0,5.98
6589,2,6.13
6590,3,6.69
6591,1,6.09
6592,2,6.18
6593,1,6.02
6594,4,9.41
6595,0,6.03
6596,4,12.6
6597,0,6.05
6598,1,6.11
6599,3,6.32
6600,1,6.06
6601,3,6.27
6602,4,6.86
6603,2,6.17
6604,2,6.22
6605,1,6.07
6606,3,6.49
6607,3,6.5
6608,3,6.57
6609,2,6.14
6610,1,6.11
6611,0,6.1
6612,3,6.29
6613,0,6.07
6614,3,6.23
6615,2,6.08
6616,1,6.07
6617,2,6.22
6618,4,7.26
6619,2,6.09
6620,4,7.46
6621,2,6.09
6622,2,6.05
6623,2,6.03
6624,0,6.05
6625,4,13.05
6626,2,6.22
6627,4,15.63
6628,4,7.06
6629,1,6.02
6630,4,8.72
6631,2,6.12
6632,1,6.08
6633,1,6.08
6634,4,7.36
6635,3,6.19
6636,0,6.08
6637,3,6.26
6638,0,6.1
6639,4,8.71
6640,2,6.25
6641,0,6.02
6642,0,6.04
6643,4,6.99
6644,1,6.07
6645,3,6.24
6646,2,6.15
6647,2,6.08
6648,2,6.11
6649,1,6.17
6650,2,6.28
6651,1,6.08
6652,1,6.04
6653,1,6.03
6654,3,6.76
6655,4,8.09
6656,3,6.5
6657,2,6.08
6658,3,6.27
6659,2,6.18
6660,0,6.1
6661,1,6.07
6662,4,8.59
6663,2,6.09
6664,4,7.45
6665,4,8.39
6666,1,6.05
6667,2,6.04
6668,0,6.14
6669,2,6.22
6670,2,6.11
6671,0,6.05
6672,1,6.07
6673,2,6.16
6674,1,6.06
6675,2,6.15
6676,3,6.44
6677,1,6.08
6678,3,6.24
6679,0,6.06
6680,4,7.57
6681,4,10.42
6682,2,6.15
6683,2,6.21
6684,4,8.2
6685,3,6.36
6686,0,6.1
6687,0,6.02
6688,2,6.44
6689,0,6.06
6690,3,6.96
6691,0,6.03
6692,0,6.03
6693,2,6.17
6694,2,6.23
6695,2,6.15
6696,4,6.71
6697,1,6.11
6698,0,6.03
6699,1,6.07
6700,2,6.27
6701,2,6.17
6702,2,6.13
6703,4,6.96
6704,4,17.87
6705,1,6.04
6706,0,6.02
6707,4,9.37
6708,3,6.23
6709,3,6.19
6710,3,6.29
6711,1,6.06
6712,2,6.14
6713,1,6.11
6714,4,8.07
6715,0,6.01
6716,0,6.13
6717,2,6.18
6718,3,6.55
6719,3,6.37
6720,3,6.28
6721,3,6.21
6722,2,6.09
6723,0,6.07
6724,3,6.26
6725,0,6.12
6726,0,6.04
6727,1,6.17
6728,3,6.52
6729,1,6.17
6730,0,6.02
6731,0,6.07
6732,2,6.13
6733,3,6.75
6734,3,6.23
6735,1,6.05
6736,3,6.19
6737,1,6.19
6738,3,6.28
6739,0,6.13
6740,0,6.1
6741,1,6.12
6742,0,6.04
6743,0,6.13
6744,0,6.11
6745,2,6.11
6746,2,6.15
6747,0,6.04
6748,0,6.08
6749,4,10.65
6750,4,9.0
6751,1,6.05
6752,1,6.05
6753,1,6.07
6754,0,6.08
6755,0,6.01
6756,4,8.09
6757,2,6.17
6758,1,6.14
6759,3,6.76
6760,2,6.21
6761,3,6.6
6762,3,6.46
6763,4,8.39
6764,3,6.47
6765,0,6.03
6766,4,7.45
6767,1,6.06
6768,1,6.05
6769,4,13.18
6770,2,6.12
6771,4,8.75
6772,0,6.1
6773,4,14.05
6774,0,6.03
6775,1,6.16
6776,1,6.13
6777,3,6.21
6778,0,6.07
6779,0,6.04
6780,3,6.52
6781,2,6.17
6782,2,6.18
6783,3,6.25
6784,0,6.11
6785,1,6.02
6786,4,6.81
6787,4,13.08
6788,2,6.15
6789,3,6.32
6790,3,6.24
6791,3,6.22
6792,1,6.04
6793,0,5.99
6794,3,6.62
6795,3,6.6
6796,3,6.51
6797,3,6.95
6798,1,6.09
6799,4,7.33
6800,3,6.36
6801,3,6.35
6802,0,6.15
6803,1,6.04
6804,0,6.03
6805,1,6.15
6806,3,6.54
6807,4,6.74
6808,3,6.68
6809,1,6.09
6810,1,6.21
6811,1,6.14
6812,4,9.34
6813,4,17.44
6814,0,6.09
6815,3,7.0
6816,2,6.31
6817,3,6.54
6818,2,6.06
6819,4,8.12
6820,2,6.16
6821,0,6.12
6822,4,8.96
6823,4,7.44
6824,0,6.26
6825,2,6.18
6826,0,6.06
6827,1,6.11
6828,3,6.78
6829,4,7.7
6830,1,6.05
6831,1,6.19
6832,2,6.08
6833,2,6.08
6834,3,6.35
6835,1,6.07
6836,3,6.62
6837,1,6.09
6838,0,6.07
6839,0,6.01
6840,3,6.45
6841,4,7.4
6842,4,8.93
6843,4,8.17
6844,3,6.3
6845,3,6.48
6846,4,6.91
6847,0,6.14
6848,4,7.85
6849,1,6.08
6850,4,6.51
6851,0,6.08
6852,3,6.37
6853,1,6.06
6854,1,6.06
6855,3,6.38
6856,4,7.86
6857,2,6.15
6858,4,7.02
6859,1,6.13
6860,0,6.03
6861,0,6.1
6862,1,6.05
6863,0,6.04
6864,2,6.17
6865,2,6.14
6866,3,6.81
6867,3,6.39
6868,1,6.11
6869,1,6.05
6870,0,6.05
6871,2,6.08
6872,1,6.08
6873,1,6.07
6874,4,15.16
6875,3,6.14
6876,4,10.61
6877,1,6.09
6878,2,6.08
6879,1,6.04
6880,4,6.56
6881,3,6.17
6882,3,6.33
6883,4,9.58
6884,4,10.76
6885,3,6.31
6886,0,6.04
6887,3,6.21
6888,4,11.62
6889,0,6.08
6890,3,6.66
6891,1,6.06
6892,0,6.01
6893,4,10.37
6894,4,7.33
6895,4,7.81
6896,0,6.02
6897,0,6.0
6898,4,6.83
6899,1,6.03
6900,0,6.07
6901,3,6.35
6902,3,6.52
6903,1,6.1
6904,4,8.53
6905,2,6.15
6906,2,6.13
6907,2,6.22
6908,4,7.51
6909,0,6.09
6910,1,6.08
6911,2,6.15
6912,2,6.39
6913,2,6.26
6914,4,13.22
6915,2,6.19
6916,1,6.06
6917,1,6.1
6918,3,6.25
6919,0,6.03
6920,4,35.43
6921,0,5.99
6922,4,9.78
6923,4,7.88
6924,0,6.02
6925,0,6.01
6926,3,6.51
6927,4,7.04
6928,4,14.69
6929,4,15.5
6930,3,6.34
6931,1,6.09
6932,1,6.12
6933,3,6.78
6934,3,6.17
6935,2,6.14
6936,4,7.6
6937,0,6.11
6938,3,6.43
6939,4,18.1
6940,3,7.15
6941,3,6.67
6942,0,6.09
6943,4,7.53
6944,0,6.1
6945,1,6.11
6946,4,7.36
6947,0,6.15
6948,3,6.15
6949,4,7.37
6950,3,6.72
6951,0,6.03
6952,4,6.76
6953,0,6.1
6954,4,6.6
6955,1,6.13
6956,3,6.57
6957,2,6.04
6958,0,6.08
6959,2,6.11
6960,1,6.06
6961,2,6.09
6962,0,6.09
6963,3,6.32
6964,1,6.04
6965,3,6.43
6966,3,6.17
6967,1,6.06
6968,0,6.06
6969,0,6.07
6970,4,12.63
6971,3,6.55
6972,2,6.24
6973,3,6.79
6974,1,6.09
6975,1,6.13
6976,1,6.06
6977,3,6.58
6978,2,6.14
6979,4,10.9
6980,2,6.15
6981,3,6.48
6982,4,8.61
6983,4,9.0
6984,0,6.01
6985,1,6.08
6986,1,6.05
6987,2,6.14
6988,1,6.1
6989,2,6.23
6990,4,7.03
6991,4,7.58
6992,3,6.24
6993,2,6.16
6994,2,6.12
6995,0,6.04
6996,4,10.2
6997,1,6.05
6998,4,7.07
6999,3,6.27
7000,1,6.19
7001,2,6.11
7002,1,6.12
7003,1,6.08
7004,3,6.41
7005,0,6.0
7006,1,6.08
7007,4,6.94
7008,1,6.11
7009,0,6.08
7010,1,6.11
7011,0,6.05
7012,2,6.17
7013,4,9.48
7014,1,6.13
7015,2,6.21
7016,3,6.17
7017,1,6.03
7018,2,6.15
7019,2,6.21
7020,3,6.45
7021,4,11.31
7022,2,6.13
7023,1,6.1
7024,4,6.65
7025,2,6.14
7026,3,6.54
7027,2,6.17
7028,0,6.05
7029,3,6.31
7030,4,6.96
7031,1,6.12
7032,4,9.04
7033,0,6.01
7034,3,6.37
7035,0,6.02
7036,0,6.0
7037,4,12.09
7038,3,6.27
7039,1,6.09
7040,1,6.27
7041,4,24.15
7042,4,13.57
7043,4,7.31
7044,0,5.99
7045,4,16.57
7046,1,6.13
7047,2,6.09
7048,0,6.0
7049,0,6.06
7050,1,6.06
7051,3,6.49
7052,4,27.22
7053,3,6.52
7054,1,6.05
7055,3,6.44
7056,4,7.79
7057,3,7.82
7058,3,6.26
7059,2,6.14
7060,0,6.0
7061,3,6.64
7062,0,6.47
7063,2,6.16
7064,4,9.55
7065,1,6.24
7066,2,6.09
7067,1,6.11
7068,1,6.13
7069,2,6.14
7070,1,6.24
7071,4,26.88
7072,4,7.35
7073,4,9.99
7074,4,8.85
7075,0,6.08
7076,1,6.05
7077,2,6.2
7078,1,6.03
7079,2,6.13
7080,3,6.23
7081,2,6.1
7082,2,6.11
7083,0,6.0
7084,1,6.02
7085,1,6.16
7086,1,6.06
7087,2,6.21
7088,1,6.12
7089,0,6.09
7090,1,6.05
7091,2,6.29
7092,1,6.07
7093,4,35.55
7094,2,6.19
7095,0,6.03
7096,2,6.13
7097,3,6.2
7098,3,6.31
7099,0,5.97
7100,0,6.07
7101,0,6.02
7102,0,5.97
7103,3,6.63
7104,3,6.41
7105,1,6.14
7106,4,8.9
7107,2,6.15
7108,1,6.05
7109,4,6.88
7110,1,6.08
7111,4,7.52
7112,2,6.09
7113,2,6.16
7114,2,6.25
7115,0,6.0
7116,3,6.38
7117,0,6.02
7118,2,6.17
7119,1,6.03
7120,3,6.38
7121,0,6.04
7122,2,6.15
7123,0,6.08
7124,3,6.6
7125,3,6.25
7126,1,6.07
7127,4,10.62
7128,1,6.08
7129,2,6.12
7130,2,6.1
7131,2,6.2
7132,1,6.1
7133,1,6.08
7134,1,6.09
7135,0,6.07
7136,2,6.29
7137,0,6.09
7138,4,7.33
7139,2,6.17
7140,2,6.23
7141,0,6.1
7142,4,9.42
7143,0,6.07
7144,0,6.04
7145,4,31.15
7146,4,7.99
7147,0,6.02
7148,1,6.18
7149,0,6.04
7150,0,5.98
7151,3,6.39
7152,0,6.07
7153,1,6.12
7154,2,6.11
7155,4,8.63
7156,3,6.27
7157,4,9.16
7158,3,6.3
7159,2,6.17
7160,3,6.23
7161,2,6.16
7162,1,6.14
7163,1,6.07
7164,4,14.71
7165,0,6.02
7166,2,6.22
7167,2,6.11
7168,4,7.52
7169,3,6.35
7170,3,6.4
7171,3,6.27
7172,0,6.03
7173,3,7.5
7174,4,13.61
7175,2,6.06
7176,4,9.08
7177,0,6.02
7178,1,6.07
7179,0,6.15
7180,2,6.13
7181,3,6.33
7182,3,6.26
7183,3,6.25
7184,4,7.19
7185,2,6.11
7186,0,6.03
7187,1,6.12
7188,3,6.29
7189,1,6.05
7190,1,6.06
7191,4,11.53
7192,2,6.14
7193,2,6.24
7194,1,6.04
7195,4,6.92
7196,1,6.15
7197,3,6.16
7198,1,6.06
7199,2,6.13
7200,3,6.96
7201,4,7.25
7202,0,6.15
7203,4,14.39
7204,2,6.12
7205,3,6.35
7206,4,7.59
7207,4,9.36
7208,1,6.08
7209,4,6.92
7210,4,35.81
7211,4,9.36
7212,4,6.95
7213,3,6.57
7214,3,6.31
7215,0,6.12
7216,1,6.07
7217,2,6.15
7218,4,7.22
7219,1,6.06
7220,1,6.18
7221,0,6.02
7222,4,8.44
7223,2,6.17
7224,0,6.04
7225,1,6.07
7226,3,6.47
7227,3,6.44
7228,0,6.0
7229,2,6.25
7230,1,6.06
7231,2,6.07
7232,0,6.02
7233,3,6.29
7234,3,6.26
7235,3,6.45
7236,2,6.11
7237,1,6.08
7238,4,24.63
7239,0,6.07
7240,1,6.11
7241,3,6.45
7242,2,6.13
7243,4,7.42
7244,0,6.05
7245,1,6.08
7246,2,6.18
7247,2,6.18
7248,3,6.45
7249,4,7.8
7250,2,6.12
7251,4,12.34
7252,4,9.28
7253,2,6.18
7254,0,6.05
7255,2,6.15
7256,3,6.23
7257,1,6.08
7258,0,6.05
7259,4,9.48
7260,4,6.82
7261,4,12.05
7262,2,6.09
7263,2,6.22
7264,2,6.2
7265,0,5.99
7266,4,19.07
7267,2,6.18
7268,1,6.09
7269,3,6.16
7270,0,6.06
7271,1,6.11
7272,2,6.25
7273,4,19.01
7274,2,6.2
7275,4,20.87
7276,0,6.1
7277,2,6.16
7278,1,6.08
7279,4,6.5
7280,0,5.99
7281,0,6.04
7282,1,6.12
7283,0,6.02
7284,3,6.25
7285,4,7.92
7286,3,6.27
7287,0,5.99
7288,3,6.52
7289,1,6.05
7290,3,8.12
7291,0,6.07
7292,0,6.02
7293,1,6.24
7294,1,6.03
7295,2,6.2
7296,1,6.12
7297,4,7.24
7298,4,8.59
7299,0,6.12
7300,4,11.65
7301,4,7.19
7302,1,6.16
7303,2,6.02
7304,4,7.81
7305,3,8.04
7306,0,6.39
7307,2,6.18
7308,3,6.25
7309,4,25.75
7310,4,17.39
7311,2,6.14
7312,0,6.02
7313,1,6.13
7314,3,6.3
7315,4,13.53
7316,0,5.99
7317,4,6.91
7318,3,6.92
7319,0,6.03
7320,1,6.09
7321,0,6.07
7322,1,6.12
7323,2,6.19
7324,3,6.71
7325,3,8.11
7326,4,6.79
7327,2,6.35
7328,1,6.02
7329,0,6.0
7330,4,7.69
7331,3,6.2
7332,3,6.79
7333,0,6.0
7334,2,6.23
7335,2,6.17
7336,0,6.08
7337,3,6.65
7338,1,6.09
7339,0,6.03
7340,3,6.29
7341,4,6.75
7342,1,6.09
7343,1,6.07
7344,4,26.85
7345,4,9.28
7346,1,6.11
7347,3,6.55
7348,1,6.06
7349,3,6.72
7350,4,6.98
7351,3,6.43
7352,4,35.99
7353,2,6.21
7354,1,6.04
7355,3,6.34
7356,3,6.3
7357,1,6.04
7358,4,7.04
7359,0,6.05
7360,4,7.2
7361,2,6.08
7362,2,6.2
7363,4,6.9
7364,3,6.34
7365,4,11.49
7366,0,6.08
7367,0,5.98
7368,2,6.18
7369,3,6.21
7370,1,6.02
7371,1,6.09
7372,3,6.22
7373,4,8.07
7374,3,6.18
7375,0,6.1
7376,4,20.05
7377,1,6.2
7378,0,6.02
7379,3,8.61
7380,4,8.91
7381,2,6.08
7382,1,6.13
7383,1,6.09
7384,0,5.99
7385,3,6.42
7386,3,6.38
7387,1,6.13
7388,1,6.15
7389,2,6.12
7390,3,6.52
7391,2,6.25
7392,2,6.19
7393,0,6.07
7394,0,6.06
7395,3,6.18
7396,0,6.09
7397,3,6.49
7398,4,12.5
7399,0,6.01
7400,2,6.21
7401,1,6.03
7402,1,6.08
7403,4,35.45
7404,4,8.45
7405,3,6.33
7406,3,6.59
7407,3,6.46
7408,4,9.44
7409,3,6.62
7410,2,6.09
7411,2,6.15
7412,1,6.1
7413,0,6.09
7414,2,6.07
7415,3,6.42
7416,2,6.23
7417,2,6.42
7418,1,6.14
7419,3,6.31
7420,3,6.34
7421,2,6.1
7422,3,6.81
7423,1,6.04
7424,4,7.03
7425,1,6.12
7426,2,6.05
7427,1,6.08
7428,1,6.09
7429,3,6.65
7430,3,6.33
7431,3,8.26
7432,2,6.16
7433,1,6.05
7434,2,6.33
7435,2,6.07
7436,3,6.34
7437,4,9.24
7438,2,6.15
7439,3,6.22
7440,2,6.23
7441,3,6.23
7442,3,6.79
7443,4,9.8
7444,1,6.11
7445,4,8.41
7446,4,7.09
7447,4,7.28
7448,2,6.25
7449,3,7.72
7450,4,9.03
7451,4,9.95
7452,1,6.12
7453,2,6.1
7454,3,6.5
7455,4,10.45
7456,0,6.14
7457,2,6.09
7458,0,6.01
7459,4,27.29
7460,4,17.52
7461,1,6.07
7462,3,6.22
7463,4,6.94
7464,2,6.18
7465,1,6.1
7466,2,6.07
7467,0,6.03
7468,3,6.37
7469,3,6.41
7470,0,6.1
7471,4,7.45
7472,2,6.2
7473,1,6.05
7474,3,6.42
7475,4,14.37
7476,0,6.17
7477,0,6.06
7478,4,8.05
7479,3,6.19
7480,2,6.28
7481,1,6.13
7482,1,6.07
7483,4,7.15
7484,3,6.28
7485,2,6.09
7486,0,6.08
7487,3,6.16
7488,4,11.76
7489,0,6.05
7490,4,12.03
7491,0,6.02
7492,4,11.35
7493,1,6.1
7494,2,6.15
7495,4,7.81
7496,3,6.2
7497,0,5.99
7498,3,6.68
7499,4,12.83
7500,0,6.08
7501,4,14.43
7502,0,6.0
7503,3,6.25
7504,2,6.12
7505,1,6.03
7506,2,6.13
7507,1,6.15
7508,2,6.26
7509,0,5.97
7510,0,6.13
7511,3,6.28
7512,2,6.12
7513,0,6.13
7514,0,6.06
7515,0,6.0
7516,4,8.13
7517,0,6.03
7518,0,6.07
7519,4,20.46
7520,3,6.27
7521,1,6.07
7522,4,17.57
7523,3,6.78
7524,4,10.16
7525,4,7.07
7526,4,6.88
7527,2,6.1
7528,3,6.16
7529,1,6.03
7530,2,6.24
7531,3,6.37
7532,0,6.1
7533,3,6.44
7534,3,6.29
7535,3,6.53
7536,3,6.42
7537,2,6.23
7538,0,6.01
7539,4,11.27
7540,1,6.12
7541,1,6.03
7542,3,6.68
7543,0,6.1
7544,4,11.42
7545,3,6.13
7546,0,6.04
7547,1,6.11
7548,2,6.16
7549,3,6.22
7550,3,6.63
7551,4,8.7
7552,1,6.1
7553,0,6.03
7554,1,6.04
7555,2,6.12
7556,3,6.53
7557,2,6.37
7558,2,6.06
7559,1,6.07
7560,4,7.37
7561,3,6.41
7562,1,6.06
7563,0,6.07
7564,1,6.05
7565,1,6.07
7566,3,6.16
7567,1,6.19
7568,1,6.13
7569,0,6.05
7570,1,6.14
7571,2,6.05
7572,4,7.7
7573,0,6.06
7574,2,6.14
7575,1,6.03
7576,1,6.01
7577,4,10.45
7578,3,6.27
7579,3,6.51
7580,4,9.68
7581,1,6.31
7582,0,6.04
7583,3,6.18
7584,1,6.04
7585,0,5.99
7586,1,6.11
7587,3,6.26
7588,0,6.08
7589,3,6.26
7590,3,6.25
7591,2,6.18
7592,1,6.15
7593,1,6.03
7594,2,6.09
7595,4,6.96
7596,2,6.16
7597,3,6.48
7598,3,6.18
7599,2,6.09
7600,3,6.26
7601,1,6.06
7602,3,6.4
7603,1,6.11
7604,2,6.11
7605,3,6.27
7606,2,6.23
7607,1,6.07
7608,0,6.0
7609,1,6.21
7610,3,6.16
7611,4,11.16
7612,4,7.35
7613,0,6.09
7614,4,11.03
7615,1,6.11
7616,3,6.24
7617,1,6.13
7618,3,6.41
7619,3,6.2
7620,3,6.48
7621,4,7.7
7622,1,6.04
7623,0,6.0
7624,1,6.05
7625,0,6.02
7626,0,6.01
7627,3,6.83
7628,0,6.03
7629,1,6.11
7630,2,6.17
7631,0,6.02
7632,2,6.21
7633,4,7.39
7634,3,6.33
7635,1,6.04
7636,4,9.97
7637,4,7.69
7638,1,6.08
7639,0,5.99
7640,2,6.11
7641,0,6.05
7642,0,6.1
7643,3,6.48
7644,1,6.17
7645,0,6.03
7646,2,6.1
7647,4,10.08
7648,3,6.24
7649,4,14.95
7650,0,6.02
7651,2,6.22
7652,0,6.01
7653,3,6.64
7654,2,6.08
7655,4,6.85
7656,4,31.78
7657,1,6.08
7658,0,6.05
7659,1,6.04
7660,0,6.03
7661,3,6.61
7662,4,12.55
7663,1,6.06
7664,3,6.42
7665,0,6.05
7666,0,6.05
7667,2,6.14
7668,3,6.15
7669,0,6.07
7670,1,6.09
7671,1,6.07
7672,0,6.03
7673,2,6.24
7674,0,6.07
7675,4,8.88
7676,2,6.16
7677,0,6.13
7678,2,6.11
7679,3,7.08
7680,3,6.26
7681,0,6.02
7682,1,6.08
7683,1,6.05
7684,4,31.41
7685,0,6.07
7686,1,6.07
7687,3,6.74
7688,3,6.25
7689,0,6.1
7690,0,6.14
7691,1,6.13
7692,1,6.08
7693,3,6.68
7694,2,6.17
7695,0,6.01
7696,1,6.09
7697,4,7.86
7698,4,9.75
7699,2,6.21
7700,1,6.18
7701,2,6.11
7702,3,6.62
7703,0,6.11
7704,4,8.66
7705,4,12.07
7706,3,6.24
7707,2,6.15
7708,0,6.01
7709,2,6.14
7710,3,6.52
7711,0,6.05
7712,2,6.02
7713,4,6.99
7714,4,8.42
7715,0,6.09
7716,0,6.03
7717,3,6.24
7718,0,6.01
7719,2,6.27
7720,0,6.08
7721,4,10.52
7722,2,6.17
7723,1,6.1
7724,3,6.19
7725,4,14.01
7726,1,6.12
7727,4,35.04
7728,1,6.04
7729,0,6.15
7730,0,6.0
7731,3,8.42
7732,0,6.1
7733,1,6.19
7734,2,6.17
7735,3,6.7
7736,3,6.24
7737,1,6.04
7738,2,6.18
7739,0,6.07
7740,1,6.13
7741,1,6.06
7742,2,6.17
7743,2,6.03
7744,0,6.08
7745,0,6.05
7746,0,6.02
7747,1,6.06
7748,2,6.18
7749,3,6.23
7750,2,6.17
7751,0,6.07
7752,2,6.18
7753,0,6.1
7754,2,6.49
7755,4,9.19
7756,4,12.3
7757,3,6.34
7758,3,6.42
7759,2,6.13
7760,4,7.31
7761,2,6.14
7762,2,6.22
7763,3,6.34
7764,3,6.43
7765,0,6.03
7766,4,29.29
7767,0,6.02
7768,1,6.04
7769,1,6.04
7770,3,6.34
7771,0,5.99
7772,2,6.2
7773,3,6.48
7774,4,7.43
7775,2,6.11
7776,1,6.07
7777,0,6.09
7778,1,6.05
7779,2,6.27
7780,4,6.55
7781,0,6.02
7782,1,6.04
7783,4,9.87
7784,4,15.52
7785,1,6.02
7786,1,6.07
7787,3,6.31
7788,4,9.13
7789,1,6.15
7790,2,6.21
7791,2,6.14
7792,1,6.2
7793,4,7.36
7794,0,6.02
7795,1,6.09
7796,2,6.18
7797,2,6.09
7798,4,8.55
7799,0,6.01
7800,3,6.52
7801,1,6.07
7802,2,6.21
7803,2,6.18
7804,1,6.14
7805,3,6.3
7806,2,6.11
7807,1,6.06
7808,3,6.84
7809,3,6.74
7810,2,6.16
7811,2,6.19
7812,4,34.97
7813,0,6.0
7814,3,6.22
7815,2,6.19
7816,4,35.56
7817,4,7.07
7818,2,6.16
7819,4,8.01
7820,1,6.21
7821,3,6.88
7822,0,6.08
7823,4,35.41
7824,1,6.16
7825,3,6.65
7826,4,21.63
7827,0,6.05
7828,2,6.15
7829,3,6.38
7830,3,6.56
7831,3,6.38
7832,2,6.1
7833,4,8.46
7834,1,6.09
7835,4,9.75
7836,2,6.14
7837,2,6.12
7838,4,29.28
7839,0,6.05
7840,0,5.98
7841,3,6.82
7842,2,6.31
7843,2,6.22
7844,4,7.82
7845,3,6.31
7846,1,6.04
7847,2,6.2
7848,3,6.39
7849,0,5.96
7850,1,6.06
7851,4,6.89
7852,2,6.09
7853,3,6.67
7854,1,6.18
7855,1,6.18
7856,0,6.01
7857,1,6.1
7858,3,6.69
7859,0,6.05
7860,2,6.21
7861,1,6.13
7862,4,23.33
7863,4,11.97
7864,2,6.06
7865,4,12.15
7866,4,12.09
7867,3,6.39
7868,3,6.61
7869,2,6.17
7870,0,6.08
7871,3,6.6
7872,2,6.12
7873,0,5.97
7874,0,6.02
7875,3,6.28
7876,1,6.04
7877,1,6.09
7878,2,6.17
7879,1,6.05
7880,0,6.02
7881,2,6.08
7882,0,6.19
7883,1,6.04
7884,0,6.03
7885,0,6.02
7886,3,6.43
7887,0,6.11
7888,3,6.65
7889,4,12.35
7890,4,11.76
7891,0,6.09
7892,3,6.33
7893,0,6.08
7894,1,6.17
7895,0,6.14
7896,4,11.11
7897,0,6.04
7898,3,6.4
7899,1,6.05
7900,2,6.14
7901,2,6.23
7902,0,6.02
7903,4,13.76
7904,3,6.56
7905,3,6.7
7906,1,6.09
7907,2,6.21
7908,3,6.72
7909,4,8.0
7910,4,6.95
7911,0,6.08
7912,2,6.19
7913,2,6.19
7914,0,6.07
7915,1,6.02
7916,4,6.68
7917,1,6.16
7918,3,6.45
7919,4,7.06
7920,2,6.09
7921,3,7.95
7922,0,6.07
7923,3,6.27
7924,3,6.25
7925,0,6.04
7926,2,6.16
7927,3,6.73
7928,4,35.05
7929,0,6.05
7930,4,11.15
7931,1,6.01
7932,2,6.15
7933,3,6.38
7934,2,6.26
7935,3,6.26
7936,3,6.44
7937,1,6.08
7938,4,11.36
7939,3,6.7
7940,2,6.18
7941,1,6.14
7942,1,6.12
7943,1,6.15
7944,0,6.03
7945,4,9.77
7946,0,6.1
7947,3,6.16
7948,4,9.33
7949,4,8.13
7950,4,7.7
7951,3,6.28
7952,4,6.78
7953,4,10.72
7954,2,6.14
7955,0,6.09
7956,1,6.01
7957,2,6.19
7958,0,6.05
7959,1,6.1
7960,1,6.07
7961,1,6.08
7962,3,6.38
7963,4,7.09
7964,3,7.75
7965,4,14.3
7966,2,6.2
7967,3,6.43
7968,1,6.1
7969,1,6.05
7970,2,6.14
7971,0,6.12
7972,1,6.18
7973,0,6.07
7974,4,10.19
7975,1,6.07
7976,1,6.05
7977,3,6.54
7978,2,6.24
7979,3,6.23
7980,4,7.35
7981,0,6.02
7982,1,6.05
7983,4,13.32
7984,4,14.97
7985,4,12.14
7986,1,6.13
7987,4,9.97
7988,3,6.29
7989,1,6.07
7990,3,6.2
7991,3,6.3
7992,2,6.05
7993,3,6.21
7994,4,11.5
7995,0,6.13
7996,4,6.73
7997,3,6.34
7998,3,6.47
7999,1,6.06
8000,3,6.22
8001,4,7.55
8002,4,9.07
8003,2,6.21
8004,4,7.31
8005,1,6.09
8006,1,6.08
8007,1,6.06
8008,4,35.12
8009,1,6.11
8010,2,6.17
8011,0,6.03
8012,1,6.06
8013,2,6.11
8014,3,6.82
8015,0,6.09
8016,1,6.17
8017,0,6.02
8018,2,6.28
8019,0,6.01
8020,4,10.5
8021,2,6.19
8022,0,6.04
8023,2,6.15
8024,3,6.22
8025,4,26.32
8026,3,6.51
8027,3,6.37
8028,3,6.3
8029,1,6.11
8030,3,6.36
8031,2,6.12
8032,0,6.03
8033,3,6.47
8034,1,6.07
8035,2,6.19
8036,2,6.22
8037,3,6.38
8038,4,8.27
8039,1,6.04
8040,3,6.29
8041,0,6.1
8042,3,6.21
8043,3,6.45
8044,0,6.04
8045,1,6.06
8046,1,6.06
8047,3,6.55
8048,1,6.09
8049,0,6.11
8050,3,7.59
8051,4,9.03
8052,3,6.25
8053,4,10.07
8054,0,6.05
8055,0,6.05
8056,1,6.1
8057,3,6.35
8058,3,7.05
8059,2,6.09
8060,2,6.12
8061,2,6.09
8062,0,6.03
8063,2,6.17
8064,4,7.55
8065,3,6.26
8066,2,6.1
8067,1,6.1
8068,3,6.57
8069,3,6.34
8070,4,14.68
8071,2,6.28
8072,1,6.12
8073,3,6.51
8074,2,6.13
8075,4,11.27
8076,4,6.79
8077,2,6.32
8078,2,6.09
8079,3,6.77
8080,4,11.1
8081,1,6.03
8082,0,6.04
8083,0,6.06
8084,4,11.06
8085,1,6.17
8086,2,6.32
8087,3,6.38
8088,2,6.08
8089,1,6.14
8090,4,9.24
8091,1,6.07
8092,2,6.2
8093,4,15.27
8094,2,6.8
8095,0,6.01
8096,0,6.02
8097,4,7.42
8098,2,6.13
8099,4,8.7
8100,1,6.01
8101,2,6.15
8102,3,6.26
8103,4,7.53
8104,2,6.19
8105,0,6.04
8106,2,6.12
8107,4,35.16
8108,3,6.54
8109,4,7.17
8110,1,6.08
8111,2,6.12
8112,2,6.13
8113,0,6.04
8114,4,10.13
8115,3,6.36
8116,4,21.12
8117,1,6.05
8118,2,6.11
8119,3,6.19
8120,3,6.21
8121,3,6.37
8122,1,6.04
8123,1,6.1
8124,3,6.73
8125,0,6.01
8126,4,7.78
8127,0,6.03
8128,1,6.08
8129,2,6.13
8130,1,6.06
8131,3,6.43
8132,2,6.12
8133,0,6.04
8134,2,6.14
8135,1,6.05
8136,1,6.13
8137,4,7.55
8138,4,6.81
8139,1,6.04
8140,2,6.1
8141,1,6.13
8142,2,6.11
8143,1,6.11
8144,4,11.04
8145,1,6.13
8146,3,6.49
8147,0,6.05
8148,3,6.59
8149,4,33.0
8150,1,6.04
8151,4,11.22
8152,4,6.71
8153,0,6.02
8154,4,32.83
8155,0,6.03
8156,0,6.01
8157,3,6.91
8158,0,6.13
8159,2,6.14
8160,1,6.08
8161,4,7.83
8162,3,6.75
8163,2,6.2
8164,3,6.43
8165,4,11.39
8166,0,6.11
8167,2,6.25
8168,1,6.09
8169,3,6.67
8170,4,9.95
8171,4,7.03
8172,3,6.27
8173,1,6.11
8174,2,6.27
8175,4,7.26
8176,3,6.43
8177,3,6.54
8178,0,6.08
8179,1,6.08
8180,3,6.61
8181,3,6.11
8182,3,7.69
8183,2,6.1
8184,3,6.24
8185,1,6.06
8186,1,6.09
8187,0,6.45
8188,2,6.17
8189,4,9.48
8190,0,6.06
8191,1,6.12
8192,3,6.3
8193,0,6.09
8194,1,6.05
8195,4,6.95
8196,1,6.07
8197,1,6.06
8198,4,12.16
8199,3,6.22
8200,0,6.06
8201,2,6.13
8202,2,6.17
8203,0,6.05
8204,1,6.16
8205,4,35.09
8206,1,6.06
8207,1,6.08
8208,3,6.32
8209,0,6.06
8210,0,6.04
8211,3,6.32
8212,3,6.26
8213,1,6.12
8214,1,6.07
8215,2,6.16
8216,1,6.16
8217,1,6.08
8218,2,6.2
8219,0,6.05
8220,0,5.99
8221,0,6.02
8222,0,6.03
8223,2,6.22
8224,3,6.2
8225,3,6.45
8226,3,6.52
8227,1,6.07
8228,1,6.15
8229,3,6.81
8230,3,6.45
8231,2,6.17
8232,4,7.07
8233,1,6.17
8234,0,6.06
8235,4,8.25
8236,4,8.84
8237,3,6.8
8238,4,9.56
8239,0,6.04
8240,3,6.24
8241,0,6.06
8242,0,6.14
8243,2,6.15
8244,3,6.43
8245,2,6.11
8246,1,6.09
8247,2,6.09
8248,1,6.11
8249,0,6.0
8250,1,6.05
8251,1,6.25
8252,3,6.7
8253,2,6.11
8254,1,6.15
8255,0,6.01
8256,0,6.05
8257,4,6.77
8258,3,6.52
8259,3,6.2
8260,3,6.16
8261,2,6.16
8262,1,6.11
8263,3,6.36
8264,1,6.06
8265,0,6.0
8266,2,6.14
8267,1,6.14
8268,0,6.06
8269,1,6.05
8270,2,6.25
8271,0,6.04
8272,0,6.09
8273,4,11.48
8274,4,6.64
8275,3,6.33
8276,2,6.22
8277,0,6.08
8278,4,6.61
8279,2,6.34
8280,1,6.05
8281,2,6.17
8282,3,6.28
8283,3,6.19
8284,0,6.09
8285,0,6.04
8286,0,6.05
8287,2,6.17
8288,0,6.12
8289,4,27.52
8290,4,14.7
8291,0,6.06
8292,1,6.13
8293,3,6.35
8294,0,5.99
8295,4,7.86
8296,4,12.6
8297,0,6.03
8298,2,6.14
8299,0,6.1
8300,0,6.03
8301,1,6.1
8302,3,6.43
8303,2,6.17
8304,2,6.09
8305,0,6.0
8306,1,6.09
8307,4,31.75
8308,3,6.2
8309,3,6.26
8310,2,6.2
8311,1,6.04
8312,4,7.62
8313,2,6.18
8314,3,7.35
8315,4,12.35
8316,2,6.21
8317,4,9.71
8318,1,6.02
8319,4,10.94
8320,4,7.04
8321,2,6.12
8322,2,6.18
8323,0,6.05
8324,2,6.18
8325,4,10.47
8326,4,9.76
8327,2,6.18
8328,2,6.14
8329,2,6.14
8330,2,6.13
8331,3,6.32
8332,1,6.07
8333,3,6.3
8334,3,6.33
8335,4,24.2
8336,2,6.13
8337,2,6.12
8338,0,6.06
8339,1,6.18
8340,4,10.94
8341,4,9.47
8342,3,6.66
8343,1,6.08
8344,3,6.57
8345,1,6.11
8346,0,6.07
8347,1,6.11
8348,3,6.28
8349,1,6.12
8350,3,6.5
8351,3,6.34
8352,0,5.99
8353,2,6.22
8354,3,6.84
8355,1,6.04
8356,1,6.1
8357,1,6.15
8358,4,23.0
8359,2,6.16
8360,3,6.34
8361,2,6.17
8362,3,6.23
8363,3,6.35
8364,1,6.12
8365,3,6.21
8366,3,6.54
8367,1,6.16
8368,1,6.12
8369,1,6.1
8370,3,6.45
8371,3,6.62
8372,4,10.63
8373,4,11.43
8374,4,9.82
8375,0,6.11
8376,0,6.07
8377,1,6.12
8378,0,6.09
8379,1,6.05
8380,0,6.02
8381,1,6.09
8382,1,6.12
8383,4,7.7
8384,3,6.47
8385,0,6.0
8386,2,6.16
8387,4,8.14
8388,3,6.75
8389,2,6.2
8390,0,6.09
8391,2,6.11
8392,4,9.83
8393,0,6.06
8394,2,6.23
8395,3,8.43
8396,1,6.07
8397,0,6.08
8398,3,6.24
8399,1,6.06
8400,0,6.02
8401,0,6.04
8402,2,6.11
8403,4,8.58
8404,1,6.02
8405,0,6.12
8406,0,6.07
8407,0,6.06
8408,0,6.09
8409,4,7.31
8410,0,6.04
8411,3,6.4
8412,0,6.07
8413,2,6.08
8414,4,11.53
8415,3,6.37
8416,3,6.29
8417,0,6.03
8418,3,6.2
8419,1,6.08
8420,1,6.05
8421,4,10.11
8422,1,6.1
8423,4,34.91
8424,3,6.4
8425,3,6.53
8426,1,6.03
8427,3,6.14
8428,4,9.49
8429,1,6.15
8430,4,7.7
8431,2,6.08
8432,0,6.12
8433,1,6.06
8434,1,6.08
8435,4,8.8
8436,2,6.15
8437,0,6.08
8438,1,6.07
8439,4,13.92
8440,2,6.09
8441,3,6.68
8442,1,6.11
8443,4,11.9
8444,1,6.14
8445,1,6.1
8446,3,6.64
8447,3,6.16
8448,3,6.47
8449,2,6.12
8450,2,6.24
8451,3,6.33
8452,4,7.61
8453,4,20.98
8454,1,6.09
8455,3,6.16
8456,2,6.16
8457,2,6.12
8458,0,6.01
8459,2,6.11
8460,1,6.13
8461,3,6.33
8462,3,6.19
8463,3,6.44
8464,2,6.25
8465,3,6.29
8466,4,10.86
8467,1,6.11
8468,2,6.23
8469,1,6.12
8470,3,6.67
8471,3,6.8
8472,3,9.17
8473,2,6.18
8474,3,6.36
8475,4,7.72
8476,0,6.03
8477,3,6.44
8478,0,6.0
8479,3,6.38
8480,4,17.37
8481,1,6.14
8482,2,6.12
8483,0,6.06
8484,1,6.1
8485,4,8.74
8486,0,6.05
8487,0,6.05
8488,3,6.59
8489,3,6.27
8490,3,6.25
8491,2,6.15
8492,0,6.01
8493,1,6.05
8494,0,6.0
8495,3,6.36
8496,3,6.57
8497,4,15.79
8498,0,6.03
8499,4,7.01
8500,0,6.04
8501,4,8.03
8502,4,10.97
8503,2,6.17
8504,2,6.26
8505,3,6.31
8506,0,6.18
8507,0,6.02
8508,1,6.06
8509,4,29.85
8510,2,6.18
8511,2,6.22
8512,2,6.34
8513,2,6.01
8514,0,5.99
8515,1,6.17
8516,1,6.07
8517,2,6.15
8518,1,6.13
8519,0,5.99
8520,2,6.12
8521,2,6.13
8522,0,6.03
8523,1,6.1
8524,0,6.05
8525,0,6.06
8526,2,6.06
8527,0,6.03
8528,2,6.31
8529,2,6.12
8530,1,6.02
8531,3,6.37
8532,2,6.17
8533,4,10.49
8534,0,6.13
8535,4,10.64
8536,0,6.05
8537,0,6.02
8538,3,6.27
8539,0,6.11
8540,3,6.92
8541,0,6.04
8542,0,6.1
8543,0,6.1
8544,3,6.32
8545,0,5.99
8546,0,6.04
8547,1,6.07
8548,0,6.1
8549,0,6.13
8550,4,12.53
8551,4,12.7
8552,1,6.06
8553,0,6.04
8554,1,6.1
8555,4,17.29
8556,2,6.19
8557,2,6.13
8558,4,6.83
8559,1,6.07
8560,1,6.01
8561,2,6.16
8562,1,6.07
8563,0,6.11
8564,4,8.45
8565,3,6.26
8566,3,6.27
8567,3,6.85
8568,4,10.66
8569,0,6.03
8570,1,6.05
8571,3,6.43
8572,0,6.05
8573,1,6.14
8574,0,6.02
8575,1,6.07
8576,0,6.0
8577,4,7.37
8578,2,6.15
8579,3,6.42
8580,1,6.05
8581,1,6.02
8582,3,6.31
8583,1,6.06
8584,2,6.13
8585,4,12.66
8586,4,7.33
8587,0,6.03
8588,4,7.02
8589,2,6.12
8590,0,6.09
8591,0,6.01
8592,0,6.07
8593,2,6.19
8594,4,17.08
8595,0,6.02
8596,0,6.01
8597,1,6.06
8598,2,6.15
8599,0,6.04
8600,0,6.16
8601,2,6.1
8602,2,6.13
8603,3,6.47
8604,1,6.07
8605,1,6.07
8606,0,6.0
8607,2,6.14
8608,4,13.79
8609,4,12.24
8610,4,10.54
8611,4,18.01
8612,4,7.33
8613,1,6.05
8614,1,6.05
8615,0,6.0
8616,2,6.23
8617,4,10.6
8618,4,34.5
8619,0,6.07
8620,4,8.52
8621,3,6.23
8622,0,6.09
8623,2,6.3
8624,3,6.77
8625,1,6.15
8626,2,6.18
8627,1,6.03
8628,3,6.26
8629,3,6.24
8630,3,6.49
8631,0,6.04
8632,0,6.0
8633,0,5.97
8634,4,8.6
8635,2,6.22
8636,1,6.03
8637,4,10.46
8638,2,6.19
8639,4,9.56
8640,0,6.15
8641,2,6.06
8642,1,6.19
8643,0,6.08
8644,3,6.31
8645,3,6.26
8646,4,12.49
8647,2,6.15
8648,3,6.44
8649,3,6.34
8650,1,6.03
8651,0,6.01
8652,3,6.66
8653,1,6.04
8654,3,6.57
8655,0,6.03
8656,3,6.38
8657,2,6.15
8658,4,10.2
8659,4,6.88
8660,4,7.68
8661,4,9.31
8662,0,6.0
8663,4,6.72
8664,2,6.22
8665,2,6.26
8666,4,7.74
8667,4,31.93
8668,0,6.08
8669,4,11.78
8670,0,6.08
8671,4,7.73
8672,3,6.2
8673,0,5.97
8674,2,6.06
8675,4,9.49
8676,3,6.32
8677,1,6.09
8678,0,6.05
8679,2,6.12
8680,3,6.14
8681,0,6.02
8682,4,8.05
8683,0,6.06
8684,2,6.07
8685,4,15.34
8686,1,6.11
8687,1,6.14
8688,4,7.06
8689,1,6.13
8690,1,6.09
8691,2,6.12
8692,1,6.09
8693,0,6.06
8694,0,6.31
8695,3,6.19
8696,2,6.17
8697,0,6.15
8698,0,6.07
8699,2,6.15
8700,2,6.23
8701,1,6.05
8702,0,6.13
8703,0,6.0
8704,4,7.36
8705,1,6.08
8706,2,6.12
8707,3,8.08
8708,4,21.27
8709,1,6.09
8710,0,6.07
8711,1,6.1
8712,2,6.22
8713,4,7.17
8714,3,6.35
8715,0,6.05
8716,2,6.17
8717,0,6.11
8718,2,6.24
8719,4,10.11
8720,4,9.43
8721,4,35.99
8722,3,6.42
8723,1,6.05
8724,3,6.21
8725,4,7.51
8726,4,30.85
8727,3,6.35
8728,1,6.03
8729,1,6.1
8730,4,6.69
8731,2,6.14
8732,1,6.03
8733,1,6.09
8734,2,6.17
8735,1,6.03
8736,1,6.09
8737,3,6.38
8738,4,24.16
8739,0,6.05
8740,4,7.5
8741,4,6.86
8742,1,6.12
8743,4,12.14
8744,2,6.09
8745,4,10.35
8746,4,12.99
8747,2,6.12
8748,3,6.52
8749,1,6.05
8750,1,6.01
8751,2,6.05
8752,3,6.63
8753,4,10.53
8754,4,9.0
8755,0,6.09
8756,2,6.17
8757,3,6.17
8758,0,6.09
8759,0,6.04
8760,3,6.4
8761,3,6.25
8762,4,11.33
8763,2,6.27
8764,2,6.1
8765,1,6.06
8766,1,6.05
8767,3,6.58
8768,4,23.28
8769,2,6.33
8770,0,6.03
8771,2,6.07
8772,4,9.4
8773,4,33.84
8774,1,6.19
8775,2,6.33
8776,3,6.45
8777,3,6.56
8778,0,6.11
8779,3,6.41
8780,4,35.58
8781,0,6.08
8782,3,6.65
8783,4,10.27
8784,2,6.14
8785,3,6.5
8786,3,6.7
8787,0,6.11
8788,3,6.46
8789,1,6.11
8790,2,6.16
8791,2,6.27
8792,0,6.1
8793,0,6.03
8794,4,18.34
8795,3,6.49
8796,1,6.13
8797,3,6.29
8798,4,34.82
8799,0,6.18
8800,3,6.38
8801,4,8.32
8802,1,6.1
8803,0,6.04
8804,2,6.19
8805,4,6.87
8806,2,6.15
8807,2,6.08
8808,0,6.05
8809,0,6.07
8810,4,7.12
8811,2,6.17
8812,1,6.04
8813,1,6.02
8814,2,6.26
8815,3,6.5
8816,4,17.85
8817,0,6.05
8818,0,6.05
8819,2,6.1
8820,2,6.2
8821,1,6.05
8822,3,6.52
8823,4,8.98
8824,1,6.15
8825,4,16.76
8826,3,6.69
8827,1,6.06
8828,1,6.19
8829,3,6.43
8830,3,6.34
8831,0,6.06
8832,3,6.46
8833,2,6.18
8834,1,6.05
8835,2,6.16
8836,4,7.4
8837,0,6.1
8838,3,6.34
8839,1,6.07
8840,0,6.06
8841,2,6.11
8842,3,6.53
8843,4,6.82
8844,2,6.08
8845,1,6.02
8846,4,12.43
8847,1,6.1
8848,0,6.08
8849,1,6.06
8850,3,6.21
8851,0,6.07
8852,1,6.09
8853,3,6.26
8854,4,35.3
8855,3,6.4
8856,4,26.93
8857,0,6.09
8858,3,6.26
8859,3,6.14
8860,3,6.59
8861,3,6.3
8862,1,6.04
8863,2,6.14
8864,0,6.02
8865,1,6.22
8866,1,6.12
8867,1,6.16
8868,1,6.15
8869,2,6.21
8870,4,8.4
8871,1,6.04
8872,4,10.9
8873,3,6.7
8874,4,7.81
8875,1,6.08
8876,1,6.15
8877,4,10.38
8878,2,6.18
8879,3,6.6
8880,4,17.83
8881,1,6.15
8882,0,6.06
8883,0,6.06
8884,4,12.61
8885,0,6.1
8886,4,8.07
8887,1,6.4
8888,4,9.52
8889,2,6.13
8890,2,6.06
8891,2,6.22
8892,1,6.03
8893,0,5.99
8894,2,6.22
8895,0,6.25
8896,0,5.98
8897,4,8.86
8898,1,6.14
8899,4,11.15
8900,1,6.07
8901,3,6.43
8902,4,26.44
8903,2,6.14
8904,2,6.19
8905,2,6.15
8906,2,6.25
8907,3,6.64
8908,2,6.27
8909,2,6.17
8910,2,6.1
8911,4,6.63
8912,4,8.36
8913,1,6.15
8914,2,6.23
8915,3,6.47
8916,0,6.07
8917,0,6.14
8918,2,6.13
8919,4,35.99
8920,0,6.04
8921,4,7.02
8922,3,6.21
8923,3,6.23
8924,2,6.14
8925,1,6.09
8926,0,6.07
8927,0,6.0
8928,4,11.88
8929,4,7.93
8930,4,7.69
8931,0,6.03
8932,4,13.42
8933,0,6.01
8934,1,6.13
8935,1,6.11
8936,0,6.1
8937,0,6.0
8938,2,6.2
8939,1,6.08
8940,1,6.14
8941,2,6.12
8942,1,6.12
8943,2,6.16
8944,2,6.1
8945,3,6.15
8946,3,6.28
8947,0,5.99
8948,2,6.12
8949,3,6.35
8950,3,6.35
8951,1,6.08
8952,3,6.38
8953,3,6.44
8954,4,7.1
8955,2,6.12
8956,1,6.05
8957,3,6.21
8958,0,6.02
8959,2,6.17
8960,3,6.41
8961,0,6.2
8962,2,6.15
8963,2,6.3
8964,0,5.99
8965,1,6.07
8966,1,6.13
8967,3,6.14
8968,0,5.97
8969,4,35.84
8970,0,6.07
8971,2,6.12
8972,4,8.41
8973,3,7.01
8974,2,6.07
8975,1,6.06
8976,1,6.11
8977,2,6.1
8978,2,6.19
8979,0,6.09
8980,3,6.77
8981,2,6.2
8982,4,9.24
8983,4,35.71
8984,2,6.15
8985,3,6.42
8986,4,8.88
8987,2,6.08
8988,2,6.13
8989,1,6.13
8990,3,6.25
8991,4,12.75
8992,3,6.29
8993,4,35.64
8994,0,6.07
8995,1,6.11
8996,0,6.07
8997,3,6.36
8998,3,6.54
8999,3,6.48
9000,3,6.31
9001,3,6.21
9002,4,10.28
9003,0,6.01
9004,0,6.01
9005,3,6.4
9006,3,6.74
9007,0,6.01
9008,3,6.79
9009,1,6.09
9010,3,7.19
9011,4,8.46
9012,2,6.15
9013,1,6.13
9014,3,6.57
9015,1,6.05
9016,4,8.43
9017,0,6.04
9018,2,6.26
9019,1,6.1
9020,0,6.03
9021,3,6.29
9022,4,30.76
9023,0,6.02
9024,4,12.01
9025,4,7.66
9026,2,6.08
9027,2,6.15
9028,1,6.12
9029,1,6.07
9030,2,6.25
9031,3,6.44
9032,2,6.15
9033,1,6.08
9034,2,6.14
9035,4,16.28
9036,0,6.29
9037,3,6.84
9038,3,6.32
9039,2,6.11
9040,3,6.45
9041,4,6.91
9042,4,35.49
9043,3,6.2
9044,1,6.14
9045,1,6.25
9046,2,6.22
9047,0,6.29
9048,2,6.17
9049,1,6.22
9050,1,6.12
9051,1,6.1
9052,0,6.04
9053,4,17.88
9054,1,6.18
9055,3,6.5
9056,3,6.13
9057,0,6.06
9058,0,6.14
9059,2,6.11
9060,3,6.19
9061,0,6.0
9062,0,5.98
9063,3,6.24
9064,0,6.07
9065,1,6.03
9066,4,7.91
9067,3,6.52
9068,0,6.02
9069,2,6.38
9070,1,6.13
9071,4,9.57
9072,1,6.13
9073,2,6.17
9074,4,8.57
9075,2,6.11
9076,0,6.0
9077,1,6.06
9078,2,6.19
9079,3,6.48
9080,3,6.19
9081,0,6.03
9082,3,6.41
9083,2,6.2
9084,3,6.37
9085,1,6.17
9086,3,6.4
9087,0,6.01
9088,2,6.25
9089,4,6.58
9090,4,6.7
9091,0,6.11
9092,2,6.16
9093,0,6.12
9094,0,6.03
9095,4,11.28
9096,4,11.53
9097,4,8.94
9098,2,6.17
9099,4,11.13
9100,3,6.37
9101,2,6.11
9102,0,6.08
9103,3,6.65
9104,1,6.13
9105,4,8.91
9106,4,8.58
9107,3,6.36
9108,1,6.07
9109,3,6.6
9110,1,6.07
9111,2,6.15
9112,4,10.47
9113,4,7.62
9114,2,6.28
9115,2,6.1
9116,3,6.3
9117,3,6.7
9118,2,6.18
9119,1,6.06
9120,1,6.11
9121,1,6.1
9122,4,9.0
9123,1,6.1
9124,4,9.14
9125,1,6.06
9126,2,6.12
9127,1,6.1
9128,1,6.14
9129,2,6.11
9130,4,6.84
9131,0,6.08
9132,2,6.18
9133,3,6.27
9134,2,6.27
9135,0,6.0
9136,4,13.77
9137,2,6.2
9138,0,6.05
9139,3,6.32
9140,2,6.16
9141,1,6.09
9142,4,11.12
9143,0,6.08
9144,0,6.37
9145,1,6.11
9146,1,6.13
9147,0,6.06
9148,4,10.06
9149,2,6.2
9150,4,9.94
9151,4,10.49
9152,4,10.43
9153,2,6.06
9154,0,6.07
9155,1,6.07
9156,0,6.05
9157,4,13.59
9158,0,6.03
9159,3,6.49
9160,3,6.87
9161,4,7.39
9162,1,6.09
9163,0,6.04
9164,3,6.29
9165,4,35.73
9166,3,6.39
9167,4,7.55
9168,0,6.04
9169,2,6.09
9170,1,6.09
9171,4,13.49
9172,1,6.11
9173,3,6.76
9174,4,9.85
9175,3,6.6
9176,0,6.1
9177,1,6.09
9178,2,6.16
9179,0,6.07
9180,0,6.08
9181,3,6.39
9182,1,6.2
9183,1,6.07
9184,0,5.98
9185,4,7.31
9186,0,6.09
9187,1,6.09
9188,3,6.5
9189,1,6.15
9190,1,6.12
9191,0,6.16
9192,4,9.24
9193,2,6.29
9194,4,6.67
9195,3,6.71
9196,2,6.13
9197,0,6.04
9198,2,6.15
9199,3,6.18
9200,4,18.09
9201,4,33.73
9202,3,6.41
9203,3,6.46
9204,4,6.88
9205,4,8.7
9206,2,6.11
9207,4,35.11
9208,3,6.95
9209,0,6.06
9210,0,6.0
9211,4,8.0
9212,1,6.02
9213,0,6.12
9214,3,6.29
9215,4,7.11
9216,2,6.11
9217,0,6.07
9218,0,6.0
9219,2,6.14
9220,4,7.1
9221,3,6.16
9222,3,6.47
9223,3,6.15
9224,2,6.15
9225,3,6.32
9226,0,6.04
9227,0,6.06
9228,2,6.08
9229,1,6.1
9230,3,6.64
9231,0,6.03
9232,1,6.06
9233,4,10.33
9234,1,6.15
9235,2,6.13
9236,2,6.12
9237,4,8.04
9238,0,6.02
9239,1,6.13
9240,3,8.49
9241,2,6.12
9242,3,6.24
9243,3,6.17
9244,4,8.1
9245,0,6.01
9246,1,6.18
9247,2,6.16
9248,4,6.65
9249,0,5.99
9250,2,6.28
9251,0,6.05
9252,4,7.74
9253,0,6.03
9254,2,6.22
9255,2,6.12
9256,0,6.05
9257,3,6.3
9258,4,7.0
9259,2,6.14
9260,1,6.16
9261,3,6.2
9262,2,6.19
9263,4,9.43
9264,2,6.07
9265,3,6.4
9266,3,6.57
9267,0,6.08
9268,2,6.21
9269,4,7.82
9270,3,6.2
9271,4,9.07
9272,1,6.05
9273,1,6.09
9274,3,6.4
9275,1,6.13
9276,2,6.18
9277,0,6.0
9278,2,6.17
9279,3,6.27
9280,4,6.97
9281,0,6.01
9282,1,6.21
9283,0,6.05
9284,2,6.13
9285,0,6.07
9286,1,6.16
9287,2,6.19
9288,4,10.2
9289,0,6.01
9290,4,10.36
9291,1,6.16
9292,2,6.09
9293,0,6.08
9294,1,6.06
9295,0,6.02
9296,2,6.12
9297,3,6.6
9298,4,15.52
9299,2,6.18
9300,2,6.27
9301,4,7.54
9302,4,7.48
9303,4,18.46
9304,0,5.99
9305,3,6.28
9306,2,6.1
9307,0,6.06
9308,3,6.47
9309,4,12.91
9310,4,6.92
9311,2,6.26
9312,3,6.37
9313,2,6.17
9314,1,6.06
9315,0,6.03
9316,4,7.79
9317,0,6.05
9318,0,5.98
9319,3,6.47
9320,0,6.04
9321,2,6.17
9322,2,6.15
9323,3,6.12
9324,0,6.02
9325,4,10.86
9326,1,6.11
9327,0,6.04
9328,0,5.99
9329,3,6.5
9330,4,7.33
9331,0,6.04
9332,0,6.12
9333,0,6.14
9334,3,6.21
9335,3,6.29
9336,1,6.14
9337,2,6.12
9338,2,6.19
9339,3,6.77
9340,4,6.66
9341,4,7.77
9342,0,6.05
9343,0,6.01
9344,0,6.08
9345,2,6.09
9346,2,6.13
9347,2,6.14
9348,3,7.59
9349,0,6.04
9350,0,6.03
9351,3,6.34
9352,1,6.05
9353,3,6.33
9354,2,6.14
9355,0,6.1
9356,0,6.04
9357,2,6.09
9358,1,6.14
9359,3,6.25
9360,2,6.13
9361,1,6.11
9362,1,6.09
9363,1,6.08
9364,0,6.09
9365,3,6.48
9366,1,6.05
9367,2,6.11
9368,0,6.17
9369,1,6.18
9370,2,6.11
9371,0,6.09
9372,0,6.04
9373,0,6.03
9374,1,6.09
9375,0,6.0
9376,2,6.18
9377,3,6.28
9378,1,6.05
9379,0,6.01
9380,4,7.19
9381,3,6.23
9382,4,10.83
9383,2,6.09
9384,4,15.13
9385,2,6.1
9386,4,7.9
9387,4,16.25
9388,3,6.29
9389,3,6.64
9390,1,6.11
9391,2,6.19
9392,3,6.65
9393,3,6.3
9394,0,6.1
9395,0,6.1
9396,0,6.07
9397,0,6.02
9398,3,6.44
9399,2,6.33
9400,2,6.24
9401,3,6.36
9402,3,6.45
9403,1,6.06
9404,2,6.16
9405,3,6.56
9406,3,6.41
9407,3,6.41
9408,1,6.11
9409,1,6.08
9410,3,8.27
9411,0,6.1
9412,3,6.8
9413,1,6.08
9414,3,6.22
9415,1,6.01
9416,1,6.23
9417,1,6.08
9418,0,6.0
9419,3,6.43
9420,3,6.61
9421,1,6.09
9422,0,6.08
9423,2,6.16
9424,1,6.05
9425,0,6.16
9426,0,6.0
9427,2,6.12
9428,4,8.98
9429,4,12.41
9430,1,6.08
9431,2,6.09
9432,0,6.05
9433,1,6.04
9434,0,6.03
9435,1,6.1
9436,4,9.05
9437,0,6.08
9438,3,6.46
9439,2,6.17
9440,4,30.99
9441,1,6.08
9442,2,6.05
9443,4,8.8
9444,0,6.03
9445,4,12.13
9446,2,6.24
9447,1,6.09
9448,3,6.22
9449,3,6.35
9450,4,16.54
9451,3,6.48
9452,3,6.41
9453,1,6.26
9454,1,6.01
9455,1,6.17
9456,4,9.09
9457,3,6.3
9458,1,6.06
9459,4,8.45
9460,4,7.89
9461,1,6.14
9462,4,17.18
9463,4,7.58
9464,0,6.07
9465,1,6.13
9466,1,6.21
9467,2,6.08
9468,2,6.11
9469,4,8.17
9470,4,7.4
9471,0,6.04
9472,0,6.09
9473,0,6.04
9474,0,6.04
9475,0,6.12
9476,1,6.09
9477,3,6.79
9478,3,6.29
9479,3,6.37
9480,4,11.69
9481,0,6.0
9482,4,7.49
9483,0,6.0
9484,1,6.08
9485,3,6.39
9486,3,6.23
9487,1,6.05
9488,2,6.18
9489,4,12.14
9490,3,6.33
9491,0,5.99
9492,1,6.03
9493,0,6.08
9494,1,6.02
9495,0,6.04
9496,2,6.12
9497,4,10.24
9498,0,6.05
9499,1,6.05
9500,3,6.43
9501,0,6.05
9502,3,6.29
9503,2,6.2
9504,3,6.9
9505,3,7.88
9506,1,6.08
9507,2,6.12
9508,4,30.76
9509,3,6.26
9510,2,6.16
9511,2,6.18
9512,2,6.17
9513,4,9.59
9514,3,6.6
9515,2,6.09
9516,3,6.54
9517,3,6.22
9518,1,6.06
9519,3,6.34
9520,1,6.03
9521,3,6.58
9522,2,6.23
9523,1,6.04
9524,2,6.11
9525,4,14.94
9526,4,7.36
9527,3,6.19
9528,2,6.14
9529,2,6.16
9530,3,6.55
9531,2,6.18
9532,0,6.05
9533,3,6.44
9534,4,6.91
9535,1,6.11
9536,2,6.14
9537,2,6.11
9538,0,6.03
9539,2,6.14
9540,0,6.08
9541,4,9.07
9542,0,6.08
9543,4,9.19
9544,0,6.04
9545,2,6.16
9546,1,6.09
9547,0,6.04
9548,1,6.07
9549,1,6.04
9550,3,6.38
9551,3,6.52
9552,1,6.16
9553,3,6.37
9554,4,9.55
9555,3,6.14
9556,2,6.19
9557,2,6.21
9558,3,6.58
9559,1,6.09
9560,3,6.48
9561,1,6.14
9562,3,6.35
9563,2,6.1
9564,2,6.17
9565,3,6.28
9566,1,6.12
9567,1,6.14
9568,2,6.15
9569,4,11.59
9570,4,35.99
9571,2,6.21
9572,1,6.05
9573,2,6.24
9574,3,6.55
9575,3,6.66
9576,1,6.03
9577,4,22.86
9578,1,6.03
9579,3,6.78
9580,0,6.02
9581,3,6.5
9582,2,6.08
9583,3,6.17
9584,2,6.16
9585,4,7.56
9586,2,6.15
9587,1,6.05
9588,3,6.24
9589,1,6.12
9590,2,6.15
9591,4,8.84
9592,1,6.08
9593,2,6.21
9594,1,6.17
9595,1,6.11
9596,3,6.5
9597,4,20.84
9598,2,6.13
9599,3,6.66
9600,4,6.47
9601,4,7.28
9602,2,6.18
9603,2,6.27
9604,2,6.1
9605,2,6.23
9606,0,6.08
9607,0,6.05
9608,1,6.1
9609,0,6.04
9610,4,11.99
9611,0,6.01
9612,4,20.34
9613,4,7.08
9614,2,6.17
9615,4,6.96
9616,2,6.2
9617,1,6.04
9618,3,6.25
9619,2,6.13
9620,2,6.19
9621,2,6.22
9622,3,6.15
9623,2,6.19
9624,1,6.09
9625,1,6.1
9626,4,18.09
9627,3,8.42
9628,2,6.18
9629,4,9.23
9630,3,6.85
9631,0,6.05
9632,2,6.2
9633,0,6.12
9634,1,6.06
9635,0,6.01
9636,1,6.1
9637,3,6.32
9638,0,6.06
9639,4,13.98
9640,1,6.05
9641,4,7.86
9642,0,6.05
9643,2,6.14
9644,0,6.0
9645,2,6.18
9646,3,6.58
9647,4,6.99
9648,3,6.56
9649,4,6.64
9650,0,6.04
9651,1,6.01
9652,0,6.09
9653,3,6.25
9654,3,6.51
9655,1,6.15
9656,4,8.43
9657,2,6.18
9658,4,27.86
9659,3,6.59
9660,1,6.09
9661,0,6.08
9662,1,6.11
9663,1,6.22
9664,4,7.74
9665,1,6.12
9666,1,6.03
9667,1,6.12
9668,1,6.06
9669,0,6.05
9670,3,6.16
9671,4,6.64
9672,1,6.13
9673,1,6.04
9674,2,6.16
9675,3,6.53
9676,2,6.14
9677,1,6.02
9678,0,6.11
9679,4,8.09
9680,0,6.09
9681,3,6.75
9682,3,6.29
9683,3,6.59
9684,1,6.11
9685,4,9.76
9686,1,6.09
9687,3,6.19
9688,0,6.07
9689,4,35.79
9690,1,6.06
9691,1,6.09
9692,4,18.93
9693,0,6.09
9694,2,6.25
9695,4,18.48
9696,2,6.11
9697,0,6.06
9698,3,6.25
9699,2,6.15
9700,2,6.15
9701,2,6.15
9702,0,6.0
9703,1,6.08
9704,0,6.04
9705,2,6.29
9706,4,9.53
9707,2,6.26
9708,2,6.09
9709,3,6.34
9710,0,6.0
9711,4,13.33
9712,0,6.03
9713,4,11.35
9714,1,6.07
9715,1,6.15
9716,1,6.13
9717,3,6.53
9718,4,10.55
9719,1,6.15
9720,4,11.16
9721,1,6.06
9722,2,6.18
9723,0,6.02
9724,4,6.88
9725,4,15.24
9726,1,6.03
9727,1,6.05
9728,1,6.01
9729,2,6.18
9730,2,6.28
9731,0,6.01
9732,1,6.03
9733,1,6.09
9734,3,8.16
9735,2,6.18
9736,4,8.66
9737,1,6.08
9738,1,6.2
9739,2,6.18
9740,2,6.24
9741,4,8.96
9742,4,6.6
9743,0,6.02
9744,4,12.28
9745,1,6.07
9746,1,6.04
9747,2,6.13
9748,4,8.94
9749,1,6.07
9750,0,6.07
9751,0,6.07
9752,0,6.01
9753,4,15.12
9754,1,6.14
9755,3,6.47
9756,2,6.2
9757,2,6.07
9758,4,7.23
9759,4,7.94
9760,3,6.76
9761,4,11.75
9762,0,6.04
9763,2,6.28
9764,0,6.12
9765,2,6.15
9766,1,6.05
9767,2,6.21
9768,2,6.23
9769,4,7.3
9770,1,6.11
9771,2,6.15
9772,1,6.07
9773,3,6.74
9774,0,6.09
9775,1,6.05
9776,0,6.08
9777,4,9.03
9778,3,6.31
9779,2,6.17
9780,3,6.71
9781,3,6.53
9782,4,9.64
9783,1,6.05
9784,3,6.28
9785,1,6.05
9786,3,6.23
9787,1,6.05
9788,4,6.61
9789,2,6.15
9790,0,6.05
9791,3,6.68
9792,1,6.06
9793,3,6.23
9794,2,6.12
9795,1,6.18
9796,0,6.06
9797,1,6.04
9798,2,6.21
9799,2,6.12
9800,0,6.13
9801,3,6.19
9802,2,6.12
9803,1,6.06
9804,3,6.33
9805,4,7.52
9806,3,6.73
9807,1,6.17
9808,4,7.27
9809,0,6.03
9810,4,24.51
9811,4,11.65
9812,2,6.1
9813,1,6.13
9814,0,6.11
9815,2,6.2
9816,3,6.32
9817,2,6.19
9818,3,6.49
9819,3,6.32
9820,3,6.34
9821,1,6.15
9822,0,6.03
9823,2,6.12
9824,3,6.32
9825,0,6.04
9826,3,6.47
9827,0,6.02
9828,1,6.1
9829,2,6.16
9830,2,6.07
9831,2,6.11
9832,2,6.29
9833,2,6.17
9834,3,6.29
9835,0,6.02
9836,2,6.11
9837,2,6.07
9838,4,29.63
9839,4,7.06
9840,4,7.17
9841,3,6.46
9842,1,6.01
9843,2,6.14
9844,1,6.03
9845,4,7.27
9846,4,7.05
9847,1,6.12
9848,0,6.01
9849,0,6.08
9850,1,6.09
9851,0,6.08
9852,4,16.55
9853,4,7.06
9854,0,6.03
9855,0,6.06
9856,2,6.1
9857,3,6.43
9858,4,6.87
9859,0,6.09
9860,4,7.76
9861,3,6.5
9862,3,6.18
9863,4,7.81
9864,2,6.06
9865,1,6.14
9866,4,7.3
9867,2,6.22
9868,2,6.26
9869,1,6.08
9870,3,6.61
9871,1,6.09
9872,4,34.95
9873,2,6.24
9874,0,6.02
9875,2,6.2
9876,1,6.09
9877,4,9.55
9878,1,6.03
9879,0,6.04
9880,4,7.78
9881,2,6.06
9882,2,6.12
9883,4,10.66
9884,3,6.27
9885,4,7.09
9886,0,6.04
9887,0,6.03
9888,3,6.41
9889,2,6.21
9890,3,6.67
9891,0,6.08
9892,4,6.67
9893,4,12.95
9894,2,6.12
9895,0,6.0
9896,1,6.14
9897,1,6.11
9898,0,5.98
9899,2,6.08
9900,2,6.17
9901,1,6.05
9902,3,6.25
9903,1,6.15
9904,3,6.39
9905,0,6.05
9906,3,6.38
9907,4,13.36
9908,2,6.08
9909,2,6.21
9910,3,6.19
9911,1,6.06
9912,2,6.09
9913,1,6.07
9914,3,6.34
9915,3,6.25
9916,4,7.4
9917,4,14.35
9918,4,6.8
9919,3,6.27
9920,0,6.03
9921,4,22.09
9922,2,6.15
9923,1,6.05
9924,3,6.21
9925,2,6.22
9926,0,6.15
9927,2,6.08
9928,3,6.33
9929,2,6.19
9930,2,6.14
9931,4,33.87
9932,3,6.32
9933,4,7.21
9934,4,6.84
9935,3,6.23
9936,3,6.44
9937,0,6.02
9938,2,6.13
9939,3,6.61
9940,0,6.05
9941,2,6.21
9942,4,10.31
9943,3,7.89
9944,3,6.25
9945,2,6.1
9946,2,6.31
9947,2,6.06
9948,1,6.12
9949,4,6.66
9950,1,6.03
9951,3,6.35
9952,0,6.0
9953,4,9.22
9954,1,6.04
9955,3,6.18
9956,1,6.07
9957,0,6.01
9958,4,7.91
9959,0,6.05
9960,3,6.31
9961,4,29.67
9962,1,6.15
9963,3,6.16
9964,4,6.97
9965,1,6.06
9966,1,6.08
9967,2,6.16
9968,0,6.15
9969,2,6.09
9970,1,6.08
9971,3,6.28
9972,3,6.45
9973,1,6.09
9974,2,6.16
9975,1,6.04
9976,2,6.13
9977,4,14.85
9978,0,6.04
9979,3,6.37
9980,3,6.24
9981,2,6.12
9982,1,6.1
9983,0,6.03
9984,2,6.19
9985,4,24.09
9986,0,6.04
9987,4,6.77
9988,2,6.13
9989,1,6.09
9990,2,6.08
9991,2,6.07
9992,0,6.09
9993,3,6.26
9994,2,6.25
9995,0,6.03
9996,4,35.67
9997,3,6.28
9998,3,6.62
9999,4,34.96
10000,0,6.1
10001,3,6.51
10002,1,6.03
10003,1,6.13
10004,3,6.44
10005,0,6.04
10006,0,6.15
10007,2,6.12
10008,4,8.04
10009,2,6.16
10010,1,6.05
10011,1,6.09
10012,0,6.05
10013,4,9.99
10014,4,7.61
10015,1,6.12
10016,2,6.17
10017,2,6.14
10018,4,8.36
10019,0,6.06
10020,2,6.13
10021,2,6.12
10022,2,6.17
10023,3,6.49
10024,1,6.13
10025,2,6.17
10026,1,6.08
10027,2,6.08
10028,1,6.1
10029,1,6.05
10030,1,6.2
10031,0,6.02
10032,0,6.05
10033,4,13.36
10034,1,6.08
10035,1,6.05
10036,1,6.04
10037,4,7.83
10038,3,6.44
10039,2,6.09
10040,1,6.17
10041,3,8.28
10042,2,6.17
10043,4,9.7
10044,1,6.18
10045,2,6.12
10046,3,6.21
10047,4,13.03
10048,1,6.05
10049,0,6.14
10050,4,10.01
10051,4,7.73
10052,4,8.13
10053,0,6.0
10054,4,7.61
10055,0,6.05
10056,1,6.13
10057,4,7.38
10058,0,6.05
10059,3,6.32
10060,0,6.04
10061,1,6.12
10062,1,6.11
10063,0,6.05
10064,1,6.01
10065,3,6.22
10066,4,7.93
10067,2,6.23
10068,1,6.2
10069,4,7.15
10070,4,12.31
10071,3,6.72
10072,0,6.06
10073,2,6.16
10074,4,18.44
10075,2,6.12
10076,4,7.87
10077,4,12.04
10078,3,6.86
10079,3,6.42
10080,4,9.37
10081,4,6.52
10082,3,6.22
10083,1,6.19
10084,1,6.1
10085,3,6.38
10086,2,6.22
10087,2,6.13
10088,0,6.13
10089,2,6.04
10090,2,6.04
10091,0,6.11
10092,4,13.8
10093,4,7.18
10094,2,6.17
10095,2,6.04
10096,0,6.08
10097,4,8.8
10098,4,14.06
10099,4,10.84
10100,0,6.02
10101,3,6.49
10102,0,6.1
10103,4,9.64
10104,2,6.1
10105,2,6.15
10106,4,7.44
10107,0,5.98
10108,1,6.05
10109,3,6.65
10110,4,7.13
10111,3,6.22
10112,1,6.13
10113,2,6.24
10114,2,6.15
10115,2,6.22
10116,1,6.08
10117,2,6.1
10118,4,7.73
10119,2,6.13
10120,0,6.28
10121,0,6.0
10122,0,6.18
10123,3,6.28
10124,4,6.7
10125,4,30.1
10126,0,6.02
10127,1,6.06
10128,2,6.12
10129,2,6.12
10130,4,9.27
10131,0,6.03
10132,3,6.41
10133,0,6.0
10134,1,6.08
10135,3,6.58
10136,0,6.11
10137,0,6.05
10138,1,6.07
10139,4,6.89
10140,4,14.41
10141,0,6.08
10142,2,6.18
10143,3,6.32
10144,0,5.98
10145,1,6.08
10146,2,6.14
10147,0,6.04
10148,0,6.0
10149,1,6.14
10150,3,6.19
10151,1,6.03
10152,1,6.04
10153,3,6.23
10154,3,6.15
10155,0,6.08
10156,4,8.5
10157,1,6.09
10158,4,6.78
10159,1,6.08
10160,0,5.99
10161,4,8.7
10162,0,6.06
10163,4,9.64
10164,0,6.06
10165,1,6.01
10166,4,9.46
10167,1,6.08
10168,1,6.05
10169,2,6.15
10170,0,6.05
10171,1,6.04
10172,3,6.82
10173,4,12.19
10174,1,6.17
10175,3,6.3
10176,3,6.41
10177,3,6.23
10178,1,6.1
10179,1,6.05
10180,4,8.57
10181,4,10.95
10182,0,6.01
10183,3,6.7
10184,2,6.07
10185,0,6.04
10186,3,6.38
10187,2,6.44
10188,4,20.56
10189,4,12.57
10190,2,6.18
10191,3,6.82
10192,1,6.06
10193,4,9.96
10194,4,7.88
10195,3,6.3
10196,1,6.05
10197,0,6.01
10198,2,6.19
10199,2,6.09
10200,1,6.08
10201,4,7.11
10202,2,6.06
10203,0,6.08
10204,3,6.35
10205,4,7.76
10206,3,6.32
10207,0,6.1
10208,1,6.02
10209,4,7.9
10210,4,8.76
10211,2,6.2
10212,4,9.14
10213,3,6.28
10214,3,6.17
10215,3,6.35
10216,2,6.11
10217,2,6.12
10218,2,6.16
10219,2,6.34
10220,3,6.22
10221,0,6.08
10222,4,6.74
10223,4,11.64
10224,1,6.08
10225,1,6.06
10226,4,12.85
10227,4,6.83
10228,2,6.1
10229,3,6.6
10230,4,7.01
10231,1,6.14
10232,2,6.21
10233,2,6.21
10234,1,6.11
10235,2,6.17
10236,0,6.0
10237,2,6.13
10238,4,12.39
10239,2,6.18
10240,3,6.86
10241,3,6.35
10242,4,24.74
10243,1,6.09
10244,0,6.09
10245,2,6.05
10246,3,6.34
10247,1,6.16
10248,0,6.03
10249,4,6.63
10250,0,6.13
10251,4,14.02
10252,1,6.15
10253,1,6.1
10254,4,12.33
10255,0,6.07
10256,3,6.22
10257,1,6.06
10258,4,12.0
10259,0,6.06
10260,4,35.43
10261,0,6.04
10262,1,6.06
10263,0,6.02
10264,4,11.59
10265,4,7.76
10266,1,6.05
10267,2,6.07
10268,0,6.14
10269,4,11.82
10270,4,8.92
10271,4,7.04
10272,0,6.06
10273,2,6.18
10274,1,6.13
10275,3,6.7
10276,4,8.76
10277,4,7.23
10278,2,6.15
10279,1,6.1
10280,4,6.83
10281,4,7.07
10282,2,6.16
10283,2,6.2
10284,1,6.11
10285,2,6.16
10286,2,6.18
10287,3,6.74
10288,3,6.29
10289,4,9.51
10290,2,6.1
10291,0,6.01
10292,3,6.17
10293,3,6.63
10294,1,6.05
10295,3,6.18
10296,3,6.26
10297,2,6.14
10298,0,6.09
10299,2,6.2
10300,3,6.27
10301,2,6.11
10302,2,6.25
10303,0,6.04
10304,4,8.21
10305,2,6.21
10306,4,7.9
10307,4,29.97
10308,2,6.1
10309,1,6.12
10310,1,6.06
10311,0,6.0
10312,1,6.09
10313,1,6.17
10314,4,8.07
10315,3,6.29
10316,1,6.19
10317,0,6.09
10318,2,6.17
10319,4,7.38
10320,1,6.09
10321,4,35.34
10322,4,6.98
10323,4,8.77
10324,4,7.11
10325,3,6.45
10326,1,6.12
10327,4,16.51
10328,3,6.43
10329,1,6.16
10330,4,10.13
10331,4,10.41
10332,2,6.12
10333,1,6.02
10334,3,6.98
10335,1,6.05
10336,3,6.65
10337,4,7.1
10338,4,9.3
10339,3,6.17
10340,3,6.35
10341,1,6.08
10342,1,6.16
10343,1,6.07
10344,4,21.27
10345,3,6.64
10346,4,6.63
10347,1,6.11
10348,2,6.19
10349,3,6.29
10350,2,6.24
10351,4,7.43
10352,1,6.05
10353,2,6.13
10354,3,8.28
10355,4,15.0
10356,3,6.28
10357,2,6.15
10358,4,11.65
10359,2,6.11
10360,0,6.04
10361,4,16.69
10362,4,9.34
10363,0,6.04
10364,3,6.2
10365,4,6.8
10366,4,10.11
10367,1,6.15
10368,0,6.1
10369,4,13.22
10370,0,6.04
10371,3,6.24
10372,4,9.2
10373,0,6.06
10374,1,6.17
10375,1,6.19
10376,1,6.09
10377,0,6.07
10378,2,6.09
10379,0,6.0
10380,0,6.06
10381,4,25.97
10382,1,6.21
10383,2,6.14
10384,0,6.05
10385,4,6.96
10386,4,8.66
10387,1,6.17
10388,0,6.07
10389,0,6.02
10390,2,6.18
10391,3,6.38
10392,3,6.45
10393,2,6.08
10394,4,6.81
10395,4,7.18
10396,0,6.04
10397,4,8.63
10398,1,6.15
10399,0,6.03
10400,4,30.86
10401,1,6.11
10402,4,9.7
10403,1,6.09
10404,4,9.84
10405,0,6.04
10406,1,6.07
10407,3,6.8
10408,1,6.04
10409,3,6.48
10410,3,6.26
10411,0,6.02
10412,0,6.02
10413,3,6.52
10414,0,6.07
10415,3,6.42
10416,1,6.05
10417,2,6.18
10418,3,6.82
10419,0,6.05
10420,4,6.99
10421,3,6.22
10422,3,6.28
10423,3,6.23
10424,3,6.38
10425,1,6.12
10426,2,6.16
10427,3,6.32
10428,4,7.54
10429,2,6.24
10430,0,6.03
10431,2,6.14
10432,4,7.99
10433,4,9.5
10434,2,6.14
10435,4,6.8
10436,1,6.04
10437,4,7.77
10438,3,6.21
10439,4,9.48
10440,0,6.09
10441,0,6.08
10442,3,6.39
10443,2,6.15
10444,1,6.01
10445,4,10.81
10446,0,6.04
10447,1,6.17
10448,4,13.02
10449,2,6.2
10450,4,7.4
10451,1,6.02
10452,3,6.33
10453,1,6.1
10454,4,17.79
10455,2,6.05
10456,4,7.83
10457,1,6.06
10458,3,6.57
10459,2,6.09
10460,0,6.05
10461,1,6.05
10462,4,10.71
10463,3,6.55
10464,4,14.35
10465,0,6.03
10466,2,6.15
10467,1,6.0
10468,3,6.5
10469,2,6.26
10470,4,7.02
10471,2,6.08
10472,1,6.12
10473,3,6.29
10474,0,6.0
10475,3,6.76
10476,2,6.05
10477,0,6.08
10478,3,6.36
10479,4,10.09
10480,3,6.65
10481,1,6.19
10482,3,6.44
10483,0,6.03
10484,4,7.73
10485,1,6.02
10486,1,6.15
10487,4,14.26
10488,2,6.15
10489,0,6.02
10490,4,7.73
10491,1,6.1
10492,0,6.07
10493,1,6.08
10494,2,6.21
10495,1,6.12
10496,4,6.84
10497,0,6.0
10498,3,6.62
10499,4,8.3
10500,3,6.35
10501,0,6.04
10502,4,8.68
10503,2,6.16
10504,0,6.02
10505,3,6.21
10506,1,6.07
10507,4,13.47
10508,2,6.17
10509,4,7.46
10510,1,6.11
10511,4,18.54
10512,1,6.05
10513,3,6.35
10514,3,6.47
10515,3,6.18
10516,4,8.35
10517,2,6.11
10518,4,12.68
10519,0,6.02
10520,1,6.05
10521,3,6.31
10522,0,6.16
10523,0,6.03
10524,0,6.12
10525,1,6.19
10526,1,6.04
10527,0,6.02
10528,0,6.06
10529,4,9.36
10530,1,6.07
10531,0,6.15
10532,4,7.07
10533,0,6.03
10534,4,7.44
10535,4,32.35
10536,4,8.43
10537,3,7.47
10538,1,6.04
10539,2,6.18
10540,4,20.98
10541,3,6.42
10542,2,6.16
10543,4,28.46
10544,1,6.08
10545,1,6.05
10546,3,6.26
10547,4,11.01
10548,0,6.03
10549,2,6.17
10550,0,6.06
10551,0,6.04
10552,1,6.08
10553,3,6.24
10554,4,7.83
10555,3,6.33
10556,1,6.06
10557,0,6.15
10558,0,6.06
10559,3,6.67
10560,2,6.37
10561,3,6.83
10562,3,6.23
10563,3,6.33
10564,2,6.06
10565,3,6.55
10566,1,6.13
10567,2,6.18
10568,0,6.09
10569,2,6.08
10570,4,15.6
10571,2,6.15
10572,0,6.09
10573,1,6.04
10574,3,6.2
10575,1,6.05
10576,1,6.01
10577,3,6.43
10578,0,6.1
10579,1,6.13
10580,3,6.23
10581,2,6.2
10582,3,6.37
10583,4,6.73
10584,3,6.79
10585,4,26.97
10586,0,6.07
10587,3,6.73
10588,4,8.43
10589,1,6.01
10590,0,6.0
10591,0,6.23
10592,3,6.79
10593,3,6.16
10594,4,22.83
10595,2,6.13
10596,3,6.38
10597,1,6.18
10598,3,6.79
10599,2,6.11
10600,0,6.04
10601,4,6.76
10602,1,6.2
10603,2,6.12
10604,0,5.99
10605,3,6.83
10606,3,7.85
10607,4,9.06
10608,1,6.06
10609,2,6.19
10610,0,6.0
10611,3,6.32
10612,2,6.09
10613,0,6.04
10614,1,6.09
10615,3,6.24
10616,1,6.03
10617,2,6.25
10618,1,6.08
10619,2,6.14
10620,0,6.01
10621,1,6.09
10622,2,6.13
10623,0,6.08
10624,2,6.1
10625,1,6.09
10626,4,8.01
10627,1,6.14
10628,4,8.72
10629,4,22.99
10630,1,6.08
10631,0,6.12
10632,2,6.08
10633,3,6.59
10634,3,6.2
10635,3,6.63
10636,2,6.15
10637,1,6.04
10638,2,6.22
10639,0,6.09
10640,3,6.52
10641,1,6.07
10642,4,7.31
10643,3,6.3
10644,1,6.2
10645,0,6.06
10646,1,6.08
10647,1,6.13
10648,2,6.22
10649,4,8.38
10650,1,6.03
10651,3,6.77
10652,1,6.09
10653,2,6.14
10654,1,6.14
10655,0,6.01
10656,4,26.95
10657,2,6.11
10658,2,6.1
10659,3,6.48
10660,2,6.15
10661,2,6.14
10662,2,6.17
10663,2,6.18
10664,3,6.46
10665,1,6.04
10666,1,6.12
10667,4,11.16
10668,0,6.05
10669,3,6.71
10670,1,6.04
10671,1,6.03
10672,3,6.39
10673,4,6.91
10674,2,6.13
10675,4,17.97
10676,2,6.08
10677,2,6.13
10678,0,6.03
10679,0,6.03
10680,4,35.52
10681,1,6.04
10682,4,18.62
10683,4,13.62
10684,3,6.4
10685,1,6.05
10686,1,6.09
10687,4,35.37
10688,2,6.16
10689,2,6.21
10690,0,6.2
10691,3,6.36
10692,3,6.37
10693,2,6.15
10694,2,6.15
10695,4,7.37
10696,1,6.09
10697,1,6.13
10698,3,6.62
10699,1,6.06
10700,4,20.22
10701,3,6.63
10702,4,7.45
10703,1,6.06
10704,2,6.19
10705,3,6.25
10706,3,7.92
10707,3,6.71
10708,2,6.16
10709,3,6.56
10710,2,6.09
10711,3,6.3
10712,3,6.1
10713,2,6.06
10714,2,6.14
10715,1,6.05
10716,4,9.52
10717,0,6.03
10718,0,6.14
10719,3,6.23
10720,1,6.02
10721,1,6.16
10722,1,6.18
10723,2,6.3
10724,4,9.59
10725,1,6.08
10726,4,7.23
10727,4,7.5
10728,4,9.82
10729,0,6.05
10730,3,6.26
10731,2,6.15
10732,1,6.09
10733,3,6.24
10734,1,6.1
10735,1,6.08
10736,1,6.08
10737,4,16.56
10738,2,6.17
10739,0,6.03
10740,4,8.43
10741,0,6.08
10742,0,6.02
10743,0,6.04
10744,2,6.08
10745,0,6.17
10746,0,5.98
10747,3,6.27
10748,1,6.03
10749,3,6.19
10750,1,6.09
10751,2,6.2
10752,4,7.19
10753,1,6.11
10754,0,6.01
10755,2,6.12
10756,1,6.03
10757,4,8.4
10758,4,8.93
10759,1,6.13
10760,2,6.39
10761,3,6.71
10762,0,6.04
10763,3,6.23
10764,0,6.04
10765,4,7.25
10766,3,6.25
10767,3,6.25
10768,1,6.09
10769,1,6.13
10770,3,6.25
10771,0,6.06
10772,3,6.33
10773,4,9.24
10774,0,6.06
10775,1,6.2
10776,4,11.17
10777,2,6.18
10778,1,6.05
10779,2,6.19
10780,3,6.34
10781,1,6.08
10782,1,6.07
10783,4,8.53
10784,2,6.14
10785,1,6.15
10786,2,6.15
10787,3,8.31
10788,0,6.09
10789,4,11.88
10790,2,6.28
10791,0,6.1
10792,3,6.52
10793,1,6.07
10794,4,12.87
10795,4,7.89
10796,1,6.06
10797,4,6.95
10798,0,6.01
10799,4,13.39
10800,2,6.2
10801,2,6.21
10802,0,6.03
10803,0,6.02
10804,4,8.39
10805,3,6.48
10806,3,6.39
10807,3,6.17
10808,4,7.15
10809,1,6.08
10810,3,6.26
10811,3,6.19
10812,1,6.08
10813,3,6.42
10814,3,6.27
10815,0,6.04
10816,2,6.17
10817,2,6.25
10818,4,10.44
10819,0,6.09
10820,0,6.12
10821,1,6.06
10822,0,6.0
10823,1,6.05
10824,0,6.06
10825,4,13.62
10826,4,6.76
10827,0,6.05
10828,3,6.27
10829,3,6.27
10830,4,23.98
10831,4,8.7
10832,2,6.25
10833,4,8.26
10834,1,6.15
10835,1,6.09
10836,1,6.01
10837,1,6.11
10838,2,6.08
10839,1,6.1
10840,2,6.08
10841,4,7.08
10842,1,6.06
10843,4,8.58
10844,3,7.97
10845,1,6.22
10846,2,6.18
10847,3,6.4
10848,3,6.29
10849,0,6.01
10850,0,6.03
10851,3,6.4
10852,1,6.07
10853,2,6.17
10854,4,7.76
10855,1,6.12
10856,4,8.66
10857,3,6.44
10858,3,6.19
10859,0,6.04
10860,4,9.2
10861,3,6.51
10862,2,6.07
10863,4,6.88
10864,4,10.5
10865,1,6.21
10866,2,6.14
10867,1,6.07
10868,3,6.26
10869,1,6.08
10870,0,6.07
10871,4,16.56
10872,3,6.72
10873,2,6.22
10874,0,6.07
10875,1,6.21
10876,1,6.12
10877,2,6.09
10878,1,6.13
10879,0,6.03
10880,2,6.05
10881,3,6.19
10882,0,6.15
10883,2,6.21
10884,2,6.18
10885,1,6.08
10886,2,6.18
10887,1,6.11
10888,1,6.04
10889,2,6.22
10890,1,6.13
10891,4,8.66
10892,4,11.78
10893,4,12.02
10894,4,7.29
10895,0,6.07
10896,1,6.08
10897,3,6.31
10898,4,35.99
10899,4,16.32
10900,3,6.32
10901,3,6.48
10902,3,6.6
10903,2,6.17
10904,3,6.16
10905,4,7.46
10906,4,7.25
10907,2,6.18
10908,0,6.01
10909,3,6.26
10910,4,7.12
10911,4,31.18
10912,3,6.19
10913,0,6.01
10914,2,6.14
10915,4,34.8
10916,3,6.26
10917,2,6.25
10918,3,6.37
10919,1,6.0
10920,4,7.08
10921,4,7.39
10922,4,22.13
10923,3,6.3
10924,4,9.6
10925,1,6.11
10926,1,6.14
10927,3,6.4
10928,3,6.48
10929,4,9.87
10930,3,6.26
10931,1,6.11
10932,0,6.03
10933,0,6.01
10934,4,7.98
10935,3,6.45
10936,4,7.19
10937,4,33.22
10938,0,6.14
10939,3,6.37
10940,0,6.09
10941,1,6.04
10942,4,17.22
10943,0,6.06
10944,4,6.69
10945,4,10.55
10946,2,6.1
10947,1,6.07
10948,0,6.05
10949,4,7.92
10950,0,6.09
10951,2,6.1
10952,4,10.28
10953,3,6.4
10954,2,6.08
10955,2,6.2
10956,1,6.18
10957,3,6.36
10958,4,10.99
10959,4,9.21
10960,4,8.5
10961,4,35.26
10962,1,6.09
10963,4,7.31
10964,1,6.22
10965,1,6.09
10966,2,6.13
10967,1,6.14
10968,1,6.09
10969,0,6.06
10970,3,6.71
10971,0,6.03
10972,3,6.57
10973,3,6.36
10974,3,6.83
10975,4,12.57
10976,2,6.08
10977,4,8.8
10978,2,6.23
10979,4,6.87
10980,4,6.95
10981,1,6.05
10982,1,6.08
10983,1,6.03
10984,3,6.32
10985,1,6.07
10986,2,6.07
10987,2,6.3
10988,2,6.18
10989,2,6.17
10990,3,6.68
10991,2,6.15
10992,3,6.26
10993,4,8.82
10994,3,6.88
10995,1,6.13
10996,2,6.19
10997,0,6.05
10998,3,6.44
10999,0,6.07
11000,1,6.13
11001,2,6.28
11002,3,6.62
11003,1,6.04
11004,1,6.07
11005,4,34.95
11006,1,6.09
11007,1,6.08
11008,1,6.12
11009,4,12.49
11010,1,6.14
11011,4,7.21
11012,2,6.2
11013,3,6.28
11014,4,14.31
11015,3,6.95
11016,1,6.16
11017,2,6.21
11018,4,7.91
11019,4,7.43
11020,4,30.48
11021,4,15.15
11022,1,6.04
11023,2,6.13
11024,3,6.4
11025,2,6.15
11026,3,6.27
11027,4,7.1
11028,0,6.17
11029,2,6.25
11030,2,6.2
11031,1,6.15
11032,3,6.33
11033,4,7.34
11034,2,6.14
11035,2,6.32
11036,1,6.05
11037,4,7.17
11038,3,7.06
11039,4,11.2
11040,1,6.13
11041,0,6.13
11042,0,6.08
11043,2,6.06
11044,0,6.02
11045,3,6.53
11046,3,6.32
11047,0,6.02
11048,1,6.1
11049,4,27.02
11050,0,5.97
11051,3,6.19
11052,3,6.84
11053,0,6.11
11054,1,6.1
11055,2,6.23
11056,3,6.22
11057,2,6.18
11058,3,6.42
11059,3,6.42
11060,4,12.55
11061,3,6.19
11062,3,7.83
11063,2,6.22
11064,4,9.76
11065,1,6.08
11066,3,6.93
11067,1,6.07
11068,3,6.15
11069,1,6.15
11070,4,35.84
11071,2,6.11
11072,2,6.19
11073,2,6.17
11074,1,6.18
11075,4,7.08
11076,3,6.42
11077,4,14.68
11078,4,10.3
11079,3,6.4
11080,0,6.11
11081,1,6.02
11082,3,6.45
11083,3,6.35
11084,2,6.18
11085,0,6.1
11086,0,6.05
11087,0,6.18
11088,2,6.11
11089,2,6.1
11090,1,6.08
11091,0,6.04
11092,3,6.16
11093,3,6.26
11094,4,12.45
11095,2,6.18
11096,2,6.19
11097,1,6.09
11098,1,6.08
11099,3,6.93
11100,1,6.17
11101,4,7.33
11102,1,6.09
11103,4,8.53
11104,1,6.07
11105,2,6.03
11106,3,6.15
11107,2,6.17
11108,4,7.59
11109,2,6.17
11110,2,6.27
11111,3,6.66
11112,3,6.16
11113,2,6.14
11114,4,11.93
11115,2,6.16
11116,1,6.11
11117,4,6.94
11118,2,6.23
11119,3,6.34
11120,3,6.59
11121,1,6.07
11122,3,6.4
11123,0,6.11
11124,3,6.41
11125,4,9.92
11126,1,6.11
11127,4,9.89
11128,4,9.09
11129,4,13.87
11130,3,6.53
11131,1,6.13
11132,4,35.54
11133,2,6.17
11134,0,6.04
11135,2,6.09
11136,3,6.22
11137,1,6.15
11138,1,6.09
11139,1,6.04
11140,4,15.77
11141,3,6.24
11142,0,6.08
11143,3,6.82
11144,3,6.49
11145,4,12.68
11146,2,6.07
11147,2,6.14
11148,2,6.23
11149,2,6.08
11150,1,6.11
11151,0,6.03
11152,2,6.24
11153,0,6.01
11154,0,6.06
11155,4,9.95
11156,4,6.88
11157,3,6.29
11158,1,6.1
11159,0,6.09
11160,4,8.15
11161,2,6.27
11162,0,6.03
11163,0,6.04
11164,4,6.64
11165,1,6.08
11166,1,6.1
11167,2,6.1
11168,1,6.13
11169,2,6.13
11170,0,6.07
11171,0,6.0
11172,0,6.08
11173,4,7.07
11174,1,6.19
11175,0,6.07
11176,1,6.1
11177,4,7.46
11178,1,6.08
11179,3,6.64
11180,3,6.31
11181,3,6.25
11182,1,6.12
11183,4,6.94
11184,0,6.05
11185,2,6.17
11186,0,6.04
11187,3,6.17
11188,4,13.0
11189,2,6.14
11190,2,6.14
11191,3,6.47
11192,4,9.13
11193,3,6.15
11194,3,6.55
11195,2,6.05
11196,4,31.52
11197,1,6.11
11198,1,6.21
11199,3,6.23
11200,2,6.17
11201,3,6.28
11202,0,6.16
11203,0,6.03
11204,0,6.09
11205,2,6.18
11206,2,6.17
11207,0,6.18
11208,1,6.13
11209,3,6.23
11210,0,6.02
11211,4,21.98
11212,1,6.18
11213,4,10.56
11214,2,6.12
11215,4,8.85
11216,4,7.66
11217,2,6.12
11218,2,6.1
11219,3,6.62
11220,0,6.01
11221,4,8.94
11222,1,6.02
11223,4,19.35
11224,1,6.15
11225,2,6.11
11226,3,6.16
11227,0,6.2
11228,2,6.25
11229,1,6.04
11230,2,6.12
11231,4,7.74
11232,0,6.0
11233,2,6.14
11234,2,6.18
11235,4,9.91
11236,2,6.13
11237,0,6.06
11238,3,6.2
11239,0,5.97
11240,3,6.31
11241,3,6.4
11242,0,6.02
11243,3,6.69
11244,3,6.2
11245,4,7.27
11246,3,6.26
11247,4,7.82
11248,0,6.05
11249,1,6.07
11250,3,6.29
11251,4,8.39
11252,0,6.04
11253,4,10.03
11254,2,6.07
11255,1,6.05
11256,4,7.66
11257,3,6.6
11258,0,6.0
11259,4,18.38
11260,2,6.11
11261,0,6.01
11262,2,6.12
11263,1,6.11
11264,0,6.11
11265,2,6.15
11266,2,6.18
11267,2,6.14
11268,4,6.92
11269,4,6.93
11270,1,6.05
11271,1,6.07
11272,2,6.31
11273,1,6.06
11274,3,6.53
11275,2,6.25
11276,1,6.12
11277,1,6.08
11278,4,35.45
11279,3,6.13
11280,4,15.65
11281,2,6.26
11282,1,6.11
11283,1,6.15
11284,4,9.95
11285,0,6.03
11286,0,6.07
11287,1,6.12
11288,0,6.0
11289,0,6.06
11290,1,6.06
11291,0,6.1
11292,0,6.03
11293,0,6.06
11294,2,6.08
11295,4,12.36
11296,4,18.99
11297,1,6.08
11298,2,6.17
11299,1,6.01
11300,1,6.01
11301,2,6.17
11302,2,6.18
11303,3,6.21
11304,4,6.94
11305,1,6.08
11306,1,6.03
11307,3,7.27
11308,2,6.15
11309,3,6.16
11310,4,35.2
11311,3,6.61
11312,4,10.24
11313,4,10.66
11314,2,6.07
11315,0,6.03
11316,2,6.19
11317,3,6.42
11318,3,6.4
11319,2,6.12
11320,3,6.35
11321,1,6.09
11322,3,6.37
11323,1,6.15
11324,1,6.08
11325,4,10.43
11326,2,6.08
11327,1,6.11
11328,1,6.07
11329,2,6.19
11330,4,13.45
11331,0,6.02
11332,2,6.18
11333,0,6.09
11334,4,7.16
11335,4,11.03
11336,0,6.28
11337,3,6.8
11338,2,6.1
11339,4,29.42
11340,1,6.1
11341,3,6.34
11342,0,6.06
11343,2,6.23
11344,3,6.36
11345,2,6.19
11346,2,6.15
11347,4,8.54
11348,0,6.05
11349,4,19.91
11350,2,6.22
11351,4,7.06
11352,3,6.15
11353,3,6.25
11354,3,6.6
11355,2,6.15
11356,2,6.24
11357,2,6.2
11358,4,33.18
11359,4,19.79
11360,0,6.04
11361,0,6.11
11362,2,6.1
11363,3,6.19
11364,4,8.64
11365,1,6.06
11366,3,6.28
11367,4,7.88
11368,4,7.02
11369,0,6.07
11370,4,11.42
11371,2,6.14
11372,4,12.41
11373,4,12.94
11374,4,6.89
11375,3,6.28
11376,4,10.51
11377,1,6.01
11378,2,6.16
11379,2,6.21
11380,4,12.88
11381,3,6.21
11382,0,6.0
11383,4,8.13
11384,3,6.39
11385,0,6.06
11386,0,6.03
11387,2,6.25
11388,2,6.11
11389,1,6.03
11390,3,6.26
11391,3,6.19
11392,1,6.13
11393,4,13.41
11394,4,13.01
11395,3,6.44
11396,2,6.08
11397,1,6.09
11398,0,6.16
11399,0,6.04
11400,0,6.14
11401,2,6.04
11402,1,6.11
11403,0,6.08
11404,2,6.26
11405,0,6.08
11406,0,6.1
11407,1,6.11
11408,3,6.16
11409,0,6.02
11410,3,6.85
11411,1,6.15
11412,3,6.28
11413,4,10.35
11414,1,6.08
11415,1,6.15
11416,0,6.1
11417,0,6.08
11418,1,6.05
11419,0,6.26
11420,3,6.19
11421,4,10.69
11422,2,6.13
11423,2,6.08
11424,1,6.07
11425,0,6.09
11426,2,6.07
11427,0,6.02
11428,4,10.77
11429,1,6.09
11430,2,6.15
11431,2,6.08
11432,1,6.06
11433,1,6.1
11434,0,6.05
11435,1,6.23
11436,1,6.07
11437,0,6.12
11438,2,6.11
11439,2,6.19
11440,0,6.09
11441,3,6.19
11442,4,8.52
11443,1,6.11
11444,2,6.09
11445,1,6.16
11446,2,6.22
11447,0,6.09
11448,4,7.09
11449,2,6.25
11450,4,9.03
11451,4,30.25
11452,1,6.15
11453,1,6.09
11454,4,11.61
11455,0,6.05
11456,1,6.03
11457,4,7.15
11458,0,6.02
11459,2,6.12
11460,4,9.5
11461,1,6.08
11462,0,6.09
11463,1,6.17
11464,0,6.02
11465,4,9.44
11466,1,6.03
11467,4,8.89
11468,2,6.17
11469,2,6.16
11470,2,6.15
11471,3,6.43
11472,3,6.22
11473,2,6.04
11474,0,6.03
11475,2,6.18
11476,0,6.02
11477,0,6.11
11478,3,6.25
11479,4,9.4
11480,1,6.06
11481,1,6.08
11482,0,6.0
11483,0,6.12
11484,0,6.08
11485,3,6.31
11486,1,6.07
11487,2,6.12
11488,1,6.1
11489,3,6.45
11490,1,6.07
11491,1,6.05
11492,4,7.42
11493,3,6.53
11494,3,8.25
11495,2,6.21
11496,1,6.07
11497,1,6.06
11498,0,6.05
11499,1,6.26
11500,0,6.02
11501,1,6.15
11502,4,29.94
11503,2,6.05
11504,2,6.15
11505,4,12.05
11506,2,6.16
11507,2,6.22
11508,1,6.12
11509,2,6.09
11510,0,6.06
11511,0,6.03
11512,0,6.04
11513,3,6.5
11514,4,13.58
11515,3,6.74
11516,2,6.18
11517,4,9.93
11518,1,6.03
11519,4,9.14
11520,4,8.0
11521,2,6.2
11522,2,6.07
11523,0,6.04
11524,3,6.39
11525,4,9.17
11526,2,6.28
11527,2,6.1
11528,1,6.03
11529,2,6.21
11530,2,6.15
11531,4,9.03
11532,2,6.24
11533,1,6.07
11534,4,35.32
11535,1,6.12
11536,1,6.06
11537,4,12.56
11538,1,6.11
11539,2,6.17
11540,4,23.34
11541,4,10.67
11542,4,34.82
11543,3,6.31
11544,0,6.03
11545,3,6.33
11546,2,6.08
11547,2,6.13
11548,1,6.09
11549,1,6.06
11550,2,6.12
11551,2,6.13
11552,4,7.19
11553,4,6.71
11554,2,6.25
11555,3,6.45
11556,4,10.53
11557,4,17.87
11558,4,35.4
11559,4,17.19
11560,2,6.14
11561,4,8.51
11562,4,7.8
11563,1,6.08
11564,0,6.06
11565,1,6.16
11566,4,33.63
11567,1,6.05
11568,4,6.96
11569,3,7.94
11570,3,6.28
11571,3,6.2
11572,0,6.03
11573,0,6.01
11574,4,7.15
11575,0,6.1
11576,1,6.03
11577,1,6.1
11578,3,6.4
11579,4,7.5
11580,4,13.19
11581,2,6.16
11582,3,6.66
11583,2,6.23
11584,0,6.02
11585,0,5.99
11586,0,6.07
11587,0,5.97
11588,4,8.12
11589,1,6.13
11590,0,6.0
11591,0,6.02
11592,2,6.08
11593,2,6.25
11594,4,9.12
11595,2,6.15
11596,1,6.03
11597,4,30.34
11598,2,6.11
11599,4,14.28
11600,2,6.17
11601,3,6.31
11602,3,6.35
11603,3,6.91
11604,3,6.17
11605,3,6.57
11606,0,6.05
11607,0,6.0
11608,2,6.09
11609,1,6.04
11610,0,6.01
11611,3,6.17
11612,0,6.05
11613,3,6.29
11614,3,6.37
11615,4,6.89
11616,0,6.06
11617,1,6.08
11618,3,7.02
11619,0,6.1
11620,2,6.14
11621,3,6.3
11622,1,6.08
11623,4,9.2
11624,1,6.07
11625,3,6.29
11626,4,12.84
11627,1,6.04
11628,1,6.05
11629,4,35.42
11630,4,9.45
11631,1,6.06
11632,0,6.06
11633,0,6.03
11634,0,6.08
11635,0,6.08
11636,1,6.13
11637,1,6.14
11638,1,6.14
11639,3,6.33
11640,4,7.64
11641,2,6.09
11642,2,6.11
11643,2,6.13
11644,2,6.4
11645,3,6.26
11646,0,6.02
11647,4,8.5
11648,3,6.41
11649,0,5.98
11650,1,6.11
11651,2,6.16
11652,0,6.1
11653,0,6.09
11654,0,6.04
11655,3,6.44
11656,1,6.1
11657,2,6.11
11658,3,6.33
11659,4,10.53
11660,3,6.23
11661,0,6.07
11662,1,6.08
11663,4,35.99
11664,3,6.32
11665,4,6.9
11666,3,6.24
11667,4,10.66
11668,2,6.22
11669,0,6.06
11670,0,6.02
11671,3,6.29
11672,3,6.49
11673,0,6.02
11674,0,6.05
11675,2,6.19
11676,0,6.07
11677,1,6.09
11678,0,6.05
11679,4,35.43
11680,0,6.08
11681,4,9.13
11682,1,6.17
11683,1,6.12
11684,0,6.03
11685,1,6.17
11686,2,6.15
11687,0,6.13
11688,0,5.98
11689,0,6.0
11690,3,6.39
11691,2,6.06
11692,2,6.12
11693,4,11.05
11694,1,6.04
11695,1,6.17
11696,4,7.36
11697,3,6.51
11698,3,6.28
11699,2,6.35
11700,1,6.02
11701,4,19.23
11702,2,6.16
11703,0,6.03
11704,3,6.61
11705,2,6.16
11706,1,6.09
11707,2,6.13
11708,0,6.05
11709,0,6.05
11710,3,6.47
11711,1,6.09
11712,3,6.63
11713,3,6.45
11714,0,6.09
11715,0,6.06
11716,3,6.33
11717,2,6.11
11718,2,6.19
11719,1,6.12
11720,2,6.16
11721,0,6.01
11722,3,7.09
11723,2,6.35
11724,2,6.1
11725,2,6.16
11726,0,6.03
11727,1,6.14
11728,1,6.13
11729,3,6.7
11730,4,8.62
11731,4,15.09
11732,1,6.06
11733,0,6.02
11734,3,7.71
11735,2,6.1
11736,4,15.2
11737,0,6.02
11738,0,6.02
11739,2,6.14
11740,3,6.41
11741,1,6.07
11742,1,6.13
11743,3,6.64
11744,1,6.06
11745,0,6.05
11746,2,6.13
11747,1,6.12
11748,4,7.26
11749,4,8.15
11750,3,6.4
11751,0,6.07
11752,0,6.09
11753,1,6.09
11754,0,6.03
11755,0,6.0
11756,1,6.03
11757,4,9.43
11758,3,6.89
11759,2,6.06
11760,2,6.12
11761,4,7.73
11762,0,6.07
11763,3,6.69
11764,0,6.04
11765,4,9.19
11766,2,6.15
11767,4,6.6
11768,2,6.11
11769,3,6.18
11770,3,6.28
11771,2,6.14
11772,1,6.08
11773,0,6.03
11774,2,6.08
11775,3,6.51
11776,1,6.11
11777,4,7.58
11778,4,7.57
11779,0,6.06
11780,2,6.16
11781,1,6.22
11782,1,6.21
11783,0,6.03
11784,3,6.63
11785,2,6.08
11786,0,6.14
11787,1,6.1
11788,4,7.92
11789,1,6.04
11790,0,6.11
11791,2,6.13
11792,1,6.12
11793,3,6.42
11794,3,6.36
11795,4,11.04
11796,4,9.45
11797,3,6.44
11798,2,6.12
11799,2,6.23
11800,3,6.37
11801,1,6.06
11802,1,6.16
11803,3,6.46
11804,4,7.26
11805,1,6.17
11806,0,6.13
11807,4,10.87
11808,2,6.26
11809,1,6.07
11810,1,6.06
11811,3,6.52
11812,1,6.08
11813,2,6.09
11814,4,35.32
11815,4,18.09
11816,3,6.26
11817,3,6.28
11818,0,6.06
11819,2,6.22
11820,1,6.12
11821,2,6.33
11822,0,6.05
11823,1,6.1
11824,2,6.11
11825,3,6.44
11826,1,6.05
11827,4,16.46
11828,3,6.6
11829,2,6.3
11830,2,6.32
11831,3,6.22
11832,4,9.88
11833,0,6.07
11834,4,27.98
11835,2,6.17
11836,4,7.65
11837,0,6.0
11838,4,10.94
11839,0,6.03
11840,1,6.04
11841,0,6.09
11842,0,6.1
11843,2,6.16
11844,3,6.88
11845,2,6.18
11846,0,5.97
11847,0,6.0
11848,3,6.66
11849,3,6.81
11850,1,6.18
11851,3,6.51
11852,4,30.78
11853,2,6.13
11854,0,6.11
11855,4,8.1
11856,4,10.22
11857,1,6.07
11858,4,10.53
11859,1,6.05
11860,4,7.92
11861,2,6.14
11862,0,6.05
11863,4,9.64
11864,3,6.64
11865,0,5.99
11866,2,6.05
11867,4,8.19
11868,3,6.52
11869,3,6.26
11870,2,6.26
11871,4,7.71
11872,0,6.04
11873,0,6.06
11874,3,6.49
11875,4,7.27
11876,1,6.13
11877,3,6.24
11878,2,6.17
11879,0,6.02
11880,3,6.25
11881,1,6.1
11882,4,13.17
11883,2,6.1
11884,0,6.08
11885,1,6.06
11886,0,6.04
11887,0,6.12
11888,3,6.52
11889,2,6.13
11890,0,6.05
11891,3,6.26
11892,2,6.18
11893,0,6.02
11894,1,6.06
11895,2,6.24
11896,4,8.47
11897,0,6.04
11898,3,6.48
11899,0,6.01
11900,0,6.07
11901,1,6.19
11902,2,6.18
11903,1,6.15
11904,2,6.17
11905,1,6.17
11906,2,6.16
11907,4,28.63
11908,1,6.36
11909,0,6.04
11910,4,6.92
11911,1,6.09
11912,2,6.15
11913,4,11.72
11914,2,6.12
11915,3,6.31
11916,4,35.99
11917,2,6.12
11918,3,6.3
11919,4,7.76
11920,0,6.08
11921,4,14.95
11922,3,6.83
11923,1,6.09
11924,1,6.06
11925,0,6.0
11926,1,6.07
11927,2,6.08
11928,4,8.95
11929,2,6.08
11930,3,6.21
11931,0,5.99
11932,0,6.08
11933,1,6.06
11934,0,6.03
11935,0,6.18
11936,4,6.88
11937,1,6.12
11938,1,6.05
11939,1,6.19
11940,1,6.07
11941,3,6.16
11942,4,10.13
11943,3,6.39
11944,4,7.15
11945,1,6.07
11946,0,6.12
11947,0,6.04
11948,2,6.16
11949,1,6.21
11950,1,6.08
11951,2,6.14
11952,2,6.12
11953,0,6.14
11954,4,11.8
11955,2,6.15
11956,0,6.1
11957,1,6.26
11958,2,6.26
11959,4,7.14
11960,2,6.3
11961,1,6.07
11962,0,6.08
11963,2,6.12
11964,4,9.2
11965,1,6.13
11966,0,6.03
11967,3,6.38
11968,0,6.07
11969,3,6.39
11970,1,6.05
11971,1,6.24
11972,2,6.09
11973,0,6.09
11974,0,6.02
11975,1,6.07
11976,1,6.04
11977,3,6.42
11978,4,7.95
11979,0,6.03
11980,2,6.21
11981,0,6.04
11982,1,6.13
11983,1,6.04
11984,2,6.17
11985,2,6.09
11986,1,6.11
11987,2,6.1
11988,2,6.23
11989,3,6.86
11990,0,6.05
11991,1,6.08
11992,0,6.07
11993,1,6.05
11994,3,6.34
11995,3,6.21
11996,4,14.69
11997,1,6.05
11998,3,6.38
11999,0,5.99
12000,3,6.26
12001,2,6.2
12002,1,6.01
12003,3,6.45
12004,3,6.24
12005,4,6.76
12006,1,6.04
12007,0,6.03
12008,0,6.09
12009,1,6.11
12010,0,6.12
12011,0,6.15
12012,2,6.23
12013,2,6.09
12014,2,6.2
12015,3,6.45
12016,1,6.06
12017,2,6.14
12018,0,6.05
12019,3,6.14
12020,1,6.1
12021,3,6.27
12022,4,15.98
12023,0,6.03
12024,2,6.16
12025,3,8.25
12026,2,6.18
12027,4,6.99
12028,2,6.07
12029,3,6.57
12030,2,6.28
12031,4,7.3
12032,4,10.3
12033,2,6.26
12034,0,6.05
12035,3,6.72
12036,3,6.22
12037,3,7.51
12038,3,6.63
12039,1,6.04
12040,1,6.04
12041,2,6.11
12042,1,6.19
12043,0,6.05
12044,0,6.07
12045,4,7.51
12046,2,6.08
12047,4,8.01
12048,3,6.53
12049,1,6.1
12050,4,10.64
12051,4,9.61
12052,0,6.02
12053,3,6.39
12054,3,6.33
12055,4,34.98
12056,1,6.16
12057,3,6.78
12058,2,6.35
12059,0,6.16
12060,3,6.29
12061,3,6.28
12062,0,6.03
12063,1,6.03
12064,4,7.68
12065,1,6.07
12066,3,6.59
12067,4,33.54
12068,4,7.99
12069,4,27.74
12070,3,8.52
12071,0,6.1
12072,0,6.05
12073,1,6.05
12074,1,6.11
12075,0,6.08
12076,3,6.26
12077,2,6.18
12078,2,6.17
12079,2,6.16
12080,3,6.15
12081,0,6.05
12082,3,6.64
12083,0,6.1
12084,0,6.03
12085,4,6.69
12086,1,6.0
12087,4,10.2
12088,4,7.46
12089,4,9.45
12090,4,7.38
12091,3,6.26
12092,4,7.43
12093,4,13.92
12094,0,6.01
12095,0,6.12
12096,0,6.04
12097,1,6.12
12098,1,6.08
12099,3,6.18
12100,1,6.05
12101,1,6.06
12102,0,6.04
12103,0,6.04
12104,3,6.43
12105,0,6.08
12106,2,6.16
12107,1,6.2
12108,2,6.1
12109,2,6.16
12110,1,6.08
12111,1,6.05
12112,1,6.08
12113,0,6.01
12114,0,6.15
12115,3,6.48
12116,4,7.99
12117,2,6.13
12118,0,6.01
12119,1,6.12
12120,3,8.52
12121,2,6.2
12122,0,6.02
12123,2,6.1
12124,1,6.19
12125,2,6.13
12126,4,9.06
12127,3,6.32
12128,0,6.03
12129,0,6.01
12130,2,6.22
12131,1,6.04
12132,3,7.92
12133,3,6.57
12134,0,5.97
12135,3,6.17
12136,3,6.24
12137,3,6.32
12138,2,6.05
12139,2,6.16
12140,2,6.11
12141,1,6.04
12142,2,6.13
12143,2,6.14
12144,0,6.01
12145,4,13.79
12146,3,6.35
12147,0,6.14
12148,0,6.01
12149,4,6.63
12150,2,6.1
12151,4,10.99
12152,2,6.09
12153,3,6.37
12154,2,6.18
12155,3,6.54
12156,2,6.12
12157,0,6.07
12158,0,6.06
12159,0,6.06
12160,2,6.13
12161,3,6.3
12162,4,10.53
12163,2,6.17
12164,2,6.08
12165,2,6.15
12166,4,7.39
12167,4,10.04
12168,2,6.16
12169,3,6.45
12170,2,6.06
12171,3,6.27
12172,1,6.08
12173,2,6.23
12174,1,6.04
12175,0,6.14
12176,3,6.56
12177,1,6.1
12178,1,6.06
12179,1,6.04
12180,0,6.03
12181,1,6.03
12182,0,6.09
12183,3,6.84
12184,0,6.04
12185,3,6.34
12186,0,6.04
12187,2,6.2
12188,2,6.16
12189,4,13.7
12190,0,6.05
12191,0,6.08
12192,0,6.07
12193,0,6.07
12194,1,6.14
12195,2,6.11
12196,1,6.17
12197,4,10.93
12198,4,9.4
12199,0,6.11
12200,2,6.09
12201,0,6.05
12202,2,6.12
12203,0,6.04
12204,3,6.93
12205,4,8.61
12206,4,7.99
12207,3,6.39
12208,2,6.09
12209,4,15.58
12210,0,6.04
12211,2,6.3
12212,4,27.02
12213,3,6.68
12214,0,6.11
12215,1,6.15
12216,4,10.1
12217,0,6.1
12218,4,9.57
12219,0,6.05
12220,0,6.09
12221,1,6.16
12222,0,6.09
12223,1,6.04
12224,2,6.08
12225,3,6.24
12226,0,6.03
12227,3,6.3
12228,2,6.08
12229,4,9.61
12230,3,6.27
12231,4,9.58
12232,0,6.06
12233,2,6.23
12234,2,6.11
12235,4,16.84
12236,1,6.08
12237,4,15.33
12238,2,6.16
12239,2,6.22
12240,1,6.13
12241,1,6.03
12242,3,6.19
12243,1,6.06
12244,2,6.13
12245,0,6.14
12246,2,6.08
12247,1,6.01
12248,2,6.19
12249,1,6.05
12250,2,6.1
12251,2,6.15
12252,3,6.15
12253,0,6.02
12254,2,6.24
12255,3,6.51
12256,4,9.45
12257,3,6.34
12258,0,6.07
12259,3,6.24
12260,3,6.21
12261,3,6.91
12262,0,6.02
12263,0,6.03
12264,1,6.03
12265,3,6.19
12266,1,6.17
12267,3,6.22
12268,3,6.4
12269,0,6.11
12270,4,9.27
12271,3,6.56
12272,2,6.15
12273,3,6.2
12274,0,6.05
12275,1,6.08
12276,3,6.36
12277,2,6.07
12278,2,6.15
12279,2,6.13
12280,2,6.07
12281,3,6.37
12282,2,6.21
12283,3,6.62
12284,4,9.76
12285,2,6.11
12286,4,8.21
12287,4,18.27
12288,2,6.23
12289,3,6.34
12290,4,6.82
12291,3,6.42
12292,2,6.15
12293,4,35.18
12294,0,5.98
12295,3,6.28
12296,1,6.1
12297,0,6.11
12298,0,6.01
12299,3,6.33
12300,2,6.15
12301,3,6.68
12302,4,18.68
12303,2,6.14
12304,1,6.13
12305,1,6.07
12306,2,6.09
12307,0,6.07
12308,1,6.03
12309,3,6.53
12310,2,6.08
12311,4,7.68
12312,1,6.06
12313,0,6.03
12314,3,6.31
12315,0,6.14
12316,0,6.06
12317,0,6.09
12318,0,6.04
12319,2,6.07
12320,0,6.06
12321,0,5.99
12322,0,6.05
12323,0,6.11
12324,0,6.07
12325,2,6.14
12326,4,8.13
12327,4,8.27
12328,1,6.07
12329,2,6.19
12330,2,6.18
12331,0,6.05
12332,2,6.19
12333,0,6.11
12334,2,6.13
12335,0,6.26
12336,0,6.31
12337,3,6.6
12338,1,6.14
12339,3,6.45
12340,0,6.0
12341,1,6.11
12342,0,6.08
12343,3,6.24
12344,4,8.14
12345,2,6.19
12346,1,6.08
12347,2,6.17
12348,2,6.07
12349,4,15.85
12350,0,6.03
12351,3,6.49
12352,4,9.63
12353,3,6.52
12354,1,6.06
12355,3,6.25
12356,2,7.52
12357,2,6.23
12358,3,8.49
12359,0,6.11
12360,0,6.01
12361,1,6.05
12362,0,6.12
12363,1,6.04
12364,4,12.54
12365,1,6.05
12366,3,6.36
12367,2,6.21
12368,3,6.24
12369,2,6.27
12370,4,13.81
12371,0,6.07
12372,1,6.04
12373,3,6.33
12374,3,6.33
12375,1,6.07
12376,3,6.38
12377,3,6.69
12378,1,6.11
12379,0,6.02
12380,2,6.12
12381,0,6.05
12382,0,6.04
12383,0,6.08
12384,2,6.14
12385,0,6.04
12386,0,6.05
12387,2,6.14
12388,2,6.15
12389,2,6.08
12390,2,6.08
12391,0,6.05
12392,2,6.2
12393,0,6.06
12394,0,6.02
12395,4,18.76
12396,2,6.1
12397,4,35.05
12398,3,6.42
12399,4,11.52
12400,1,6.07
12401,2,6.18
12402,0,5.99
12403,0,6.02
12404,2,6.12
12405,3,6.48
12406,3,6.3
12407,4,6.81
12408,1,6.09
12409,1,6.06
12410,2,6.12
12411,0,6.11
12412,0,6.09
12413,1,6.07
12414,0,6.07
12415,2,6.22
12416,2,6.09
12417,2,6.15
12418,1,6.1
12419,2,6.14
12420,2,6.11
12421,0,6.01
12422,1,6.01
12423,3,6.5
12424,2,6.13
12425,0,6.01
12426,3,6.21
12427,4,9.44
12428,3,6.31
12429,1,6.06
12430,4,9.61
12431,1,6.06
12432,4,35.11
12433,4,7.15
12434,4,7.29
12435,3,6.25
12436,0,6.03
12437,3,8.44
12438,4,7.51
12439,4,8.47
12440,0,6.03
12441,1,6.31
12442,0,6.01
12443,4,14.94
12444,0,5.97
12445,0,6.0
12446,3,6.41
12447,2,6.2
12448,0,6.05
12449,1,6.05
12450,2,6.17
12451,2,6.17
12452,0,6.08
12453,1,6.06
12454,2,6.24
12455,1,6.06
12456,0,6.03
12457,2,6.13
12458,3,6.42
12459,2,6.15
12460,4,11.91
12461,2,6.1
12462,3,6.43
12463,2,6.2
12464,0,6.14
12465,3,6.35
12466,3,6.27
12467,4,23.01
12468,3,6.2
12469,4,8.95
12470,0,5.98
12471,0,6.02
12472,4,11.1
12473,1,6.15
12474,4,9.34
12475,0,6.03
12476,4,9.07
12477,0,6.01
12478,4,7.0
12479,0,6.03
12480,2,6.08
12481,3,6.69
12482,0,6.08
12483,2,6.12
12484,3,6.4
12485,4,11.52
12486,0,6.05
12487,0,6.0
12488,0,6.07
12489,2,6.11
12490,3,6.5
12491,1,6.16
12492,0,6.0
12493,2,6.09
12494,4,15.29
12495,1,6.06
12496,2,6.15
12497,0,5.99
12498,4,9.41
12499,3,6.35
12500,2,6.28
12501,3,6.63
12502,3,6.27
12503,2,6.23
12504,2,6.06
12505,3,6.21
12506,3,6.3
12507,0,6.02
12508,4,7.42
12509,0,6.01
12510,2,6.08
12511,4,7.9
12512,2,6.04
12513,2,6.11
12514,3,6.56
12515,0,6.02
12516,1,6.17
12517,4,9.6
12518,3,6.4
12519,3,6.41
12520,2,6.17
12521,3,6.33
12522,3,6.5
12523,0,6.03
12524,4,8.84
12525,4,7.58
12526,4,7.11
12527,1,6.14
12528,0,6.07
12529,3,6.3
12530,3,6.47
12531,0,6.06
12532,3,6.23
12533,4,8.57
12534,0,6.05
12535,4,6.98
12536,3,8.15
12537,4,8.58
12538,2,6.17
12539,1,6.12
12540,1,6.05
12541,4,21.46
12542,4,9.3
12543,1,6.02
12544,1,6.05
12545,0,6.03
12546,0,6.05
12547,1,6.15
12548,3,6.29
12549,1,6.07
12550,3,6.48
12551,3,6.62
12552,0,6.12
12553,3,6.88
12554,4,35.26
12555,2,6.22
12556,2,6.18
12557,2,6.11
12558,3,6.47
12559,1,6.05
12560,1,6.13
12561,2,6.21
12562,2,6.16
12563,0,5.98
12564,1,6.13
12565,0,5.97
12566,0,6.05
12567,2,6.17
12568,0,6.01
12569,4,18.63
12570,1,6.1
12571,3,6.68
12572,4,7.56
12573,3,6.35
12574,3,6.34
12575,4,8.57
12576,4,22.92
12577,4,15.61
12578,0,6.05
12579,1,6.04
12580,2,6.27
12581,2,6.11
12582,3,6.23
12583,4,6.41
12584,2,6.15
12585,2,6.18
12586,3,6.34
12587,3,6.26
12588,4,7.18
12589,0,6.0
12590,3,6.5
12591,2,6.1
12592,0,6.04
12593,3,6.29
12594,2,6.12
12595,0,6.04
12596,2,6.05
12597,2,6.14
12598,0,6.03
12599,4,8.9
12600,3,6.2
12601,4,7.1
12602,0,6.11
12603,0,6.02
12604,4,7.91
12605,2,6.11
12606,0,6.11
12607,2,6.07
12608,0,6.05
12609,2,6.09
12610,0,6.0
12611,1,6.08
12612,4,12.25
12613,0,6.05
12614,2,6.13
12615,0,6.08
12616,0,6.02
12617,0,6.05
12618,0,6.04
12619,1,6.13
12620,2,6.11
12621,1,6.07
12622,0,6.04
12623,4,33.6
12624,0,6.09
12625,4,6.67
12626,1,6.07
12627,1,6.05
12628,4,7.05
12629,3,6.31
12630,3,6.31
12631,3,6.61
12632,3,6.23
12633,2,6.09
12634,1,6.05
12635,1,6.09
12636,1,6.12
12637,2,6.1
12638,1,6.06
12639,2,6.1
12640,4,7.3
12641,1,6.07
12642,0,5.99
12643,2,6.24
12644,4,34.91
12645,0,6.12
12646,0,6.04
12647,2,6.11
12648,4,8.41
12649,0,6.04
12650,1,6.04
12651,1,6.06
12652,4,10.42
12653,1,6.09
12654,0,6.06
12655,0,6.04
12656,2,6.2
12657,3,6.78
12658,1,6.1
12659,1,6.03
12660,0,6.12
12661,1,6.09
12662,1,6.12
12663,3,6.55
12664,1,6.09
12665,4,9.26
12666,0,6.03
12667,0,6.1
12668,0,6.05
12669,4,6.77
12670,3,6.29
12671,0,6.14
12672,0,6.03
12673,0,6.14
12674,3,6.35
12675,0,6.07
12676,2,6.11
12677,0,6.03
12678,1,6.12
12679,0,5.99
12680,3,6.21
12681,3,6.41
12682,3,6.35
12683,2,6.14
12684,2,6.07
12685,2,6.15
12686,3,6.62
12687,0,6.04
12688,4,30.0
12689,1,6.1
12690,1,6.2
12691,4,6.86
12692,4,7.12
12693,0,6.01
12694,1,6.08
12695,2,6.15
12696,3,6.65
12697,3,6.18
12698,2,6.23
12699,4,8.79
12700,1,6.05
12701,1,6.09
12702,4,14.25
12703,4,35.3
12704,4,7.73
12705,0,6.03
12706,0,6.08
12707,2,6.22
12708,0,6.01
12709,4,7.32
12710,4,6.62
12711,0,6.05
12712,1,6.17
12713,2,6.13
12714,4,7.01
12715,2,6.11
12716,1,6.08
12717,3,6.35
12718,2,6.23
12719,4,11.82
12720,0,6.07
12721,4,7.28
12722,2,6.15
12723,0,6.02
12724,2,6.32
12725,4,9.0
12726,4,7.44
12727,3,6.31
12728,3,6.58
12729,4,8.21
12730,2,6.25
12731,0,6.1
12732,4,33.02
12733,2,6.13
12734,3,6.28
12735,4,6.71
12736,1,6.17
12737,3,6.5
12738,1,6.19
12739,4,18.89
12740,2,6.13
12741,1,6.07
12742,4,6.87
12743,3,8.63
12744,2,6.13
12745,0,6.05
12746,2,6.27
12747,4,7.7
12748,4,7.21
12749,2,6.2
12750,1,6.08
12751,1,6.13
12752,4,11.34
12753,0,6.02
12754,4,10.8
12755,4,12.58
12756,2,6.19
12757,3,6.1
12758,4,7.31
12759,3,6.26
12760,4,7.76
12761,4,8.17
12762,0,6.04
12763,0,6.04
12764,2,6.22
12765,2,6.16
12766,2,6.16
12767,4,34.42
12768,1,6.04
12769,0,6.07
12770,1,6.05
12771,2,6.22
12772,3,6.35
12773,1,6.14
12774,1,6.05
12775,2,6.13
12776,1,6.1
12777,3,6.32
12778,4,15.08
12779,3,6.35
12780,0,6.12
12781,3,6.81
12782,4,11.73
12783,1,6.23
12784,0,6.03
12785,3,6.7
12786,0,6.05
12787,4,7.68
12788,4,29.55
12789,0,6.04
12790,1,6.13
12791,2,6.2
12792,4,10.49
12793,2,6.17
12794,4,7.95
12795,2,6.19
12796,4,8.14
12797,4,12.26
12798,4,7.31
12799,0,6.04
12800,3,6.33
12801,3,6.42
12802,1,6.04
12803,2,6.19
12804,2,6.16
12805,3,6.22
12806,3,6.28
12807,3,6.25
12808,3,6.53
12809,2,6.17
12810,0,6.1
12811,1,6.06
12812,1,6.12
12813,3,6.75
12814,4,6.63
12815,3,6.16
12816,1,6.14
12817,3,6.39
12818,1,6.15
12819,1,6.07
12820,4,8.07
12821,2,6.2
12822,0,6.01
12823,0,6.0
12824,3,6.65
12825,2,6.06
12826,3,6.72
12827,2,6.2
12828,2,6.23
12829,2,6.23
12830,2,6.23
12831,0,6.08
12832,3,6.26
12833,3,6.18
12834,3,6.47
12835,0,6.02
12836,1,6.13
12837,4,9.56
12838,4,16.29
12839,4,17.36
12840,3,6.26
12841,0,5.99
12842,2,6.13
12843,2,6.19
12844,3,6.2
12845,0,6.05
12846,2,6.09
12847,1,6.1
12848,3,6.29
12849,1,6.08
12850,4,11.7
12851,2,6.26
12852,0,6.06
12853,2,6.07
12854,4,7.06
12855,4,9.23
12856,2,6.16
12857,0,6.23
12858,1,6.09
12859,1,6.08
12860,1,6.07
12861,2,6.22
12862,0,6.04
12863,1,6.08
12864,3,6.19
12865,3,6.4
12866,2,6.14
12867,1,6.14
12868,2,6.1
12869,1,6.02
12870,0,6.15
12871,2,6.12
12872,3,6.26
12873,4,7.08
12874,1,6.05
12875,0,6.0
12876,3,6.57
12877,3,8.0
12878,1,6.06
12879,1,6.13
12880,2,6.22
12881,4,9.83
12882,0,6.1
12883,0,6.06
12884,3,6.44
12885,2,6.16
12886,0,6.04
12887,4,6.98
12888,2,6.22
12889,1,6.18
12890,3,6.33
12891,2,6.1
12892,0,6.08
12893,0,6.22
12894,1,6.02
12895,3,6.23
12896,0,6.05
12897,3,6.22
12898,3,6.27
12899,0,6.06
12900,0,6.14
12901,0,6.02
12902,2,6.11
12903,4,8.5
12904,2,6.09
12905,4,9.67
12906,4,6.98
12907,0,6.05
12908,4,10.67
12909,3,6.67
12910,0,6.03
12911,4,9.05
12912,4,27.9
12913,2,6.17
12914,2,6.17
12915,1,6.16
12916,0,6.03
12917,3,6.57
12918,0,6.04
12919,1,6.06
12920,2,6.13
12921,1,6.11
12922,2,6.12
12923,3,6.2
12924,3,6.57
12925,4,11.74
12926,0,6.07
12927,0,6.14
12928,0,6.04
12929,2,6.17
12930,2,6.17
12931,0,6.07
12932,2,6.21
12933,0,6.03
12934,4,10.66
12935,2,6.12
12936,1,6.16
12937,4,7.46
12938,0,5.99
12939,0,6.03
12940,2,6.09
12941,3,6.33
12942,0,6.05
12943,4,11.87
12944,2,6.11
12945,0,6.11
12946,2,6.09
12947,4,12.28
12948,0,6.03
12949,1,6.06
12950,2,6.19
12951,3,6.29
12952,4,8.51
12953,4,29.85
12954,4,6.55
12955,4,7.34
12956,3,6.53
12957,4,12.13
12958,3,6.47
12959,3,6.24
12960,4,9.68
12961,2,6.23
12962,4,8.02
12963,4,10.29
12964,2,6.1
12965,4,31.65
12966,2,6.13
12967,0,6.05
12968,3,6.26
12969,3,6.38
12970,4,35.08
12971,1,6.09
12972,3,6.27
12973,2,6.19
12974,4,7.0
12975,2,6.13
12976,4,7.14
12977,4,9.61
12978,1,6.09
12979,2,6.08
12980,2,6.17
12981,0,6.08
12982,1,6.12
12983,3,7.86
12984,4,7.07
12985,1,6.04
12986,3,6.19
12987,4,23.94
12988,2,6.17
12989,0,6.05
12990,3,6.82
12991,0,6.04
12992,4,9.66
12993,4,6.64
12994,4,23.73
12995,1,6.08
12996,0,6.07
12997,1,6.07
12998,2,6.13
12999,2,6.07
13000,1,6.14
13001,4,13.94
13002,3,6.26
13003,2,6.21
13004,4,11.21
13005,0,6.06
13006,0,6.16
13007,3,6.37
13008,3,6.55
13009,1,6.04
13010,2,6.27
13011,1,6.08
13012,1,6.02
13013,3,6.15
13014,0,6.03
13015,3,6.29
13016,3,6.23
13017,4,9.82
13018,1,6.12
13019,3,6.31
13020,4,6.91
13021,2,6.11
13022,0,6.0
13023,0,6.1
13024,1,6.14
13025,0,6.07
13026,2,6.21
13027,1,6.08
13028,1,6.13
13029,1,6.11
13030,4,35.74
13031,0,6.06
13032,0,5.99
13033,4,12.75
13034,1,6.07
13035,1,6.09
13036,4,12.32
13037,0,5.99
13038,3,6.33
13039,4,6.67
13040,1,6.04
13041,3,6.26
13042,4,10.66
13043,2,6.17
13044,4,28.7
13045,1,6.02
13046,0,6.01
13047,0,5.99
13048,1,6.06
13049,0,6.14
13050,1,6.12
13051,2,6.1
13052,3,6.67
13053,2,6.2
13054,4,6.79
13055,4,11.27
13056,2,6.22
13057,4,29.59
13058,3,6.37
13059,1,6.15
13060,0,6.11
13061,2,6.21
13062,2,6.14
13063,2,6.14
13064,4,8.75
13065,4,9.37
13066,3,6.25
13067,0,6.01
13068,0,6.28
13069,1,6.05
13070,3,6.37
13071,0,6.09
13072,4,21.89
13073,4,9.46
13074,4,7.96
13075,2,6.16
13076,1,6.08
13077,1,6.1
13078,4,8.68
13079,1,6.14
13080,3,6.39
13081,2,6.24
13082,3,6.2
13083,1,6.13
13084,3,6.43
13085,2,6.19
13086,0,6.04
13087,2,6.15
13088,2,6.19
13089,1,6.03
13090,0,6.05
13091,3,6.56
13092,4,9.07
13093,2,6.13
13094,4,14.03
13095,3,6.28
13096,4,7.11
13097,1,6.06
13098,1,6.21
13099,3,6.42
13100,4,7.83
13101,2,6.11
13102,0,5.98
13103,4,7.34
13104,3,6.5
13105,2,6.21
13106,0,6.11
13107,4,7.02
13108,3,6.17
13109,2,6.19
13110,2,6.08
13111,2,6.24
13112,2,6.11
13113,1,6.25
13114,4,7.78
13115,0,6.01
13116,3,6.59
13117,4,10.04
13118,0,6.0
13119,3,6.21
13120,4,6.8
13121,2,6.13
13122,3,6.44
13123,3,6.32
13124,2,6.12
13125,1,6.06
13126,4,7.84
13127,2,6.18
13128,4,10.93
13129,3,6.31
13130,4,6.96
13131,4,22.36
13132,1,6.1
13133,0,6.06
13134,0,6.06
13135,3,6.28
13136,1,6.12
13137,0,6.03
13138,0,6.04
13139,0,6.03
13140,3,6.37
13141,2,6.12
13142,4,7.11
13143,1,6.05
13144,1,6.08
13145,0,6.16
13146,4,7.51
13147,1,6.12
13148,2,6.15
13149,2,6.26
13150,2,6.11
13151,4,8.52
13152,4,6.91
13153,3,6.25
13154,2,6.21
13155,4,7.36
13156,0,6.03
13157,4,8.42
13158,3,6.41
13159,4,7.66
13160,0,6.05
13161,0,6.16
13162,3,6.65
13163,4,8.19
13164,0,6.04
13165,2,6.12
13166,3,6.25
13167,3,6.86
13168,4,8.84
13169,0,6.01
13170,1,6.05
13171,2,6.21
13172,3,6.67
13173,3,6.21
13174,4,6.86
13175,3,7.95
13176,0,6.1
13177,3,6.54
13178,1,6.01
13179,2,6.12
13180,2,6.3
13181,4,7.15
13182,1,6.24
13183,1,6.13
13184,2,6.23
13185,3,6.29
13186,2,6.11
13187,2,6.28
13188,0,6.01
13189,4,8.19
13190,2,6.23
13191,0,6.0
13192,4,7.12
13193,0,6.01
13194,0,6.05
13195,0,6.02
13196,0,6.01
13197,0,6.11
13198,1,6.1
13199,0,6.04
13200,4,6.53
13201,3,6.26
13202,1,6.15
13203,4,8.45
13204,1,6.07
13205,1,6.15
13206,4,8.61
13207,2,6.22
13208,2,6.15
13209,1,6.09
13210,2,6.12
13211,1,6.19
13212,1,6.05
13213,4,19.62
13214,3,6.17
13215,4,8.69
13216,0,6.01
13217,3,6.21
13218,4,6.71
13219,3,6.33
13220,2,6.34
13221,0,6.02
13222,3,6.63
13223,1,6.12
13224,1,6.1
13225,4,8.59
13226,3,6.4
13227,4,6.88
13228,0,6.02
13229,0,6.01
13230,4,7.1
13231,2,6.16
13232,1,6.09
13233,4,7.2
13234,1,6.05
13235,2,6.21
13236,4,8.62
13237,4,11.82
13238,2,6.24
13239,2,6.33
13240,0,6.04
13241,0,6.01
13242,2,6.13
13243,0,6.04
13244,0,6.04
13245,2,6.29
13246,2,6.07
13247,4,8.28
13248,3,6.31
13249,1,6.16
13250,2,6.08
13251,1,6.1
13252,3,7.21
13253,3,6.35
13254,0,5.99
13255,1,6.1
13256,4,8.04
13257,3,6.23
13258,4,7.62
13259,1,6.13
13260,0,6.12
13261,3,6.79
13262,1,6.12
13263,1,6.09
13264,1,6.05
13265,4,15.09
13266,1,6.15
13267,0,6.03
13268,2,6.21
13269,2,6.19
13270,2,6.11
13271,1,6.11
13272,3,6.31
13273,4,9.39
13274,2,6.13
13275,0,6.05
13276,2,6.06
13277,1,6.1
13278,4,35.27
13279,2,6.16
13280,1,6.06
13281,4,11.53
13282,2,6.13
13283,1,6.08
13284,1,6.11
13285,4,6.79
13286,0,6.13
13287,2,6.07
13288,1,6.06
13289,2,6.14
13290,4,33.55
13291,1,6.12
13292,1,6.18
13293,4,8.51
13294,4,16.68
13295,0,6.03
13296,4,6.62
13297,4,6.95
13298,2,6.27
13299,4,6.82
13300,3,6.6
13301,4,11.26
13302,3,6.51
13303,1,6.07
13304,0,6.02
13305,2,6.34
13306,2,6.09
13307,4,9.58
13308,0,6.04
13309,3,6.26
13310,3,6.25
13311,3,8.28
13312,0,6.09
13313,2,6.1
13314,2,6.14
13315,1,6.1
13316,1,6.13
13317,0,5.97
13318,3,6.49
13319,1,6.08
13320,4,7.48
13321,4,7.4
13322,1,6.16
13323,2,6.17
13324,2,6.21
13325,3,6.38
13326,1,6.09
13327,3,6.4
13328,4,7.0
13329,2,6.21
13330,4,10.81
13331,2,6.11
13332,3,6.48
13333,3,6.38
13334,3,6.32
13335,3,6.21
13336,1,6.09
13337,3,6.27
13338,1,6.08
13339,0,6.07
13340,0,6.14
13341,2,6.17
13342,4,8.87
13343,0,6.0
13344,0,6.03
13345,4,9.69
13346,4,6.73
13347,1,6.2
13348,3,6.25
13349,4,7.35
13350,2,6.18
13351,3,6.8
13352,0,6.12
13353,0,6.02
13354,0,6.02
13355,2,6.15
13356,3,6.52
13357,0,6.03
13358,1,6.08
13359,2,6.07
13360,2,6.36
13361,3,6.52
13362,4,9.01
13363,0,6.01
13364,2,6.19
13365,3,6.27
13366,2,6.1
13367,1,6.07
13368,3,6.54
13369,4,7.25
13370,2,6.15
13371,4,9.45
13372,2,6.13
13373,1,6.09
13374,2,6.13
13375,3,6.44
13376,3,6.26
13377,3,7.82
13378,0,6.11
13379,1,6.05
13380,2,6.13
13381,4,7.99
13382,4,7.5
13383,4,20.21
13384,0,6.0
13385,1,6.11
13386,3,6.45
13387,0,6.09
13388,4,6.6
13389,3,6.37
13390,2,6.12
13391,4,20.28
13392,4,35.31
13393,4,9.26
13394,4,6.59
13395,4,12.23
13396,0,6.0
13397,4,11.2
13398,1,6.11
13399,1,6.05
13400,3,6.5
13401,3,6.61
13402,3,7.13
13403,1,6.05
13404,1,6.08
13405,3,6.54
13406,3,6.24
13407,0,6.07
13408,2,6.13
13409,2,6.18
13410,2,6.22
13411,2,6.08
13412,0,6.07
13413,3,6.27
13414,2,6.23
13415,1,6.07
13416,2,6.26
13417,1,6.08
13418,0,6.09
13419,2,6.17
13420,4,15.52
13421,0,6.06
13422,4,12.24
13423,2,6.22
13424,1,6.11
13425,4,7.22
13426,1,6.08
13427,2,6.29
13428,1,6.07
13429,1,6.07
13430,4,6.8
13431,1,6.06
13432,2,6.16
13433,4,6.73
13434,0,6.0
13435,1,6.12
13436,1,6.04
13437,1,6.08
13438,0,5.99
13439,1,6.1
13440,4,9.01
13441,4,11.05
13442,2,6.09
13443,0,6.09
13444,3,6.36
13445,4,16.36
13446,1,6.11
13447,1,6.14
13448,3,6.38
13449,0,5.98
13450,1,6.03
13451,4,8.78
13452,0,6.0
13453,3,6.45
13454,4,7.21
13455,3,6.13
13456,4,33.07
13457,4,7.85
13458,3,6.28
13459,3,6.55
13460,3,6.52
13461,0,6.11
13462,2,6.18
13463,1,6.06
13464,3,6.24
13465,1,6.06
13466,1,6.06
13467,4,14.03
13468,0,6.01
13469,0,5.99
13470,3,6.18
13471,2,6.1
13472,0,6.02
13473,0,6.08
13474,0,6.07
13475,2,6.17
13476,0,6.06
13477,4,35.68
13478,0,6.02
13479,3,6.46
13480,2,6.09
13481,2,6.05
13482,0,6.02
13483,3,6.21
13484,0,6.01
13485,1,6.09
13486,0,6.12
13487,0,6.02
13488,0,5.98
13489,2,6.14
13490,3,6.5
13491,3,6.39
13492,4,6.8
13493,4,9.52
13494,0,6.02
13495,3,6.17
13496,0,6.0
13497,2,6.09
13498,3,6.19
13499,1,6.05
13500,3,6.6
13501,4,7.89
13502,1,6.07
13503,0,6.07
13504,2,6.08
13505,0,6.07
13506,1,6.09
13507,0,6.07
13508,1,6.07
13509,1,6.04
13510,4,8.6
13511,2,6.21
13512,0,6.07
13513,0,6.06
13514,1,6.07
13515,2,6.24
13516,2,6.11
13517,3,6.19
13518,0,5.99
13519,3,7.48
13520,0,6.12
13521,3,6.48
13522,0,6.02
13523,1,6.05
13524,0,6.0
13525,2,6.16
13526,4,7.58
13527,1,6.06
13528,1,6.16
13529,4,8.48
13530,4,7.38
13531,4,6.73
13532,4,10.04
13533,2,6.17
13534,1,6.26
13535,2,6.1
13536,4,6.96
13537,1,6.12
13538,2,6.15
13539,1,6.12
13540,2,6.11
13541,3,6.69
13542,2,6.08
13543,0,6.09
13544,3,6.31
13545,2,6.26
13546,3,6.65
13547,4,9.77
13548,2,6.17
13549,4,7.31
13550,2,6.18
13551,0,6.06
13552,0,6.08
13553,1,6.08
13554,0,5.99
13555,3,6.24
13556,1,6.04
13557,2,6.16
13558,0,6.0
13559,1,6.05
13560,2,6.09
13561,2,6.21
13562,3,6.28
13563,3,6.69
13564,0,6.11
13565,2,6.21
13566,1,6.15
13567,0,6.07
13568,0,6.01
13569,2,6.22
13570,3,6.46
13571,2,6.1
13572,4,8.21
13573,4,10.24
13574,4,8.4
13575,1,6.1
13576,3,8.67
13577,0,6.03
13578,2,6.08
13579,3,6.24
13580,1,6.06
13581,0,6.09
13582,1,6.17
13583,1,6.08
13584,4,6.83
13585,3,7.01
13586,4,6.95
13587,2,6.12
13588,0,6.03
13589,0,6.13
13590,3,6.82
13591,1,6.08
13592,2,6.21
13593,1,6.03
13594,3,6.26
13595,3,6.16
13596,1,6.11
13597,1,6.16
13598,0,6.01
13599,2,6.06
13600,0,6.26
13601,4,13.48
13602,0,6.06
13603,0,6.09
13604,2,6.19
13605,3,6.84
13606,4,7.13
13607,1,6.03
13608,4,8.97
13609,3,6.19
13610,3,6.21
13611,4,8.25
13612,2,6.26
13613,4,8.85
13614,1,6.06
13615,4,7.03
13616,1,6.18
13617,3,6.3
13618,1,6.16
13619,3,6.5
13620,0,6.06
13621,1,6.06
13622,0,6.06
13623,4,8.21
13624,0,6.03
13625,4,7.74
13626,0,6.02
13627,4,30.77
13628,3,6.47
13629,3,6.18
13630,4,13.14
13631,0,6.05
13632,0,6.01
13633,0,6.0
13634,0,6.09
13635,1,6.04
13636,0,6.0
13637,3,6.13
13638,1,6.11
13639,3,6.22
13640,4,26.67
13641,1,6.08
13642,1,6.08
13643,0,6.2
13644,3,6.14
13645,4,13.4
13646,3,6.25
13647,4,6.64
13648,3,6.34
13649,4,6.79
13650,0,6.02
13651,4,7.02
13652,0,6.1
13653,3,6.68
13654,3,6.29
13655,1,6.12
13656,3,8.14
13657,2,6.2
13658,2,6.18
13659,3,6.31
13660,2,6.17
13661,2,6.16
13662,4,35.62
13663,1,6.21
13664,0,6.1
13665,4,14.25
13666,0,6.03
13667,0,6.13
13668,1,6.1
13669,1,6.12
13670,3,6.7
13671,3,6.51
13672,0,6.13
13673,4,10.98
13674,3,6.7
13675,1,6.07
13676,0,5.99
13677,0,6.04
13678,3,6.25
13679,3,6.16
13680,3,6.36
13681,1,6.04
13682,3,6.37
13683,2,6.24
13684,2,6.07
13685,3,6.3
13686,3,6.25
13687,1,6.08
13688,4,7.44
13689,4,18.78
13690,3,6.55
13691,3,6.66
13692,1,6.13
13693,2,6.1
13694,0,5.99
13695,0,6.03
13696,0,6.11
13697,2,6.09
13698,3,6.22
13699,0,5.98
13700,0,6.0
13701,0,5.97
13702,2,6.09
13703,3,6.47
13704,1,6.08
13705,3,6.49
13706,2,6.13
13707,3,8.18
13708,0,6.11
13709,1,6.16
13710,2,6.11
13711,0,6.05
13712,1,6.02
13713,0,6.08
13714,3,6.65
13715,1,6.08
13716,3,6.17
13717,1,6.16
13718,0,6.04
13719,3,6.32
13720,1,6.09
13721,0,6.05
13722,2,6.13
13723,1,6.12
13724,1,6.04
13725,2,6.25
13726,3,7.01
13727,1,6.03
13728,1,6.0
13729,1,6.09
13730,0,6.03
13731,0,6.11
13732,3,6.23
13733,0,6.06
13734,0,6.05
13735,3,6.18
13736,1,6.19
13737,3,6.28
13738,3,6.69
13739,4,7.21
13740,1,6.05
13741,1,6.14
13742,4,7.01
13743,4,35.13
13744,4,17.02
13745,2,6.26
13746,3,6.38
13747,1,6.13
13748,4,16.77
13749,4,8.19
13750,1,6.06
13751,1,6.09
13752,1,6.15
13753,2,6.16
13754,2,6.16
13755,1,6.08
13756,0,6.03
13757,0,6.06
13758,0,6.0
13759,1,6.07
13760,2,6.1
13761,2,6.18
13762,3,6.47
13763,0,6.01
13764,4,8.77
13765,2,6.15
13766,2,6.08
13767,2,6.07
13768,4,18.17
13769,3,6.24
13770,1,6.07
13771,0,6.02
13772,3,6.67
13773,1,6.13
13774,2,6.26
13775,2,6.12
13776,1,6.23
13777,4,13.44
13778,4,10.09
13779,4,35.99
13780,1,6.05
13781,4,8.48
13782,0,6.02
13783,1,6.08
13784,2,6.2
13785,3,6.22
13786,0,6.05
13787,2,6.11
13788,3,6.36
13789,1,6.12
13790,1,6.09
13791,3,6.27
13792,1,6.07
13793,2,6.29
13794,3,6.84
13795,1,6.04
13796,0,6.05
13797,2,6.08
13798,2,6.18
13799,3,6.85
13800,1,6.06
13801,3,6.23
13802,1,6.09
13803,2,6.18
13804,0,6.12
13805,0,6.02
13806,0,6.01
13807,4,8.1
13808,4,22.99
13809,1,6.09
13810,1,6.08
13811,3,6.28
13812,2,6.23
13813,3,6.65
13814,4,8.7
13815,1,6.07
13816,4,12.97
13817,4,26.95
13818,2,6.13
13819,0,6.11
13820,2,6.16
13821,3,6.49
13822,0,6.07
13823,2,6.21
13824,1,6.08
13825,3,6.56
13826,4,7.45
13827,3,6.27
13828,0,6.07
13829,4,7.02
13830,2,6.06
13831,2,6.39
13832,2,6.13
13833,4,7.36
13834,2,6.1
13835,0,6.04
13836,2,6.13
13837,2,6.16
13838,4,33.91
13839,4,12.55
13840,2,6.16
13841,2,6.05
13842,1,6.1
13843,1,6.12
13844,3,6.28
13845,4,12.07
13846,0,6.18
13847,2,6.13
13848,0,6.09
13849,4,10.98
13850,3,6.25
13851,1,6.1
13852,4,10.54
13853,0,6.01
13854,0,6.09
13855,4,7.63
13856,1,6.04
13857,0,6.12
13858,0,6.1
13859,2,6.14
13860,3,6.52
13861,0,6.08
13862,2,6.11
13863,1,6.06
13864,2,6.25
13865,2,6.11
13866,3,8.5
13867,2,6.23
13868,0,5.99
13869,1,6.02
13870,4,7.92
13871,1,6.08
13872,4,9.9
13873,1,6.05
13874,3,6.22
13875,2,6.15
13876,4,6.96
13877,4,12.86
13878,4,7.37
13879,2,6.11
13880,3,6.76
13881,2,6.28
13882,3,6.23
13883,3,6.57
13884,4,9.98
13885,3,6.28
13886,1,6.11
13887,0,6.04
13888,0,6.01
13889,0,6.13
13890,3,6.39
13891,2,6.14
13892,1,6.05
13893,0,6.07
13894,3,6.43
13895,4,7.77
13896,4,8.44
13897,4,6.58
13898,1,6.09
13899,2,6.16
13900,3,6.29
13901,3,6.37
13902,3,6.7
13903,2,6.14
13904,1,6.13
13905,4,9.92
13906,0,6.22
13907,4,8.22
13908,2,6.14
13909,4,6.73
13910,2,6.07
13911,1,6.1
13912,0,6.08
13913,3,6.21
13914,4,6.98
13915,1,6.34
13916,3,6.65
13917,0,6.04
13918,0,6.08
13919,3,6.49
13920,1,6.09
13921,3,6.25
13922,1,6.08
13923,4,17.83
13924,4,21.14
13925,3,6.47
13926,1,6.07
13927,1,6.09
13928,3,6.79
13929,0,6.04
13930,1,6.04
13931,4,7.51
13932,1,6.11
13933,2,6.19
13934,2,6.2
13935,0,6.05
13936,1,6.12
13937,4,7.95
13938,1,6.08
13939,0,6.02
13940,3,6.22
13941,3,6.72
13942,4,8.39
13943,0,6.04
13944,0,6.05
13945,1,6.08
13946,1,6.08
13947,4,7.5
13948,2,6.19
13949,3,6.55
13950,4,9.08
13951,3,6.4
13952,0,6.05
13953,3,6.4
13954,3,6.85
13955,3,6.31
13956,3,6.4
13957,0,6.01
13958,4,6.73
13959,1,6.11
13960,2,6.12
13961,4,9.05
13962,4,8.33
13963,0,6.04
13964,2,6.16
13965,0,5.95
13966,0,6.14
13967,2,6.14
13968,4,9.14
13969,3,6.24
13970,2,6.2
13971,3,6.62
13972,3,6.38
13973,2,6.07
13974,3,6.39
13975,4,11.87
13976,4,7.26
13977,4,7.39
13978,2,6.1
13979,3,6.2
13980,1,6.1
13981,0,6.06
13982,2,6.06
13983,0,6.1
13984,2,6.05
13985,2,6.11
13986,2,6.13
13987,4,9.54
13988,1,6.1
13989,2,6.21
13990,1,6.07
13991,1,6.07
13992,4,7.47
13993,4,7.76
13994,1,6.05
13995,0,6.07
13996,4,8.81
13997,4,11.95
13998,4,10.58
13999,4,18.91
14000,4,35.34
14001,2,6.19
14002,4,18.14
14003,2,6.11
14004,1,6.12
14005,1,6.06
14006,2,6.11
14007,4,8.52
14008,3,6.28
14009,3,6.59
14010,2,6.24
14011,2,6.25
14012,2,6.12
14013,4,14.24
14014,0,6.09
14015,1,6.06
14016,3,6.56
14017,1,6.09
14018,4,8.8
14019,1,6.09
14020,3,6.78
14021,0,6.03
14022,1,6.26
14023,3,6.34
14024,0,6.02
14025,1,6.16
14026,1,6.05
14027,2,6.11
14028,1,6.13
14029,3,6.25
14030,3,6.46
14031,2,6.05
14032,1,6.07
14033,3,6.23
14034,4,6.69
14035,3,6.85
14036,1,6.14
14037,2,6.2
14038,0,6.1
14039,0,5.98
14040,2,6.1
14041,0,6.06
14042,3,6.28
14043,3,6.39
14044,3,6.21
14045,4,9.12
14046,0,6.04
14047,0,6.12
14048,4,14.2
14049,2,6.1
14050,2,6.22
14051,4,11.77
14052,3,6.63
14053,2,6.15
14054,4,6.96
14055,3,6.32
14056,1,6.15
14057,4,9.39
14058,3,8.44
14059,3,6.19
14060,2,6.13
14061,1,6.1
14062,1,6.13
14063,2,6.13
14064,4,9.0
14065,4,8.1
14066,0,6.12
14067,2,6.34
14068,0,5.99
14069,1,6.11
14070,4,8.62
14071,4,8.28
14072,3,6.33
14073,0,6.0
14074,0,6.09
14075,1,6.11
14076,0,6.09
14077,2,6.14
14078,2,6.17
14079,3,8.15
14080,4,7.55
14081,4,20.93
14082,4,7.36
14083,1,6.06
14084,4,31.15
14085,4,7.79
14086,2,6.22
14087,4,8.6
14088,4,10.93
14089,0,6.02
14090,0,6.15
14091,0,6.08
14092,4,15.35
14093,2,6.21
14094,1,6.12
14095,2,6.16
14096,0,5.99
14097,0,5.98
14098,4,7.59
14099,1,6.05
14100,2,6.28
14101,0,6.08
14102,1,6.06
14103,3,6.42
14104,2,6.1
14105,2,6.18
14106,2,6.17
14107,2,6.09
14108,3,6.61
14109,4,15.71
14110,3,6.77
14111,3,6.7
14112,4,15.33
14113,4,7.39
14114,3,6.23
14115,2,6.21
14116,0,6.08
14117,4,6.73
14118,0,6.08
14119,1,6.08
14120,2,6.24
14121,0,6.14
14122,4,7.76
14123,3,6.45
14124,4,8.31
14125,4,7.88
14126,3,6.41
14127,4,6.93
14128,1,6.09
14129,4,8.39
14130,2,6.19
14131,0,6.14
14132,4,6.81
14133,3,6.26
14134,3,6.62
14135,3,6.45
14136,1,6.09
14137,2,6.2
14138,0,6.05
14139,2,6.15
14140,2,6.32
14141,3,6.71
14142,2,6.1
14143,3,6.26
14144,2,6.17
14145,1,6.1
14146,0,6.0
14147,0,5.99
14148,2,6.16
14149,1,6.08
14150,1,6.09
14151,1,6.06
14152,2,6.07
14153,4,8.0
14154,4,10.24
14155,0,6.06
14156,1,6.12
14157,1,6.09
14158,3,8.49
14159,2,6.21
14160,4,6.81
14161,4,11.12
14162,3,6.22
14163,3,6.2
14164,0,5.98
14165,4,10.85
14166,4,10.28
14167,4,7.27
14168,0,6.02
14169,0,6.21
14170,0,6.05
14171,1,6.07
14172,1,6.05
14173,3,6.31
14174,1,6.05
14175,3,6.15
14176,4,7.87
14177,2,6.13
14178,4,7.74
14179,0,6.1
14180,1,6.03
14181,2,6.18
14182,3,6.55
14183,2,6.1
14184,3,6.31
14185,2,6.21
14186,2,6.15
14187,4,6.84
14188,4,32.18
14189,2,6.04
14190,4,9.51
14191,0,6.1
14192,1,6.06
14193,0,6.12
14194,0,6.06
14195,2,6.17
14196,4,10.08
14197,0,6.05
14198,1,6.08
14199,1,6.13
14200,4,7.67
14201,2,6.14
14202,0,6.02
14203,2,6.14
14204,2,6.28
14205,2,6.12
14206,3,6.1
14207,4,6.66
14208,3,6.21
14209,4,10.08
14210,2,6.2
14211,3,6.69
14212,0,6.01
14213,4,7.52
14214,1,6.07
14215,4,34.98
14216,0,6.05
14217,1,6.12
14218,2,6.05
14219,3,6.36
14220,2,6.18
14221,0,6.03
14222,2,6.17
14223,4,17.17
14224,3,6.35
14225,3,6.13
14226,2,6.13
14227,0,6.09
14228,4,11.24
14229,3,6.6
14230,2,6.18
14231,2,6.13
14232,4,14.17
14233,4,34.68
14234,4,12.19
14235,1,6.11
14236,2,6.1
14237,0,6.03
14238,3,6.53
14239,1,6.22
14240,4,8.06
14241,0,6.08
14242,1,6.09
14243,1,6.11
14244,2,6.12
14245,2,6.16
14246,2,6.19
14247,0,6.01
14248,3,6.25
14249,3,6.51
14250,0,6.1
14251,3,6.54
14252,3,6.32
14253,3,6.3
14254,4,29.18
14255,3,6.31
14256,1,6.04
14257,0,6.04
14258,3,6.23
14259,0,6.03
14260,4,32.72
14261,3,6.49
14262,0,6.08
14263,0,6.09
14264,2,6.09
14265,0,6.02
14266,0,6.04
14267,3,6.52
14268,4,14.21
14269,2,6.16
14270,4,10.74
14271,2,6.14
14272,1,6.03
14273,4,7.71
14274,4,7.33
14275,1,6.16
14276,2,6.08
14277,2,6.16
14278,0,6.17
14279,4,8.12
14280,3,6.26
14281,3,6.28
14282,4,7.0
14283,2,6.06
14284,4,9.55
14285,0,6.04
14286,1,6.09
14287,0,5.99
14288,4,7.69
14289,1,6.13
14290,4,7.57
14291,0,6.03
14292,1,6.09
14293,2,6.17
14294,4,16.36
14295,0,6.08
14296,2,6.16
14297,1,6.05
14298,1,6.01
14299,4,16.2
14300,0,6.02
14301,4,13.82
14302,3,6.68
14303,1,6.27
14304,2,6.22
14305,3,6.76
14306,2,6.32
14307,1,6.2
14308,3,6.17
14309,3,6.43
14310,1,6.07
14311,2,6.18
14312,4,6.86
14313,0,6.09
14314,4,7.43
14315,3,6.23
14316,4,7.85
14317,2,6.07
14318,2,6.22
14319,1,6.02
14320,4,29.4
14321,1,6.02
14322,2,6.16
14323,4,9.55
14324,0,6.06
14325,1,6.09
14326,0,6.02
14327,2,6.18
14328,1,6.05
14329,1,6.08
14330,4,13.86
14331,3,6.94
14332,3,6.31
14333,2,6.15
14334,2,6.24
14335,1,6.03
14336,1,6.05
14337,3,6.17
14338,0,6.04
14339,1,6.1
14340,3,6.55
14341,1,6.04
14342,0,6.0
14343,2,6.15
14344,1,6.11
14345,4,7.12
14346,3,6.73
14347,3,6.37
14348,1,6.04
14349,0,6.15
14350,0,6.06
14351,1,6.08
14352,0,6.03
14353,4,9.82
14354,4,8.82
14355,0,6.02
14356,4,11.43
14357,0,6.01
14358,2,6.09
14359,0,6.06
14360,2,6.19
14361,1,6.09
14362,0,6.06
14363,3,7.27
14364,4,10.83
14365,1,6.03
14366,4,8.51
14367,4,16.61
14368,0,6.03
14369,1,6.1
14370,4,7.47
14371,0,6.12
14372,2,6.13
14373,1,6.14
14374,4,8.36
14375,4,35.2
14376,4,8.26
14377,0,6.02
14378,0,6.04
14379,0,6.06
14380,4,11.38
14381,0,5.98
14382,3,6.2
14383,0,6.01
14384,4,6.51
14385,0,6.06
14386,0,6.05
14387,2,6.1
14388,3,6.87
14389,2,6.18
14390,2,6.15
14391,1,6.11
14392,0,6.04
14393,4,7.72
14394,0,6.01
14395,0,6.0
14396,3,6.21
14397,3,6.41
14398,1,6.35
14399,4,7.53
14400,3,6.22
14401,4,10.73
14402,2,6.18
14403,0,6.09
14404,2,6.13
14405,0,5.98
14406,4,8.92
14407,4,7.71
14408,3,8.05
14409,1,6.1
14410,1,6.19
14411,2,6.06
14412,2,6.17
14413,4,9.46
14414,2,6.18
14415,1,6.09
14416,4,6.59
14417,1,6.07
14418,0,6.03
14419,2,6.12
14420,3,6.67
14421,3,6.51
14422,4,8.68
14423,3,6.39
14424,2,6.08
14425,4,8.63
14426,1,6.15
14427,2,6.24
14428,3,6.29
14429,4,8.16
14430,3,6.4
14431,1,6.25
14432,0,6.04
14433,0,6.12
14434,4,9.44
14435,2,6.12
14436,4,7.63
14437,4,35.82
14438,1,6.01
14439,1,6.06
14440,2,6.13
14441,0,5.98
14442,2,6.14
14443,1,6.15
14444,3,6.5
14445,0,6.12
14446,0,6.09
14447,0,6.04
14448,3,6.22
14449,2,6.11
14450,1,5.99
14451,1,6.14
14452,2,6.15
14453,4,6.62
14454,1,6.07
14455,3,6.36
14456,3,6.17
14457,1,6.06
14458,2,6.17
14459,3,6.21
14460,1,6.07
14461,0,6.08
14462,0,6.05
14463,3,6.66
14464,4,7.73
14465,2,6.12
14466,0,6.16
14467,1,6.07
14468,2,6.2
14469,3,6.18
14470,3,6.4
14471,4,7.77
14472,4,8.47
14473,2,6.43
14474,0,6.12
14475,4,32.91
14476,3,6.23
14477,2,6.16
14478,4,9.06
14479,2,6.2
14480,1,6.13
14481,0,6.04
14482,0,6.02
14483,0,6.06
14484,3,6.88
14485,0,6.04
14486,1,6.2
14487,1,6.13
14488,1,6.1
14489,4,24.36
14490,0,6.05
14491,0,6.05
14492,3,6.61
14493,3,6.16
14494,4,7.83
14495,1,6.1
14496,4,29.82
14497,4,6.72
14498,0,6.05
14499,1,6.12
14500,3,6.22
14501,0,6.04
14502,2,6.17
14503,0,6.04
14504,1,6.17
14505,1,6.15
14506,1,6.16
14507,0,6.04
14508,4,8.35
14509,3,6.67
14510,2,6.05
14511,3,6.55
14512,1,6.07
14513,4,10.4
14514,0,6.09
14515,2,6.27
14516,4,6.51
14517,2,6.24
14518,1,6.1
14519,2,6.24
14520,2,6.11
14521,2,6.15
14522,2,6.12
14523,1,6.07
14524,2,6.12
14525,1,6.1
14526,2,6.27
14527,0,6.07
14528,3,6.31
14529,1,6.12
14530,1,6.06
14531,4,7.0
14532,0,6.0
14533,3,6.34
14534,2,6.15
14535,0,6.08
14536,2,6.09
14537,0,6.08
14538,1,6.11
14539,0,6.07
14540,0,6.03
14541,0,6.02
14542,0,6.02
14543,2,6.18
14544,3,6.57
14545,4,9.59
14546,3,6.48
14547,3,6.34
14548,4,13.8
14549,3,6.54
14550,1,6.09
14551,2,6.11
14552,2,6.11
14553,4,7.79
14554,0,6.15
14555,0,6.01
14556,4,12.96
14557,4,6.93
14558,4,7.68
14559,4,11.82
14560,2,6.14
14561,2,6.16
14562,4,6.76
14563,1,6.14
14564,3,7.08
14565,0,5.99
14566,1,6.14
14567,2,6.13
14568,4,12.34
14569,2,6.09
14570,4,10.14
14571,4,7.57
14572,0,6.02
14573,3,6.25
14574,0,6.04
14575,4,8.45
14576,4,8.54
14577,2,6.19
14578,3,6.61
14579,4,6.6
14580,1,6.09
14581,2,6.17
14582,0,6.08
14583,4,7.79
14584,0,6.15
14585,3,6.23
14586,4,20.08
14587,1,6.06
14588,3,6.29
14589,2,6.13
14590,1,6.06
14591,3,6.5
14592,2,6.24
14593,2,6.13
14594,4,11.49
14595,3,6.18
14596,2,6.06
14597,1,6.1
14598,3,6.21
14599,4,19.65
14600,1,6.07
14601,0,6.07
14602,0,6.18
14603,4,11.14
14604,0,6.02
14605,0,6.15
14606,3,6.72
14607,3,6.42
14608,0,6.05
14609,0,6.09
14610,0,6.07
14611,2,6.08
14612,1,6.15
14613,4,12.47
14614,3,6.54
14615,2,6.22
14616,3,6.21
14617,0,6.05
14618,0,6.02
14619,2,6.2
14620,2,6.25
14621,0,6.03
14622,0,6.08
14623,1,6.04
14624,4,8.71
14625,0,6.04
14626,0,6.08
14627,1,6.04
14628,1,6.08
14629,4,9.56
14630,4,19.38
14631,4,12.13
14632,2,6.16
14633,2,6.05
14634,4,9.16
14635,4,9.07
14636,0,6.04
14637,3,6.26
14638,3,6.39
14639,0,6.07
14640,3,7.84
14641,4,6.73
14642,4,9.83
14643,3,6.27
14644,0,6.05
14645,0,6.04
14646,3,6.37
14647,3,7.87
14648,1,6.08
14649,0,6.05
14650,3,6.47
14651,1,6.08
14652,0,6.01
14653,2,6.1
14654,0,6.08
14655,4,13.88
14656,0,6.04
14657,3,6.65
14658,1,6.05
14659,3,6.27
14660,2,6.13
14661,4,9.6
14662,1,6.11
14663,0,6.06
14664,2,6.18
14665,2,6.17
14666,4,9.62
14667,4,7.04
14668,1,6.13
14669,1,6.12
14670,0,6.09
14671,2,6.15
14672,2,6.27
14673,4,9.36
14674,2,6.2
14675,3,6.88
14676,1,6.08
14677,1,6.12
14678,2,6.08
14679,3,6.54
14680,4,8.73
14681,0,6.05
14682,4,15.72
14683,2,6.1
14684,4,10.54
14685,1,6.04
14686,1,6.11
14687,0,6.03
14688,2,6.16
14689,0,6.18
14690,2,6.13
14691,2,6.13
14692,3,6.43
14693,0,6.03
14694,3,6.43
14695,2,6.2
14696,1,6.04
14697,2,6.18
14698,1,6.11
14699,0,6.12
14700,3,6.51
14701,2,6.25
14702,1,6.07
14703,0,5.99
14704,2,6.14
14705,4,7.12
14706,1,6.09
14707,0,6.08
14708,0,6.2
14709,3,6.6
14710,4,35.99
14711,0,6.04
14712,1,6.07
14713,3,6.48
14714,0,6.09
14715,0,6.01
14716,0,6.01
14717,0,6.02
14718,0,6.0
14719,1,6.15
14720,4,7.41
14721,0,6.06
14722,1,6.14
14723,4,8.89
14724,4,28.08
14725,1,6.13
14726,4,11.99
14727,3,8.33
14728,3,6.49
14729,0,6.07
14730,1,6.16
14731,1,6.05
14732,1,6.12
14733,2,6.16
14734,3,7.72
14735,3,6.26
14736,1,6.05
14737,0,6.07
14738,2,6.14
14739,4,10.69
14740,0,6.05
14741,4,20.77
14742,3,6.31
14743,1,6.07
14744,1,6.1
14745,4,7.43
14746,3,6.48
14747,3,6.84
14748,0,6.17
14749,1,6.05
14750,2,6.12
14751,3,6.42
14752,4,9.79
14753,4,9.26
14754,3,6.34
14755,2,6.21
14756,4,7.9
14757,4,7.61
14758,3,6.61
14759,2,6.15
14760,0,6.06
14761,2,6.14
14762,2,6.06
14763,4,7.41
14764,2,6.16
14765,1,6.06
14766,2,6.14
14767,4,6.61
14768,3,6.46
14769,3,6.69
14770,4,9.29
14771,3,6.77
14772,4,8.54
14773,1,6.06
14774,1,6.13
14775,0,6.07
14776,3,6.32
14777,2,6.22
14778,1,6.2
14779,1,6.15
14780,3,6.21
14781,0,5.98
14782,2,6.22
14783,0,6.01
14784,4,32.56
14785,4,10.56
14786,2,6.22
14787,2,6.24
14788,1,6.06
14789,1,6.03
14790,0,6.09
14791,0,6.09
14792,1,6.02
14793,3,6.28
14794,0,5.99
14795,0,6.04
14796,0,6.02
14797,3,6.6
14798,4,10.03
14799,0,6.03
14800,2,6.17
14801,4,7.03
14802,1,6.05
14803,1,6.04
14804,4,11.47
14805,3,6.45
14806,1,6.1
14807,3,8.43
14808,1,6.07
14809,1,6.14
14810,1,6.11
14811,0,6.07
14812,1,6.05
14813,0,6.05
14814,3,6.24
14815,1,6.03
14816,3,6.24
14817,4,23.25
14818,2,6.12
14819,4,8.85
14820,1,6.09
14821,4,14.58
14822,3,6.31
14823,0,6.0
14824,3,7.6
14825,1,6.09
14826,0,6.05
14827,2,6.08
14828,0,6.09
14829,2,6.37
14830,0,6.01
14831,2,6.17
14832,1,6.12
14833,0,6.14
14834,2,6.12
14835,0,6.15
14836,1,6.07
14837,1,6.11
14838,3,6.35
14839,0,6.11
14840,1,6.08
14841,3,6.48
14842,0,6.06
14843,0,6.07
14844,2,6.05
14845,4,9.55
14846,0,6.0
14847,4,6.72
14848,3,6.53
14849,3,6.21
14850,3,6.64
14851,4,9.41
14852,1,6.03
14853,0,6.01
14854,1,6.11
14855,4,11.86
14856,3,6.23
14857,3,7.04
14858,4,9.45
14859,3,6.2
14860,2,6.19
14861,4,7.24
14862,2,6.17
14863,0,6.28
14864,1,6.09
14865,4,7.68
14866,3,6.33
14867,1,6.15
14868,0,6.02
14869,4,10.65
14870,4,6.63
14871,3,6.26
14872,0,6.0
14873,2,6.06
14874,1,6.11
14875,3,6.6
14876,0,6.06
14877,3,6.47
14878,2,6.13
14879,3,6.2
14880,0,6.0
14881,0,5.97
14882,2,6.21
14883,2,6.08
14884,3,7.38
14885,3,6.54
14886,3,6.39
14887,2,6.19
14888,0,6.08
14889,1,6.14
14890,2,6.32
14891,3,6.34
14892,3,6.37
14893,2,6.13
14894,0,6.07
14895,0,6.01
14896,4,35.77
14897,3,6.21
14898,0,6.17
14899,2,6.19
14900,3,6.28
14901,3,6.27
14902,1,6.07
14903,4,6.62
14904,4,9.18
14905,4,8.29
14906,4,34.78
14907,4,7.37
14908,3,6.33
14909,1,6.05
14910,1,6.06
14911,4,7.21
14912,0,6.14
14913,2,6.25
14914,4,35.19
14915,0,6.1
14916,3,6.33
14917,0,6.02
14918,3,6.26
14919,0,6.01
14920,2,6.26
14921,1,6.12
14922,2,6.29
14923,4,18.29
14924,0,6.01
14925,0,6.08
14926,3,6.34
14927,3,6.37
14928,0,6.12
14929,4,7.87
14930,0,6.09
14931,2,6.18
14932,2,6.12
14933,0,6.16
14934,0,6.13
14935,2,6.08
14936,4,6.88
14937,1,6.19
14938,4,34.79
14939,1,6.08
14940,1,6.08
14941,4,7.15
14942,2,6.03
14943,4,7.27
14944,1,6.15
14945,0,6.03
14946,4,8.16
14947,0,6.02
14948,3,7.07
14949,2,6.21
14950,4,9.08
14951,0,6.07
14952,1,6.07
14953,3,6.59
14954,2,6.28
14955,0,6.07
14956,4,7.55
14957,3,6.43
14958,4,7.93
14959,3,6.58
14960,0,6.15
14961,0,6.04
14962,2,6.25
14963,3,6.29
14964,1,6.16
14965,0,6.14
14966,3,6.35
14967,1,6.07
14968,1,6.19
14969,3,6.27
14970,2,6.19
14971,0,6.06
14972,1,6.12
14973,3,6.17
14974,0,6.06
14975,3,6.15
14976,4,18.58
14977,1,6.17
14978,3,6.21
14979,1,6.07
14980,4,8.8
14981,1,6.17
14982,1,6.08
14983,0,6.04
14984,3,6.33
14985,1,6.02
14986,3,6.34
14987,0,6.08
14988,2,6.14
14989,0,6.09
14990,2,6.08
14991,4,15.34
14992,4,7.28
14993,4,14.79
14994,3,6.22
14995,2,6.25
14996,0,6.06
14997,2,6.1
14998,3,6.9
14999,2,6.15
