Id,RiskTier,InterestRate
0,2,6.11
1,0,6.03
2,2,6.04
3,3,6.22
4,4,25.4
5,3,6.05
6,2,6.04
7,2,6.04
8,2,6.09
9,2,6.08
10,2,6.08
11,0,6.06
12,1,6.05
13,0,6.03
14,4,6.59
15,3,6.22
16,2,6.04
17,2,6.06
18,0,6.03
19,4,6.73
20,4,35.99
21,1,6.04
22,0,6.04
23,3,6.06
24,3,6.04
25,0,6.03
26,1,6.04
27,3,6.48
28,2,6.06
29,3,6.33
30,3,6.19
31,3,8.49
32,1,6.04
33,4,6.71
34,1,6.05
35,0,6.03
36,1,6.04
37,0,6.04
38,3,6.25
39,2,6.09
40,1,6.04
41,2,6.05
42,0,6.03
43,2,6.04
44,3,6.06
45,2,6.04
46,0,6.04
47,0,6.04
48,2,6.04
49,3,6.29
50,0,6.04
51,0,6.04
52,3,6.16
53,2,6.05
54,0,6.04
55,2,6.05
56,4,6.7
57,3,6.1
58,1,6.04
59,2,6.05
60,3,6.19
61,4,11.72
62,2,6.08
63,4,6.57
64,4,9.46
65,4,8.49
66,3,6.45
67,0,6.03
68,1,6.04
69,3,6.07
70,0,6.06
71,4,6.79
72,3,6.15
73,0,6.03
74,4,13.03
75,1,6.04
76,0,6.03
77,3,6.59
78,3,6.23
79,1,6.04
80,3,6.13
81,2,6.04
82,0,6.04
83,3,6.08
84,0,6.03
85,2,6.13
86,4,6.19
87,4,7.44
88,1,6.05
89,4,13.01
90,2,6.04
91,0,6.04
92,2,6.05
93,4,14.92
94,1,6.04
95,0,6.04
96,1,6.11
97,2,6.09
98,1,6.04
99,2,6.05
100,1,6.04
101,4,9.08
102,1,6.03
103,3,6.33
104,3,6.04
105,3,6.42
106,1,6.04
107,2,6.05
108,1,6.04
109,0,6.03
110,1,6.04
111,0,6.03
112,1,6.05
113,4,27.43
114,0,6.04
115,4,6.37
116,0,6.03
117,3,6.17
118,3,6.15
119,0,6.04
120,2,6.04
121,2,6.06
122,1,6.04
123,3,6.15
124,4,9.62
125,1,6.03
126,0,6.03
127,3,6.29
128,1,6.04
129,3,6.05
130,1,6.04
131,2,6.04
132,2,6.04
133,1,6.04
134,0,6.04
135,4,7.44
136,4,7.14
137,2,6.07
138,2,6.03
139,3,6.17
140,0,6.03
141,4,7.01
142,3,6.07
143,4,10.41
144,4,7.77
145,3,6.07
146,1,6.07
147,1,6.04
148,1,6.05
149,3,6.36
150,1,6.03
151,2,6.05
152,4,6.99
153,3,6.05
154,0,6.06
155,0,6.04
156,0,6.03
157,4,13.62
158,4,10.38
159,0,6.03
160,0,6.13
161,3,6.11
162,3,6.06
163,3,6.07
164,0,6.04
165,4,12.38
166,0,6.03
167,3,6.27
168,3,6.32
169,1,6.05
170,2,6.05
171,3,8.14
172,4,6.56
173,2,6.04
174,3,6.04
175,4,6.4
176,2,6.06
177,2,6.06
178,0,6.04
179,3,6.07
180,0,6.04
181,2,6.03
182,4,8.28
183,0,6.04
184,4,7.56
185,3,6.23
186,3,6.46
187,4,35.74
188,4,23.87
189,0,6.04
190,0,6.03
191,3,7.63
192,4,12.49
193,4,6.6
194,2,6.04
195,2,6.06
196,3,6.07
197,2,6.06
198,3,6.11
199,0,6.04
200,1,6.05
201,3,6.18
202,1,6.06
203,4,24.21
204,4,18.4
205,0,6.05
206,3,6.07
207,2,6.03
208,4,6.57
209,0,6.03
210,4,6.31
211,0,6.04
212,3,6.17
213,4,8.11
214,0,6.02
215,3,6.16
216,0,6.03
217,3,6.16
218,1,6.05
219,0,6.03
220,4,6.99
221,2,6.05
222,0,6.04
223,4,8.37
224,2,6.04
225,1,6.04
226,2,6.06
227,1,6.04
228,3,6.1
229,1,6.04
230,4,6.92
231,1,6.08
232,4,34.34
233,3,6.22
234,1,6.05
235,3,6.14
236,0,6.03
237,2,6.08
238,0,6.03
239,1,6.04
240,2,6.16
241,4,10.71
242,1,6.04
243,4,9.54
244,2,6.04
245,0,6.04
246,2,6.05
247,1,6.04
248,0,6.02
249,1,6.03
250,4,6.47
251,2,6.05
252,0,6.03
253,1,6.04
254,0,6.04
255,3,6.48
256,0,6.03
257,0,6.04
258,3,6.1
259,4,32.59
260,1,6.04
261,3,6.09
262,4,10.9
263,1,6.04
264,0,6.05
265,1,6.04
266,4,12.87
267,3,6.18
268,3,6.09
269,1,6.14
270,0,6.04
271,1,6.04
272,3,6.06
273,2,6.13
274,3,6.21
275,3,6.13
276,2,6.06
277,1,6.05
278,2,6.06
279,1,6.04
280,2,6.04
281,2,6.04
282,3,6.26
283,0,6.03
284,3,6.33
285,2,6.07
286,0,6.03
287,2,6.05
288,1,6.04
289,4,7.94
290,0,6.03
291,4,12.56
292,4,6.42
293,4,6.7
294,1,6.04
295,3,6.13
296,2,6.08
297,4,25.23
298,3,6.19
299,3,6.11
300,3,6.47
301,3,6.54
302,3,6.13
303,1,6.08
304,0,6.02
305,2,6.05
306,0,6.03
307,1,6.04
308,0,6.04
309,1,6.04
310,1,6.04
311,4,7.49
312,4,6.85
313,3,6.05
314,0,6.04
315,2,6.05
316,4,7.08
317,3,6.1
318,3,6.16
319,2,6.08
320,2,6.05
321,3,6.26
322,4,6.78
323,1,6.04
324,3,6.13
325,0,6.04
326,0,6.04
327,2,6.1
328,0,6.05
329,3,6.3
330,3,6.18
331,3,8.83
332,4,16.73
333,4,9.42
334,2,6.1
335,0,6.04
336,2,6.05
337,4,6.81
338,2,6.05
339,4,6.73
340,0,6.04
341,4,6.9
342,2,6.19
343,3,6.11
344,2,6.08
345,4,9.0
346,4,30.28
347,0,6.03
348,0,6.04
349,3,6.16
350,3,6.16
351,4,11.05
352,4,6.48
353,0,6.04
354,2,6.07
355,2,6.07
356,3,6.06
357,2,6.04
358,1,6.05
359,4,9.39
360,2,6.06
361,2,6.03
362,4,15.33
363,1,6.04
364,3,6.11
365,4,10.17
366,2,6.03
367,1,6.05
368,4,24.58
369,4,6.34
370,4,23.21
371,1,6.04
372,2,6.1
373,4,7.59
374,3,6.4
375,1,6.04
376,3,6.18
377,2,6.04
378,1,6.05
379,3,6.1
380,4,6.76
381,1,6.05
382,1,6.04
383,1,6.04
384,3,6.19
385,0,6.07
386,3,6.05
387,4,13.07
388,2,6.04
389,4,6.25
390,0,6.03
391,0,6.03
392,2,6.04
393,1,6.04
394,2,6.07
395,2,6.06
396,3,6.07
397,3,6.08
398,4,30.0
399,1,6.05
400,3,6.25
401,3,6.26
402,2,6.04
403,1,6.06
404,4,10.21
405,1,6.04
406,1,6.04
407,4,12.27
408,1,6.03
409,4,31.19
410,0,6.04
411,3,6.22
412,1,6.04
413,0,6.04
414,1,6.05
415,0,6.02
416,4,16.78
417,3,6.25
418,3,6.22
419,2,6.06
420,4,7.11
421,0,6.09
422,1,6.04
423,3,6.09
424,0,6.02
425,0,6.04
426,0,6.04
427,1,6.04
428,4,7.13
429,4,7.96
430,3,6.09
431,0,6.03
432,2,6.06
433,4,8.62
434,0,6.04
435,0,6.04
436,1,6.08
437,4,8.0
438,3,6.41
439,3,6.12
440,0,6.01
441,2,6.07
442,1,6.03
443,0,6.04
444,0,6.03
445,4,8.64
446,0,6.04
447,3,6.08
448,3,6.06
449,1,6.05
450,0,6.04
451,4,6.22
452,2,6.08
453,2,6.05
454,0,6.04
455,1,6.04
456,3,6.22
457,1,6.05
458,3,6.18
459,1,6.03
460,1,6.05
461,4,6.68
462,3,6.1
463,1,6.03
464,0,6.04
465,1,6.07
466,0,6.04
467,3,6.15
468,1,6.04
469,1,6.05
470,3,6.11
471,0,6.03
472,0,6.02
473,0,6.04
474,3,6.15
475,4,9.09
476,4,6.51
477,1,6.04
478,3,6.06
479,4,7.55
480,1,6.04
481,4,14.83
482,3,6.1
483,0,6.03
484,0,6.09
485,4,7.51
486,1,6.02
487,3,6.18
488,1,6.04
489,1,6.05
490,0,6.04
491,3,6.16
492,3,6.05
493,1,6.03
494,1,6.04
495,4,9.9
496,2,6.06
497,2,6.05
498,4,7.99
499,4,10.55
500,0,6.04
501,2,6.04
502,2,6.04
503,2,6.04
504,2,6.07
505,1,6.05
506,2,6.06
507,0,6.02
508,1,6.08
509,0,6.02
510,0,6.08
511,2,6.05
512,1,6.06
513,3,6.2
514,0,6.05
515,4,9.07
516,0,6.02
517,2,6.05
518,0,6.03
519,4,9.78
520,2,6.1
521,3,6.05
522,2,6.06
523,0,6.02
524,4,24.18
525,0,6.04
526,1,6.04
527,2,6.05
528,1,6.05
529,1,6.03
530,0,6.02
531,1,6.04
532,0,6.03
533,0,6.05
534,3,6.25
535,4,12.58
536,3,6.34
537,3,6.11
538,1,6.04
539,1,6.06
540,4,6.94
541,4,17.08
542,3,6.25
543,2,6.04
544,1,6.04
545,4,12.32
546,2,6.05
547,4,35.57
548,0,6.02
549,2,6.04
550,0,6.23
551,2,6.09
552,2,6.07
553,4,6.4
554,3,6.16
555,0,6.03
556,3,6.62
557,2,6.03
558,3,6.41
559,3,6.47
560,2,6.05
561,4,11.8
562,0,6.02
563,0,6.03
564,3,6.19
565,2,6.08
566,4,11.55
567,0,6.04
568,4,24.2
569,2,6.06
570,4,6.64
571,1,6.09
572,3,8.06
573,2,6.15
574,3,6.08
575,0,6.02
576,2,6.04
577,4,8.05
578,4,7.21
579,1,6.05
580,1,6.03
581,1,6.05
582,1,6.07
583,0,6.03
584,4,9.55
585,2,6.04
586,0,6.03
587,0,6.04
588,0,6.05
589,0,6.03
590,1,6.03
591,2,6.04
592,0,6.03
593,3,6.06
594,2,6.08
595,1,6.04
596,2,6.04
597,2,6.04
598,4,15.35
599,0,6.03
600,0,6.04
601,4,10.5
602,1,6.04
603,4,9.24
604,1,6.07
605,3,6.04
606,3,6.06
607,4,20.08
608,0,6.03
609,0,6.03
610,3,6.36
611,3,6.42
612,3,6.05
613,0,6.03
614,2,6.04
615,3,6.14
616,2,6.05
617,3,6.07
618,4,6.61
619,0,6.06
620,4,6.67
621,0,6.04
622,0,6.03
623,2,6.04
624,3,6.25
625,1,6.04
626,4,11.17
627,3,6.06
628,0,6.05
629,3,6.11
630,1,6.04
631,1,6.04
632,0,6.05
633,4,8.13
634,4,8.67
635,2,6.04
636,2,6.04
637,4,6.96
638,0,6.03
639,2,6.05
640,2,6.04
641,0,6.04
642,0,6.02
643,1,6.04
644,1,6.04
645,4,6.57
646,1,6.06
647,2,6.05
648,3,6.11
649,3,6.05
650,0,6.02
651,1,6.04
652,3,6.4
653,1,6.03
654,0,6.04
655,0,6.04
656,2,6.06
657,1,6.04
658,4,6.42
659,4,8.15
660,3,6.11
661,0,6.04
662,1,6.05
663,1,6.04
664,0,6.03
665,1,6.05
666,4,7.94
667,4,6.26
668,3,6.07
669,3,6.07
670,2,6.05
671,1,6.04
672,4,6.57
673,3,6.25
674,0,6.03
675,3,6.35
676,1,6.05
677,1,6.04
678,3,6.15
679,4,10.02
680,0,6.03
681,2,6.04
682,3,6.07
683,3,6.29
684,1,6.04
685,1,6.03
686,3,6.21
687,3,6.62
688,3,6.21
689,1,6.04
690,3,6.41
691,4,35.13
692,3,6.14
693,0,6.02
694,4,6.43
695,1,6.04
696,4,6.71
697,3,6.06
698,1,6.05
699,0,6.04
700,0,6.05
701,3,6.2
702,1,6.06
703,1,6.03
704,2,6.11
705,3,6.06
706,2,6.04
707,2,6.04
708,1,6.04
709,1,6.05
710,1,6.06
711,2,6.11
712,2,6.19
713,0,6.06
714,1,6.04
715,4,6.63
716,1,6.05
717,3,6.66
718,0,6.04
719,0,6.03
720,0,6.04
721,0,6.04
722,2,6.04
723,0,6.03
724,1,6.04
725,0,6.03
726,0,6.05
727,4,12.82
728,3,6.09
729,3,6.16
730,1,6.05
731,1,6.03
732,0,6.03
733,2,6.07
734,1,6.07
735,1,6.04
736,4,35.99
737,1,6.07
738,2,6.08
739,4,7.11
740,0,6.05
741,0,6.03
742,2,6.05
743,0,6.05
744,2,6.07
745,0,6.03
746,0,6.03
747,3,6.21
748,3,6.21
749,1,6.04
750,2,6.04
751,1,6.05
752,0,6.04
753,1,6.07
754,4,8.25
755,3,6.37
756,3,8.41
757,0,6.03
758,1,6.06
759,0,6.04
760,4,7.16
761,2,6.04
762,1,6.06
763,0,6.05
764,0,6.03
765,4,6.54
766,1,6.04
767,4,8.16
768,3,6.15
769,0,6.03
770,1,6.04
771,0,6.03
772,1,6.04
773,4,8.93
774,0,6.05
775,3,6.17
776,0,6.03
777,1,6.07
778,1,6.04
779,1,6.03
780,0,6.05
781,0,6.04
782,4,8.72
783,0,6.04
784,3,6.21
785,2,6.05
786,0,6.11
787,3,6.12
788,4,24.64
789,2,6.04
790,3,6.06
791,3,6.18
792,4,6.43
793,0,6.03
794,4,6.43
795,4,35.9
796,0,6.03
797,1,6.04
798,0,6.03
799,0,6.03
800,0,6.03
801,1,6.04
802,0,6.03
803,1,6.04
804,3,6.1
805,4,6.45
806,1,6.04
807,3,6.2
808,3,6.05
809,1,6.04
810,0,6.03
811,4,6.99
812,1,6.04
813,1,6.05
814,4,7.05
815,3,6.25
816,0,6.03
817,0,6.03
818,2,6.05
819,3,6.36
820,3,6.26
821,2,6.08
822,2,6.05
823,3,6.08
824,4,7.14
825,3,6.33
826,4,12.8
827,1,6.04
828,1,6.05
829,0,6.04
830,4,9.65
831,4,9.31
832,4,6.73
833,4,7.77
834,0,6.04
835,4,6.81
836,4,7.43
837,2,6.04
838,4,7.01
839,0,6.03
840,4,11.28
841,2,6.04
842,0,6.03
843,2,6.06
844,2,6.04
845,3,6.07
846,1,6.04
847,0,6.04
848,1,6.06
849,1,6.04
850,3,6.22
851,3,6.06
852,3,6.21
853,3,6.15
854,1,6.04
855,4,15.05
856,2,6.04
857,3,6.16
858,4,7.69
859,1,6.03
860,3,6.11
861,1,6.03
862,1,6.04
863,1,6.04
864,2,6.07
865,0,6.04
866,0,6.04
867,0,6.03
868,2,6.1
869,2,6.05
870,2,6.07
871,4,31.06
872,2,6.04
873,2,6.04
874,1,6.04
875,1,6.05
876,3,6.07
877,4,9.23
878,3,6.06
879,3,6.1
880,4,12.87
881,1,6.04
882,2,6.04
883,1,6.04
884,2,6.04
885,3,6.09
886,4,13.91
887,1,6.04
888,0,6.04
889,4,8.45
890,1,6.04
891,1,6.03
892,4,9.41
893,2,6.08
894,0,6.04
895,1,6.04
896,4,12.39
897,1,6.05
898,0,6.03
899,4,6.4
900,0,6.04
901,2,6.05
902,3,6.5
903,2,6.05
904,1,6.07
905,3,6.3
906,1,6.05
907,1,6.05
908,1,6.04
909,4,7.53
910,3,6.13
911,1,6.05
912,2,6.05
913,0,6.04
914,4,11.21
915,4,35.99
916,4,13.32
917,2,6.05
918,2,6.05
919,4,6.91
920,3,6.23
921,3,6.42
922,4,13.7
923,3,6.6
924,1,6.04
925,4,35.56
926,4,11.05
927,0,6.04
928,3,6.11
929,3,8.43
930,3,6.25
931,3,6.05
932,0,6.02
933,2,6.16
934,4,7.63
935,4,6.6
936,0,6.04
937,3,6.3
938,1,6.05
939,0,6.04
940,0,6.03
941,0,6.04
942,2,6.05
943,0,6.03
944,3,6.17
945,4,6.23
946,3,6.34
947,0,6.04
948,3,6.51
949,4,11.87
950,1,6.04
951,3,6.61
952,3,6.06
953,0,6.04
954,0,6.05
955,3,6.16
956,4,9.06
957,0,6.03
958,1,6.05
959,3,6.07
960,4,7.71
961,2,6.04
962,3,6.15
963,1,6.05
964,3,6.16
965,4,8.11
966,0,6.03
967,2,6.05
968,2,6.04
969,3,6.35
970,3,6.07
971,3,6.52
972,4,35.99
973,4,8.42
974,1,6.05
975,3,6.08
976,0,6.05
977,0,6.03
978,1,6.04
979,0,6.04
980,4,11.89
981,1,6.05
982,0,6.04
983,3,6.13
984,4,8.0
985,2,6.04
986,0,6.04
987,1,6.03
988,0,6.02
989,0,6.04
990,4,10.05
991,4,9.16
992,2,6.04
993,1,6.05
994,2,6.05
995,2,6.04
996,0,6.03
997,0,6.03
998,1,6.06
999,4,6.88
1000,1,6.04
1001,4,6.32
1002,0,6.04
1003,0,6.04
1004,1,6.04
1005,4,11.53
1006,1,6.09
1007,1,6.03
1008,4,10.51
1009,0,6.04
1010,3,6.08
1011,0,6.04
1012,3,6.49
1013,1,6.04
1014,1,6.04
1015,0,6.03
1016,1,6.05
1017,3,6.17
1018,3,6.3
1019,3,6.16
1020,4,6.37
1021,3,6.08
1022,2,6.03
1023,4,12.19
1024,3,6.73
1025,2,6.07
1026,4,7.97
1027,2,6.05
1028,3,6.09
1029,1,6.04
1030,2,6.07
1031,2,6.06
1032,1,6.06
1033,4,6.5
1034,1,6.03
1035,4,8.45
1036,3,6.09
1037,1,6.04
1038,1,6.03
1039,0,6.03
1040,4,11.8
1041,1,6.04
1042,1,6.05
1043,3,6.12
1044,3,6.38
1045,4,10.6
1046,4,9.84
1047,1,6.05
1048,3,6.14
1049,2,6.04
1050,1,6.05
1051,3,6.09
1052,1,6.05
1053,1,6.04
1054,0,6.04
1055,3,6.16
1056,0,6.03
1057,3,6.07
1058,2,6.07
1059,2,6.05
1060,1,6.06
1061,2,6.05
1062,4,6.53
1063,4,35.99
1064,1,6.03
1065,2,6.04
1066,3,6.05
1067,3,6.2
1068,3,6.17
1069,2,6.05
1070,2,6.05
1071,2,6.08
1072,4,7.3
1073,1,6.04
1074,4,16.42
1075,1,6.03
1076,2,6.04
1077,1,6.04
1078,2,6.04
1079,4,9.48
1080,3,6.12
1081,2,6.05
1082,3,6.1
1083,3,6.04
1084,1,6.04
1085,0,6.04
1086,3,6.11
1087,4,8.28
1088,4,7.6
1089,4,7.8
1090,3,6.46
1091,3,6.08
1092,4,11.95
1093,2,6.05
1094,4,9.94
1095,3,6.14
1096,3,6.17
1097,1,6.03
1098,0,6.03
1099,1,6.06
1100,3,6.04
1101,3,6.12
1102,0,6.04
1103,0,6.05
1104,2,6.09
1105,3,6.12
1106,1,6.04
1107,2,6.06
1108,1,6.04
1109,3,6.41
1110,0,6.04
1111,1,6.05
1112,0,6.03
1113,2,6.06
1114,2,6.03
1115,1,6.05
1116,1,6.04
1117,0,6.03
1118,1,6.05
1119,2,6.05
1120,0,6.03
1121,0,6.03
1122,3,6.09
1123,0,6.03
1124,2,6.05
1125,1,6.04
1126,4,9.12
1127,4,7.37
1128,1,6.03
1129,1,6.05
1130,4,7.17
1131,1,6.04
1132,4,21.52
1133,1,6.04
1134,3,6.13
1135,2,6.05
1136,2,6.06
1137,3,6.09
1138,1,6.05
1139,1,6.03
1140,3,6.06
1141,1,6.06
1142,3,6.11
1143,4,6.83
1144,2,6.05
1145,4,9.96
1146,4,10.53
1147,0,6.04
1148,2,6.06
1149,2,6.04
1150,3,8.23
1151,0,6.02
1152,1,6.06
1153,1,6.06
1154,1,6.07
1155,4,6.9
1156,0,6.05
1157,0,6.07
1158,4,9.75
1159,2,6.06
1160,2,6.04
1161,4,6.39
1162,4,7.12
1163,0,6.04
1164,1,6.05
1165,1,6.04
1166,2,6.04
1167,0,6.03
1168,3,6.11
1169,0,6.03
1170,4,9.52
1171,4,6.72
1172,3,6.21
1173,1,6.04
1174,2,6.05
1175,4,9.14
1176,4,32.73
1177,3,6.09
1178,2,6.04
1179,0,6.04
1180,0,6.02
1181,0,6.03
1182,3,6.37
1183,1,6.04
1184,4,12.23
1185,0,6.05
1186,0,6.04
1187,4,11.46
1188,4,20.74
1189,3,6.1
1190,3,6.08
1191,0,6.05
1192,1,6.05
1193,3,6.06
1194,1,6.05
1195,2,6.06
1196,2,6.04
1197,3,6.44
1198,1,6.04
1199,1,6.05
1200,2,6.04
1201,4,10.0
1202,1,6.04
1203,0,6.02
1204,2,6.04
1205,4,30.77
1206,3,6.17
1207,4,10.37
1208,3,6.08
1209,0,6.06
1210,2,6.04
1211,1,6.04
1212,2,6.04
1213,2,6.09
1214,4,10.42
1215,0,6.03
1216,2,6.04
1217,1,6.03
1218,0,6.02
1219,3,6.08
1220,1,6.11
1221,4,10.36
1222,2,6.04
1223,0,6.03
1224,3,6.26
1225,0,6.03
1226,1,6.04
1227,3,6.21
1228,2,6.05
1229,0,6.03
1230,3,6.25
1231,4,6.59
1232,1,6.04
1233,4,10.48
1234,2,6.06
1235,2,6.06
1236,0,6.03
1237,2,6.04
1238,1,6.04
1239,1,6.04
1240,2,6.11
1241,1,6.04
1242,1,6.04
1243,0,6.03
1244,3,6.06
1245,2,6.05
1246,3,8.84
1247,3,6.13
1248,4,13.22
1249,2,6.05
1250,4,6.45
1251,4,8.75
1252,2,6.11
1253,2,6.05
1254,0,6.03
1255,3,6.08
1256,0,6.02
1257,1,6.04
1258,0,6.04
1259,4,6.54
1260,3,6.11
1261,4,7.58
1262,0,6.07
1263,4,12.94
1264,2,6.09
1265,0,6.03
1266,4,8.52
1267,1,6.04
1268,2,6.05
1269,3,6.06
1270,4,8.85
1271,4,6.6
1272,3,6.08
1273,1,6.05
1274,1,6.04
1275,2,6.06
1276,4,11.05
1277,2,6.06
1278,4,6.63
1279,4,6.35
1280,1,6.06
1281,4,17.9
1282,1,6.04
1283,1,6.04
1284,1,6.05
1285,0,6.03
1286,2,6.05
1287,0,6.03
1288,3,6.14
1289,0,6.05
1290,0,6.05
1291,0,6.03
1292,1,6.03
1293,1,6.04
1294,4,6.86
1295,4,14.66
1296,2,6.13
1297,0,6.03
1298,2,6.04
1299,2,6.06
1300,2,6.04
1301,1,6.04
1302,0,6.04
1303,2,6.07
1304,4,19.48
1305,3,6.13
1306,4,8.44
1307,1,6.04
1308,3,6.07
1309,3,6.04
1310,3,6.13
1311,2,6.04
1312,0,6.04
1313,1,6.03
1314,3,6.1
1315,4,7.23
1316,0,6.04
1317,3,6.44
1318,1,6.04
1319,2,6.05
1320,2,6.05
1321,3,6.08
1322,0,6.03
1323,1,6.05
1324,4,7.31
1325,0,6.04
1326,2,6.04
1327,2,6.04
1328,3,6.05
1329,3,6.06
1330,2,6.06
1331,3,6.13
1332,4,35.99
1333,3,6.3
1334,0,6.03
1335,3,6.76
1336,3,6.2
1337,1,6.04
1338,1,6.04
1339,4,8.54
1340,3,6.29
1341,3,6.07
1342,2,6.04
1343,2,6.05
1344,3,6.34
1345,4,8.28
1346,4,8.89
1347,3,6.08
1348,0,6.04
1349,4,7.93
1350,0,6.04
1351,4,6.35
1352,0,6.04
1353,1,6.04
1354,1,6.05
1355,1,6.05
1356,2,6.04
1357,4,11.09
1358,4,7.05
1359,2,6.04
1360,3,6.39
1361,0,6.02
1362,1,6.04
1363,2,6.1
1364,0,6.03
1365,0,6.02
1366,4,8.32
1367,2,6.07
1368,0,6.03
1369,4,6.18
1370,1,6.05
1371,3,6.06
1372,1,6.04
1373,0,6.03
1374,0,6.03
1375,0,6.04
1376,3,6.47
1377,1,6.04
1378,4,9.1
1379,1,6.04
1380,0,6.08
1381,2,6.04
1382,3,6.15
1383,3,6.1
1384,0,6.03
1385,3,6.14
1386,1,6.06
1387,4,33.58
1388,1,6.04
1389,4,6.33
1390,3,6.3
1391,3,6.38
1392,2,6.05
1393,0,6.03
1394,3,6.09
1395,1,6.05
1396,3,6.16
1397,2,6.05
1398,2,6.04
1399,0,6.02
1400,4,8.97
1401,4,9.59
1402,2,6.08
1403,1,6.05
1404,0,6.04
1405,4,6.63
1406,0,6.16
1407,3,6.57
1408,3,6.05
1409,3,6.18
1410,4,35.33
1411,1,6.03
1412,1,6.03
1413,3,6.13
1414,3,6.06
1415,0,6.03
1416,4,7.13
1417,1,6.05
1418,2,6.04
1419,2,6.05
1420,0,6.03
1421,4,14.06
1422,0,6.03
1423,4,7.13
1424,1,6.05
1425,2,6.05
1426,4,8.59
1427,4,11.42
1428,0,6.02
1429,0,6.03
1430,0,6.04
1431,4,7.91
1432,4,13.63
1433,1,6.06
1434,0,6.03
1435,2,6.04
1436,4,15.18
1437,4,9.4
1438,1,6.03
1439,0,6.03
1440,0,6.03
1441,4,7.23
1442,0,6.03
1443,3,6.16
1444,0,6.03
1445,3,6.12
1446,4,6.42
1447,2,6.06
1448,3,6.07
1449,3,6.97
1450,2,6.05
1451,0,6.03
1452,4,8.03
1453,0,6.04
1454,3,6.2
1455,1,6.05
1456,4,10.21
1457,0,6.04
1458,1,6.06
1459,1,6.03
1460,0,6.05
1461,2,6.11
1462,0,6.04
1463,2,6.06
1464,2,6.05
1465,1,6.03
1466,3,6.36
1467,3,6.24
1468,1,6.05
1469,4,6.37
1470,3,6.07
1471,2,6.04
1472,0,6.03
1473,3,6.06
1474,3,6.06
1475,2,6.07
1476,3,6.43
1477,0,6.03
1478,0,6.05
1479,2,6.04
1480,2,6.07
1481,3,6.1
1482,1,6.05
1483,1,6.04
1484,2,6.08
1485,1,6.04
1486,0,6.03
1487,4,6.94
1488,1,6.04
1489,4,7.11
1490,3,6.26
1491,4,6.47
1492,2,6.05
1493,3,6.13
1494,4,6.98
1495,2,6.05
1496,3,6.65
1497,3,6.09
1498,2,6.06
1499,4,35.99
1500,3,6.19
1501,3,6.25
1502,3,6.39
1503,0,6.04
1504,4,6.44
1505,0,6.03
1506,2,6.04
1507,4,6.66
1508,0,6.03
1509,0,6.03
1510,3,6.34
1511,2,6.08
1512,3,6.05
1513,1,6.04
1514,1,6.04
1515,1,6.04
1516,1,6.04
1517,0,6.04
1518,4,15.06
1519,2,6.07
1520,1,6.04
1521,0,6.03
1522,4,21.2
1523,3,6.19
1524,0,6.04
1525,1,6.04
1526,4,10.83
1527,2,6.07
1528,2,6.05
1529,3,6.14
1530,0,6.04
1531,1,6.05
1532,1,6.03
1533,0,6.05
1534,2,6.15
1535,0,6.03
1536,2,6.04
1537,4,7.72
1538,2,6.07
1539,1,6.04
1540,4,7.14
1541,2,6.04
1542,0,6.04
1543,4,9.48
1544,0,6.04
1545,4,14.09
1546,4,20.16
1547,3,6.21
1548,4,11.89
1549,4,14.32
1550,4,6.33
1551,2,6.06
1552,1,6.04
1553,1,6.24
1554,2,6.05
1555,4,7.87
1556,4,11.63
1557,0,6.03
1558,2,6.05
1559,2,6.05
1560,2,6.07
1561,1,6.05
1562,1,6.04
1563,0,6.03
1564,1,6.04
1565,0,6.04
1566,3,7.99
1567,4,7.42
1568,4,6.58
1569,4,12.48
1570,3,7.93
1571,4,15.3
1572,1,6.04
1573,3,7.69
1574,3,6.2
1575,4,10.09
1576,3,6.13
1577,3,6.22
1578,0,6.04
1579,0,6.04
1580,2,6.11
1581,0,6.05
1582,0,6.04
1583,1,6.04
1584,1,6.04
1585,4,10.19
1586,3,7.6
1587,0,6.03
1588,4,7.1
1589,0,6.03
1590,0,6.03
1591,2,6.05
1592,1,6.07
1593,1,6.04
1594,1,6.07
1595,2,6.08
1596,2,6.08
1597,2,6.05
1598,2,6.05
1599,3,6.11
1600,1,6.04
1601,2,6.06
1602,3,6.08
1603,1,6.04
1604,1,6.05
1605,0,6.03
1606,4,7.89
1607,2,6.08
1608,1,6.04
1609,1,6.04
1610,1,6.04
1611,4,7.13
1612,2,6.03
1613,0,6.02
1614,2,6.05
1615,3,6.19
1616,0,6.03
1617,1,6.04
1618,1,6.04
1619,0,6.03
1620,3,6.13
1621,1,6.04
1622,1,6.03
1623,4,7.55
1624,4,10.71
1625,2,6.04
1626,0,6.05
1627,4,13.58
1628,4,6.54
1629,2,6.05
1630,3,6.06
1631,1,6.04
1632,3,6.09
1633,1,6.05
1634,1,6.04
1635,1,6.05
1636,1,6.04
1637,1,6.04
1638,0,6.03
1639,3,6.11
1640,3,6.2
1641,2,6.04
1642,2,6.05
1643,0,6.04
1644,3,6.19
1645,2,6.05
1646,1,6.03
1647,4,9.84
1648,3,6.07
1649,1,6.04
1650,0,6.04
1651,0,6.04
1652,3,6.19
1653,2,6.06
1654,1,6.04
1655,4,7.62
1656,0,6.03
1657,3,6.11
1658,0,6.03
1659,1,6.04
1660,3,6.2
1661,3,6.07
1662,2,6.03
1663,2,6.21
1664,0,6.06
1665,2,6.04
1666,2,6.04
1667,0,6.03
1668,0,6.04
1669,2,6.09
1670,0,6.03
1671,2,6.06
1672,3,6.12
1673,2,6.04
1674,4,8.39
1675,2,6.12
1676,0,6.04
1677,4,7.23
1678,3,6.08
1679,0,6.04
1680,3,6.1
1681,2,6.04
1682,3,6.44
1683,0,6.04
1684,3,6.12
1685,4,33.13
1686,1,6.03
1687,3,6.83
1688,3,6.07
1689,0,6.03
1690,0,6.05
1691,4,6.88
1692,0,6.02
1693,3,6.35
1694,0,6.04
1695,1,6.03
1696,3,6.22
1697,2,6.08
1698,2,6.1
1699,0,6.04
1700,4,29.37
1701,3,6.28
1702,2,6.06
1703,4,11.26
1704,0,6.02
1705,0,6.03
1706,1,6.05
1707,2,6.09
1708,4,6.82
1709,1,6.05
1710,4,7.63
1711,4,18.76
1712,3,6.55
1713,1,6.06
1714,0,6.02
1715,4,6.92
1716,1,6.05
1717,4,9.42
1718,0,6.03
1719,1,6.04
1720,2,6.07
1721,2,6.08
1722,0,6.02
1723,2,6.04
1724,2,6.13
1725,3,6.05
1726,1,6.04
1727,4,11.19
1728,0,6.03
1729,1,6.04
1730,0,6.03
1731,2,6.09
1732,1,6.03
1733,2,6.05
1734,2,6.07
1735,1,6.07
1736,3,6.18
1737,3,6.36
1738,2,6.05
1739,1,6.05
1740,0,6.02
1741,3,7.76
1742,0,6.03
1743,4,15.16
1744,2,6.05
1745,1,6.04
1746,2,6.04
1747,1,6.08
1748,1,6.05
1749,2,6.03
1750,4,8.95
1751,1,6.04
1752,1,6.04
1753,1,6.04
1754,1,6.04
1755,1,6.04
1756,2,6.04
1757,1,6.04
1758,3,6.21
1759,2,6.04
1760,3,6.15
1761,2,6.06
1762,0,6.04
1763,4,6.4
1764,4,6.87
1765,2,6.05
1766,4,19.31
1767,3,6.12
1768,2,6.06
1769,1,6.04
1770,1,6.04
1771,4,7.53
1772,2,6.05
1773,3,6.1
1774,3,6.09
1775,1,6.04
1776,0,6.04
1777,0,6.03
1778,0,6.04
1779,4,7.04
1780,4,24.46
1781,0,6.04
1782,1,6.04
1783,1,6.05
1784,2,6.05
1785,2,6.06
1786,3,6.07
1787,1,6.04
1788,2,6.04
1789,1,6.04
1790,1,6.05
1791,0,6.03
1792,3,6.08
1793,1,6.03
1794,2,6.07
1795,1,6.03
1796,0,6.07
1797,4,9.79
1798,2,6.09
1799,3,6.16
1800,3,6.31
1801,2,6.04
1802,4,8.68
1803,3,6.1
1804,2,6.09
1805,3,6.25
1806,2,6.04
1807,1,6.09
1808,0,6.03
1809,3,6.12
1810,0,6.03
1811,3,6.58
1812,0,6.04
1813,2,6.09
1814,2,6.07
1815,0,6.02
1816,2,6.1
1817,3,6.16
1818,0,6.06
1819,1,6.05
1820,2,6.06
1821,2,6.08
1822,2,6.04
1823,0,6.03
1824,1,6.03
1825,2,6.05
1826,2,6.06
1827,2,6.05
1828,0,6.03
1829,1,6.05
1830,0,6.05
1831,0,6.03
1832,1,6.03
1833,4,26.64
1834,0,6.03
1835,0,6.07
1836,3,6.08
1837,1,6.05
1838,3,6.23
1839,3,6.51
1840,3,6.07
1841,3,6.11
1842,3,6.14
1843,1,6.03
1844,2,6.04
1845,4,26.4
1846,4,9.83
1847,0,6.04
1848,3,6.18
1849,2,6.11
1850,1,6.04
1851,3,6.31
1852,4,6.36
1853,3,6.11
1854,2,6.05
1855,0,6.04
1856,3,6.4
1857,4,32.52
1858,0,6.03
1859,3,6.12
1860,3,6.06
1861,0,6.09
1862,0,6.04
1863,0,6.04
1864,0,6.04
1865,0,6.06
1866,3,6.09
1867,1,6.04
1868,2,6.04
1869,3,6.24
1870,0,6.03
1871,4,7.2
1872,2,6.04
1873,0,6.03
1874,1,6.03
1875,2,6.06
1876,4,7.05
1877,3,6.09
1878,3,6.13
1879,3,6.34
1880,2,6.05
1881,1,6.05
1882,4,9.14
1883,0,6.03
1884,1,6.05
1885,4,10.85
1886,4,6.62
1887,2,6.09
1888,1,6.04
1889,0,6.04
1890,3,6.05
1891,3,6.12
1892,0,6.04
1893,3,6.28
1894,3,6.18
1895,3,6.1
1896,4,22.13
1897,4,9.07
1898,3,6.12
1899,4,7.65
1900,1,6.04
1901,1,6.05
1902,4,35.87
1903,4,8.67
1904,1,6.04
1905,0,6.04
1906,4,14.17
1907,0,6.03
1908,4,11.88
1909,2,6.08
1910,4,10.25
1911,3,6.12
1912,3,6.16
1913,1,6.04
1914,1,6.04
1915,4,17.4
1916,2,6.09
1917,1,6.04
1918,3,6.07
1919,2,6.06
1920,0,6.05
1921,1,6.04
1922,3,6.18
1923,3,6.17
1924,3,6.18
1925,0,6.03
1926,2,6.04
1927,1,6.05
1928,2,6.05
1929,0,6.05
1930,2,6.06
1931,0,6.04
1932,4,12.05
1933,4,10.33
1934,1,6.04
1935,4,12.0
1936,3,6.45
1937,2,6.05
1938,0,6.03
1939,2,6.06
1940,1,6.04
1941,2,6.05
1942,0,6.05
1943,0,6.07
1944,1,6.04
1945,3,6.09
1946,3,6.16
1947,4,6.61
1948,0,6.03
1949,3,6.13
1950,4,11.85
1951,1,6.05
1952,4,14.62
1953,2,6.12
1954,3,6.11
1955,4,7.16
1956,2,6.04
1957,1,6.03
1958,0,6.04
1959,4,15.22
1960,1,6.03
1961,0,6.03
1962,2,6.05
1963,0,6.03
1964,3,6.23
1965,4,8.84
1966,0,6.04
1967,1,6.05
1968,1,6.03
1969,4,12.76
1970,2,6.06
1971,1,6.04
1972,4,6.95
1973,1,6.04
1974,0,6.02
1975,1,6.04
1976,3,6.08
1977,0,6.04
1978,1,6.04
1979,2,6.06
1980,2,6.09
1981,1,6.06
1982,4,11.53
1983,1,6.04
1984,4,9.7
1985,1,6.04
1986,0,6.03
1987,2,6.03
1988,0,6.03
1989,3,6.09
1990,1,6.05
1991,0,6.04
1992,4,6.28
1993,4,10.23
1994,3,6.45
1995,1,6.04
1996,0,6.03
1997,0,6.03
1998,3,6.17
1999,2,6.05
2000,1,6.03
2001,1,6.05
2002,2,6.15
2003,0,6.04
2004,1,6.07
2005,4,6.55
2006,1,6.04
2007,0,6.04
2008,0,6.05
2009,0,6.03
2010,1,6.03
2011,1,6.04
2012,3,6.41
2013,3,6.11
2014,4,12.88
2015,1,6.05
2016,3,6.68
2017,4,6.91
2018,0,6.07
2019,1,6.04
2020,0,6.03
2021,3,6.07
2022,2,6.05
2023,2,6.04
2024,3,6.2
2025,3,6.06
2026,1,6.05
2027,1,6.05
2028,2,6.05
2029,2,6.06
2030,1,6.14
2031,2,6.1
2032,3,6.17
2033,0,6.05
2034,4,6.85
2035,0,6.03
2036,0,6.03
2037,4,8.6
2038,1,6.04
2039,0,6.04
2040,4,7.16
2041,0,6.02
2042,1,6.04
2043,3,6.22
2044,1,6.05
2045,3,6.08
2046,1,6.04
2047,2,6.07
2048,3,6.21
2049,0,6.03
2050,2,6.05
2051,2,6.05
2052,3,6.44
2053,0,6.09
2054,1,6.04
2055,3,6.06
2056,3,6.1
2057,2,6.04
2058,2,6.05
2059,2,6.07
2060,4,7.06
2061,1,6.04
2062,3,6.35
2063,0,6.04
2064,0,6.04
2065,0,6.04
2066,3,6.1
2067,2,6.05
2068,3,7.24
2069,0,6.05
2070,2,6.08
2071,4,8.27
2072,2,6.05
2073,1,6.03
2074,4,15.21
2075,2,6.09
2076,1,6.05
2077,0,6.04
2078,1,6.04
2079,3,6.5
2080,2,6.05
2081,1,6.04
2082,2,6.03
2083,3,6.22
2084,0,6.04
2085,1,6.04
2086,2,6.05
2087,0,6.03
2088,3,8.02
2089,3,6.14
2090,4,10.91
2091,0,6.04
2092,3,6.21
2093,2,6.04
2094,3,6.11
2095,3,6.32
2096,4,8.21
2097,2,6.06
2098,2,6.04
2099,3,6.44
2100,0,6.03
2101,4,6.67
2102,3,6.12
2103,4,8.14
2104,0,6.04
2105,3,6.1
2106,2,6.06
2107,4,15.71
2108,4,10.29
2109,1,6.05
2110,1,6.04
2111,4,35.67
2112,2,6.05
2113,1,6.07
2114,2,6.05
2115,4,6.98
2116,1,6.06
2117,1,6.05
2118,0,6.04
2119,4,10.74
2120,0,6.04
2121,4,8.68
2122,1,6.03
2123,1,6.05
2124,3,6.26
2125,1,6.05
2126,2,6.04
2127,3,6.28
2128,1,6.04
2129,3,6.39
2130,3,6.07
2131,1,6.04
2132,1,6.22
2133,4,25.0
2134,3,6.05
2135,3,6.1
2136,2,6.07
2137,0,6.03
2138,1,6.06
2139,3,6.08
2140,4,20.45
2141,1,6.04
2142,3,6.09
2143,4,13.17
2144,1,6.04
2145,2,6.04
2146,4,6.54
2147,2,6.06
2148,4,34.6
2149,0,6.03
2150,4,6.81
2151,2,6.07
2152,3,6.07
2153,3,6.24
2154,1,6.05
2155,4,12.1
2156,0,6.05
2157,2,6.1
2158,2,6.07
2159,0,6.03
2160,2,6.04
2161,1,6.04
2162,4,9.08
2163,1,6.02
2164,3,7.06
2165,0,6.04
2166,4,6.14
2167,1,6.08
2168,4,18.29
2169,2,6.09
2170,1,6.04
2171,3,6.12
2172,4,6.91
2173,3,6.11
2174,2,6.1
2175,4,6.31
2176,2,6.05
2177,4,8.92
2178,3,6.05
2179,0,6.02
2180,2,6.06
2181,2,6.06
2182,1,6.03
2183,1,6.04
2184,3,6.22
2185,4,7.31
2186,0,6.02
2187,2,6.04
2188,4,6.48
2189,1,6.04
2190,1,6.04
2191,0,6.05
2192,1,6.03
2193,4,7.23
2194,3,6.11
2195,0,6.03
2196,2,6.04
2197,1,6.06
2198,4,7.43
2199,3,6.19
2200,4,35.48
2201,3,6.21
2202,3,6.14
2203,2,6.04
2204,3,6.1
2205,2,6.06
2206,3,6.03
2207,3,6.13
2208,3,6.06
2209,0,6.04
2210,0,6.03
2211,0,6.03
2212,4,10.55
2213,4,6.78
2214,3,6.09
2215,2,6.04
2216,3,6.12
2217,0,6.03
2218,3,6.19
2219,1,6.04
2220,3,8.08
2221,4,8.9
2222,2,6.11
2223,1,6.05
2224,2,6.17
2225,0,6.03
2226,3,6.12
2227,3,6.07
2228,1,6.05
2229,3,6.11
2230,1,6.05
2231,1,6.04
2232,1,6.04
2233,4,6.8
2234,3,6.1
2235,1,6.03
2236,4,7.32
2237,0,6.03
2238,2,6.06
2239,4,6.42
2240,2,6.06
2241,3,6.1
2242,1,6.03
2243,2,6.06
2244,0,6.03
2245,1,6.04
2246,2,6.05
2247,4,8.23
2248,1,6.04
2249,1,6.04
2250,3,6.3
2251,4,12.12
2252,1,6.05
2253,1,6.03
2254,1,6.04
2255,1,6.04
2256,3,6.29
2257,4,6.23
2258,2,6.05
2259,1,6.06
2260,2,6.14
2261,1,6.05
2262,1,6.04
2263,2,6.08
2264,1,6.03
2265,2,6.04
2266,3,6.35
2267,3,6.16
2268,3,6.33
2269,0,6.04
2270,3,6.3
2271,1,6.04
2272,1,6.03
2273,0,6.02
2274,1,6.04
2275,2,6.05
2276,3,6.05
2277,2,6.06
2278,3,6.23
2279,2,6.09
2280,3,6.51
2281,3,6.22
2282,4,9.46
2283,4,7.09
2284,1,6.05
2285,4,7.21
2286,3,6.06
2287,3,6.07
2288,2,6.04
2289,2,6.05
2290,0,6.03
2291,4,7.29
2292,0,6.02
2293,0,6.04
2294,0,6.04
2295,2,6.1
2296,3,6.1
2297,0,6.04
2298,3,6.1
2299,0,6.05
2300,4,11.46
2301,3,6.06
2302,1,6.05
2303,2,6.06
2304,4,8.32
2305,2,6.05
2306,3,7.72
2307,2,6.09
2308,3,6.19
2309,4,9.58
2310,2,6.05
2311,1,6.04
2312,1,6.05
2313,2,6.06
2314,2,6.12
2315,3,6.21
2316,2,6.04
2317,0,6.03
2318,1,6.05
2319,4,8.92
2320,0,6.03
2321,3,6.12
2322,1,6.03
2323,4,7.26
2324,1,6.04
2325,1,6.04
2326,1,6.04
2327,0,6.04
2328,2,6.1
2329,4,35.7
2330,3,6.17
2331,1,6.04
2332,1,6.05
2333,2,6.06
2334,4,8.53
2335,2,6.04
2336,0,6.04
2337,0,6.03
2338,1,6.04
2339,1,6.04
2340,2,6.11
2341,1,6.05
2342,4,16.33
2343,4,8.83
2344,0,6.04
2345,2,6.05
2346,4,35.63
2347,0,6.03
2348,2,6.04
2349,3,6.16
2350,4,11.27
2351,4,31.76
2352,1,6.04
2353,3,6.3
2354,3,6.4
2355,2,6.05
2356,0,6.03
2357,0,6.04
2358,3,6.19
2359,4,8.12
2360,1,6.04
2361,2,6.04
2362,0,6.04
2363,3,6.51
2364,0,6.03
2365,3,6.17
2366,3,6.08
2367,3,6.13
2368,3,6.24
2369,4,8.94
2370,3,6.2
2371,4,10.26
2372,1,6.04
2373,2,6.05
2374,2,6.04
2375,4,11.3
2376,2,6.06
2377,3,6.1
2378,4,6.62
2379,3,6.37
2380,4,8.63
2381,0,6.03
2382,4,13.31
2383,2,6.04
2384,3,6.04
2385,4,16.97
2386,1,6.05
2387,4,7.64
2388,3,6.11
2389,3,6.3
2390,2,6.05
2391,4,6.32
2392,1,6.04
2393,2,6.05
2394,1,6.04
2395,3,6.12
2396,1,6.05
2397,1,6.02
2398,4,9.01
2399,2,6.09
2400,0,6.04
2401,0,6.04
2402,1,6.04
2403,2,6.31
2404,1,6.05
2405,2,6.05
2406,4,6.79
2407,2,6.05
2408,3,6.17
2409,2,6.1
2410,1,6.03
2411,1,6.04
2412,4,9.83
2413,1,6.05
2414,4,8.73
2415,3,6.21
2416,0,6.03
2417,0,6.03
2418,0,6.02
2419,1,6.05
2420,2,6.05
2421,0,6.04
2422,2,6.05
2423,2,6.06
2424,0,6.03
2425,0,6.04
2426,2,6.08
2427,1,6.04
2428,1,6.05
2429,4,6.44
2430,2,6.03
2431,1,6.04
2432,1,6.07
2433,4,6.41
2434,2,6.04
2435,2,6.06
2436,0,6.02
2437,1,6.04
2438,2,6.07
2439,1,6.04
2440,1,6.05
2441,1,6.11
2442,1,6.04
2443,4,23.76
2444,1,6.04
2445,3,6.09
2446,0,6.04
2447,3,7.34
2448,3,6.21
2449,4,10.48
2450,4,13.24
2451,2,6.04
2452,0,6.03
2453,1,6.06
2454,1,6.04
2455,1,6.04
2456,4,11.63
2457,3,6.12
2458,3,6.1
2459,4,33.89
2460,3,6.64
2461,4,8.67
2462,0,6.03
2463,0,6.05
2464,0,6.03
2465,0,6.04
2466,1,6.04
2467,2,6.05
2468,4,7.83
2469,0,6.03
2470,4,6.5
2471,2,6.09
2472,4,8.86
2473,2,6.08
2474,4,12.71
2475,4,10.23
2476,2,6.05
2477,3,6.22
2478,1,6.03
2479,4,11.07
2480,1,6.05
2481,3,6.25
2482,4,11.14
2483,4,8.22
2484,0,6.04
2485,4,9.32
2486,3,6.07
2487,2,6.06
2488,0,6.03
2489,4,22.35
2490,1,6.04
2491,0,6.03
2492,1,6.04
2493,3,6.14
2494,3,6.05
2495,1,6.04
2496,2,6.09
2497,4,8.84
2498,4,6.6
2499,0,6.03
2500,3,6.41
2501,3,6.09
2502,2,6.07
2503,2,6.07
2504,2,6.05
2505,4,6.5
2506,0,6.04
2507,0,6.03
2508,0,6.06
2509,3,6.11
2510,3,6.33
2511,1,6.03
2512,0,6.04
2513,2,6.03
2514,0,6.03
2515,0,6.03
2516,0,6.05
2517,3,6.38
2518,4,6.76
2519,1,6.04
2520,3,6.42
2521,1,6.05
2522,3,6.07
2523,0,6.03
2524,0,6.05
2525,2,6.04
2526,4,6.91
2527,0,6.04
2528,4,7.09
2529,0,6.04
2530,1,6.05
2531,4,32.36
2532,2,6.04
2533,1,6.04
2534,1,6.05
2535,0,6.05
2536,1,6.03
2537,4,7.42
2538,4,6.99
2539,4,6.98
2540,1,6.04
2541,3,6.24
2542,0,6.04
2543,4,6.35
2544,4,10.94
2545,2,6.05
2546,3,6.07
2547,0,6.03
2548,3,6.06
2549,4,19.04
2550,0,6.09
2551,3,6.1
2552,0,6.04
2553,0,6.03
2554,4,10.69
2555,2,6.06
2556,2,6.07
2557,0,6.03
2558,0,6.04
2559,1,6.04
2560,0,6.04
2561,0,6.03
2562,1,6.03
2563,0,6.03
2564,1,6.03
2565,1,6.04
2566,4,21.89
2567,4,15.52
2568,3,6.32
2569,0,6.04
2570,0,6.03
2571,2,6.07
2572,1,6.05
2573,1,6.06
2574,3,6.16
2575,1,6.04
2576,1,6.04
2577,3,6.12
2578,2,6.04
2579,4,6.47
2580,2,6.05
2581,1,6.08
2582,0,6.04
2583,0,6.03
2584,3,6.06
2585,2,6.11
2586,0,6.05
2587,2,6.04
2588,1,6.04
2589,1,6.05
2590,1,6.05
2591,3,6.1
2592,4,6.4
2593,4,8.15
2594,4,9.76
2595,4,12.59
2596,4,6.7
2597,1,6.04
2598,3,6.05
2599,0,6.02
2600,2,6.05
2601,2,6.11
2602,0,6.04
2603,4,6.23
2604,2,6.04
2605,2,6.07
2606,0,6.03
2607,1,6.05
2608,4,6.54
2609,1,6.04
2610,1,6.04
2611,4,6.91
2612,3,6.2
2613,0,6.03
2614,2,6.04
2615,4,9.49
2616,0,6.03
2617,2,6.05
2618,3,6.21
2619,1,6.04
2620,4,35.77
2621,1,6.04
2622,2,6.04
2623,2,6.06
2624,2,6.04
2625,2,6.08
2626,3,6.74
2627,3,6.61
2628,2,6.05
2629,1,6.07
2630,2,6.04
2631,2,6.05
2632,4,6.87
2633,0,6.03
2634,1,6.05
2635,4,8.21
2636,4,7.42
2637,0,6.04
2638,4,6.36
2639,2,6.1
2640,2,6.05
2641,0,6.04
2642,4,9.25
2643,3,6.06
2644,1,6.07
2645,2,6.04
2646,2,6.05
2647,0,6.04
2648,0,6.04
2649,1,6.03
2650,2,6.04
2651,0,6.03
2652,2,6.05
2653,2,6.06
2654,4,12.59
2655,2,6.12
2656,1,6.04
2657,4,6.67
2658,4,6.8
2659,3,6.04
2660,2,6.06
2661,1,6.04
2662,2,6.05
2663,1,6.03
2664,2,6.04
2665,0,6.03
2666,3,6.13
2667,2,6.04
2668,0,6.13
2669,0,6.05
2670,2,6.03
2671,0,6.03
2672,0,6.03
2673,0,6.03
2674,1,6.04
2675,2,6.04
2676,2,6.04
2677,0,6.04
2678,4,17.34
2679,4,6.37
2680,4,8.66
2681,3,6.14
2682,3,6.06
2683,3,6.19
2684,0,6.03
2685,4,6.29
2686,2,6.15
2687,4,6.42
2688,4,15.14
2689,2,6.08
2690,1,6.05
2691,4,10.41
2692,3,6.09
2693,3,7.9
2694,4,11.79
2695,2,6.11
2696,2,6.04
2697,1,6.04
2698,3,6.1
2699,2,6.04
2700,0,6.04
2701,4,9.59
2702,3,6.29
2703,4,10.96
2704,1,6.03
2705,3,6.06
2706,1,6.04
2707,2,6.09
2708,2,6.04
2709,0,6.05
2710,3,6.37
2711,0,6.03
2712,3,6.26
2713,4,7.44
2714,3,6.41
2715,1,6.05
2716,4,9.3
2717,3,6.1
2718,0,6.04
2719,2,6.07
2720,4,35.88
2721,4,6.56
2722,1,6.03
2723,0,6.03
2724,3,6.1
2725,4,7.21
2726,3,6.06
2727,1,6.06
2728,3,6.18
2729,4,21.34
2730,1,6.04
2731,4,9.59
2732,4,6.42
2733,3,6.22
2734,2,6.09
2735,2,6.06
2736,2,6.05
2737,2,6.08
2738,0,6.04
2739,4,9.43
2740,2,6.06
2741,3,6.11
2742,3,6.09
2743,3,6.16
2744,2,6.04
2745,1,6.03
2746,0,6.04
2747,0,6.03
2748,0,6.03
2749,3,6.1
2750,3,6.18
2751,2,6.08
2752,0,6.05
2753,3,6.35
2754,2,6.07
2755,1,6.03
2756,3,6.28
2757,2,6.03
2758,4,7.45
2759,1,6.08
2760,2,6.07
2761,0,6.03
2762,2,6.07
2763,1,6.04
2764,3,6.32
2765,0,6.02
2766,2,6.05
2767,3,6.09
2768,4,6.2
2769,0,6.02
2770,0,6.04
2771,1,6.05
2772,4,7.81
2773,4,6.41
2774,1,6.04
2775,1,6.04
2776,3,6.08
2777,2,6.04
2778,2,6.04
2779,3,6.09
2780,4,6.65
2781,4,11.56
2782,0,6.03
2783,4,13.47
2784,4,10.49
2785,0,6.07
2786,4,12.53
2787,4,7.49
2788,4,10.8
2789,3,6.12
2790,4,8.07
2791,1,6.07
2792,2,6.05
2793,0,6.03
2794,4,15.34
2795,1,6.04
2796,0,6.03
2797,1,6.03
2798,1,6.03
2799,1,6.04
2800,0,6.04
2801,3,6.1
2802,0,6.04
2803,4,6.33
2804,0,6.03
2805,2,6.05
2806,4,34.4
2807,2,6.05
2808,1,6.04
2809,2,6.05
2810,3,6.21
2811,1,6.03
2812,3,6.07
2813,1,6.04
2814,3,6.13
2815,3,6.11
2816,0,6.04
2817,0,6.03
2818,4,8.59
2819,1,6.08
2820,0,6.03
2821,3,6.04
2822,0,6.03
2823,0,6.02
2824,0,6.03
2825,2,6.04
2826,3,6.1
2827,0,6.04
2828,0,6.04
2829,1,6.04
2830,2,6.09
2831,2,6.04
2832,2,6.06
2833,3,6.04
2834,2,6.05
2835,2,6.07
2836,4,6.68
2837,0,6.03
2838,3,6.06
2839,2,6.06
2840,3,6.62
2841,1,6.04
2842,4,8.29
2843,1,6.05
2844,2,6.05
2845,4,16.5
2846,1,6.04
2847,2,6.04
2848,4,6.4
2849,4,6.49
2850,1,6.03
2851,3,6.12
2852,2,6.04
2853,2,6.04
2854,1,6.05
2855,2,6.04
2856,3,6.07
2857,1,6.04
2858,2,6.06
2859,3,6.05
2860,1,6.09
2861,4,8.82
2862,1,6.04
2863,2,6.06
2864,3,6.1
2865,3,6.32
2866,1,6.04
2867,1,6.04
2868,4,7.26
2869,0,6.04
2870,4,6.61
2871,4,8.72
2872,4,17.63
2873,4,10.02
2874,4,6.69
2875,4,6.83
2876,3,6.19
2877,4,7.44
2878,0,6.03
2879,2,6.07
2880,4,17.25
2881,0,6.03
2882,1,6.04
2883,3,6.09
2884,0,6.04
2885,4,26.32
2886,0,6.03
2887,2,6.04
2888,4,13.25
2889,2,6.11
2890,2,6.05
2891,2,6.05
2892,3,6.26
2893,2,6.04
2894,4,6.43
2895,4,9.72
2896,3,6.28
2897,4,7.12
2898,1,6.06
2899,3,6.24
2900,4,34.53
2901,4,12.54
2902,1,6.05
2903,2,6.04
2904,1,6.05
2905,1,6.04
2906,4,6.41
2907,1,6.04
2908,1,6.04
2909,2,6.04
2910,2,6.06
2911,1,6.04
2912,4,10.94
2913,2,6.06
2914,3,6.07
2915,1,6.04
2916,1,6.03
2917,3,6.15
2918,1,6.05
2919,4,8.35
2920,4,7.43
2921,3,6.19
2922,3,6.25
2923,2,6.05
2924,2,6.05
2925,1,6.08
2926,2,6.06
2927,1,6.05
2928,1,6.03
2929,2,6.04
2930,0,6.04
2931,3,6.32
2932,3,6.09
2933,4,15.16
2934,3,6.05
2935,0,6.04
2936,4,8.08
2937,0,6.04
2938,0,6.04
2939,3,6.13
2940,0,6.04
2941,3,6.13
2942,2,6.06
2943,1,6.05
2944,2,6.05
2945,3,6.14
2946,1,6.05
2947,3,6.19
2948,2,6.05
2949,4,8.44
2950,1,6.04
2951,3,6.51
2952,4,11.44
2953,0,6.03
2954,3,6.18
2955,2,6.06
2956,1,6.06
2957,4,7.16
2958,2,6.05
2959,0,6.04
2960,1,6.04
2961,1,6.05
2962,2,6.06
2963,1,6.05
2964,2,6.07
2965,1,6.07
2966,4,6.95
2967,0,6.05
2968,3,6.08
2969,0,6.03
2970,0,6.03
2971,4,9.16
2972,0,6.04
2973,0,6.06
2974,2,6.07
2975,1,6.04
2976,1,6.05
2977,1,6.04
2978,0,6.03
2979,0,6.06
2980,3,6.21
2981,2,6.1
2982,3,6.07
2983,3,6.17
2984,0,6.04
2985,0,6.03
2986,4,6.82
2987,2,6.04
2988,4,9.89
2989,1,6.04
2990,0,6.03
2991,1,6.03
2992,3,6.12
2993,2,6.06
2994,1,6.04
2995,3,6.13
2996,1,6.06
2997,0,6.04
2998,3,6.35
2999,1,6.05
3000,0,6.04
3001,2,6.04
3002,0,6.05
3003,4,6.68
3004,0,6.04
3005,4,7.71
3006,3,6.22
3007,1,6.04
3008,1,6.03
3009,2,6.05
3010,1,6.05
3011,2,6.14
3012,1,6.04
3013,1,6.03
3014,4,6.78
3015,4,18.78
3016,3,6.27
3017,1,6.05
3018,0,6.03
3019,0,6.03
3020,2,6.04
3021,3,6.05
3022,2,6.05
3023,2,6.05
3024,0,6.04
3025,1,6.06
3026,4,8.79
3027,0,6.03
3028,3,6.06
3029,0,6.05
3030,0,6.05
3031,4,13.73
3032,2,6.04
3033,0,6.04
3034,1,6.04
3035,4,9.02
3036,1,6.05
3037,3,6.06
3038,2,6.06
3039,1,6.05
3040,2,6.05
3041,0,6.02
3042,2,6.04
3043,0,6.03
3044,3,6.23
3045,1,6.04
3046,3,6.37
3047,3,6.22
3048,2,6.05
3049,2,6.07
3050,3,6.17
3051,3,6.09
3052,3,6.12
3053,4,14.56
3054,1,6.04
3055,0,6.02
3056,0,6.03
3057,3,6.14
3058,2,6.09
3059,4,14.96
3060,4,6.66
3061,4,27.53
3062,3,6.96
3063,1,6.05
3064,2,6.08
3065,0,6.03
3066,1,6.04
3067,3,6.2
3068,1,6.06
3069,0,6.04
3070,4,6.38
3071,4,6.52
3072,0,6.06
3073,2,6.05
3074,2,6.07
3075,0,6.03
3076,4,8.32
3077,1,6.04
3078,0,6.04
3079,3,6.4
3080,2,6.05
3081,3,6.31
3082,0,6.03
3083,3,6.11
3084,1,6.05
3085,0,6.05
3086,0,6.03
3087,2,6.05
3088,3,6.35
3089,0,6.03
3090,3,6.18
3091,1,6.04
3092,4,7.25
3093,1,6.03
3094,3,6.23
3095,0,6.03
3096,1,6.04
3097,3,6.28
3098,0,6.03
3099,1,6.04
3100,4,11.19
3101,4,9.15
3102,0,6.03
3103,0,6.05
3104,3,6.19
3105,0,6.03
3106,4,14.16
3107,3,6.16
3108,1,6.04
3109,4,8.72
3110,3,6.07
3111,2,6.06
3112,2,6.14
3113,2,6.05
3114,1,6.05
3115,3,6.19
3116,2,6.04
3117,0,6.06
3118,0,6.05
3119,3,6.38
3120,1,6.03
3121,3,6.26
3122,4,8.87
3123,4,6.86
3124,0,6.05
3125,1,6.05
3126,1,6.03
3127,4,6.84
3128,3,6.26
3129,4,11.76
3130,4,10.85
3131,4,12.4
3132,3,6.54
3133,1,6.12
3134,4,7.48
3135,3,6.06
3136,2,6.04
3137,1,6.05
3138,1,6.04
3139,2,6.04
3140,4,9.9
3141,2,6.2
3142,2,6.04
3143,4,6.57
3144,4,6.44
3145,2,6.04
3146,1,6.05
3147,3,6.06
3148,1,6.05
3149,0,6.04
3150,0,6.03
3151,0,6.04
3152,4,19.69
3153,1,6.04
3154,1,6.04
3155,2,6.04
3156,1,6.03
3157,0,6.03
3158,1,6.05
3159,4,11.0
3160,3,6.14
3161,1,6.04
3162,3,6.14
3163,2,6.05
3164,2,6.04
3165,1,6.04
3166,0,6.04
3167,0,6.04
3168,2,6.07
3169,1,6.08
3170,0,6.01
3171,3,6.26
3172,1,6.09
3173,3,6.13
3174,0,6.04
3175,0,6.04
3176,1,6.03
3177,4,6.74
3178,0,6.05
3179,2,6.04
3180,2,6.08
3181,4,8.01
3182,1,6.05
3183,4,10.25
3184,3,6.23
3185,1,6.04
3186,1,6.03
3187,0,6.04
3188,0,6.04
3189,4,23.55
3190,2,6.07
3191,4,13.01
3192,3,6.11
3193,1,6.04
3194,0,6.02
3195,0,6.03
3196,2,6.06
3197,2,6.04
3198,1,6.04
3199,2,6.05
3200,2,6.07
3201,3,7.38
3202,1,6.08
3203,2,6.09
3204,0,6.02
3205,2,6.04
3206,4,11.16
3207,3,6.39
3208,1,6.04
3209,2,6.04
3210,0,6.04
3211,4,10.73
3212,4,6.54
3213,1,6.04
3214,3,6.12
3215,3,6.23
3216,4,6.59
3217,1,6.03
3218,0,6.05
3219,3,6.23
3220,0,6.03
3221,3,6.22
3222,1,6.04
3223,4,6.52
3224,1,6.04
3225,2,6.04
3226,4,35.9
3227,4,11.49
3228,0,6.05
3229,3,6.31
3230,1,6.04
3231,4,7.73
3232,2,6.06
3233,1,6.04
3234,1,6.04
3235,2,6.05
3236,0,6.04
3237,0,6.03
3238,1,6.04
3239,4,24.79
3240,3,6.54
3241,2,6.04
3242,3,6.19
3243,4,7.76
3244,3,6.05
3245,4,11.68
3246,2,6.04
3247,4,10.57
3248,1,6.09
3249,2,6.21
3250,4,16.36
3251,1,6.03
3252,4,32.7
3253,3,6.3
3254,2,6.05
3255,4,25.3
3256,2,6.04
3257,1,6.05
3258,4,6.3
3259,1,6.04
3260,2,6.05
3261,0,6.04
3262,4,8.74
3263,2,6.05
3264,2,6.09
3265,3,6.2
3266,0,6.02
3267,0,6.03
3268,4,12.58
3269,1,6.04
3270,2,6.03
3271,0,6.06
3272,4,8.74
3273,4,10.48
3274,3,6.12
3275,1,6.04
3276,3,6.05
3277,4,6.88
3278,2,6.06
3279,0,6.05
3280,2,6.05
3281,3,6.05
3282,1,6.04
3283,4,28.92
3284,2,6.05
3285,3,6.08
3286,4,7.45
3287,1,6.04
3288,2,6.05
3289,0,6.12
3290,2,6.06
3291,0,6.05
3292,0,6.02
3293,4,7.04
3294,3,6.24
3295,3,6.05
3296,1,6.04
3297,4,7.65
3298,3,6.06
3299,3,6.18
3300,0,6.04
3301,0,6.04
3302,1,6.04
3303,4,6.53
3304,2,6.09
3305,0,6.03
3306,0,6.03
3307,3,6.19
3308,4,8.13
3309,3,6.07
3310,2,6.06
3311,2,6.06
3312,2,6.05
3313,4,8.56
3314,1,6.04
3315,0,6.02
3316,1,6.04
3317,0,6.03
3318,4,6.91
3319,2,6.05
3320,4,11.84
3321,2,6.03
3322,4,28.84
3323,1,6.04
3324,3,6.14
3325,2,6.17
3326,1,6.05
3327,3,6.07
3328,2,6.04
3329,1,6.04
3330,1,6.04
3331,2,6.06
3332,4,35.97
3333,3,6.13
3334,3,6.17
3335,1,6.04
3336,1,6.04
3337,4,8.51
3338,4,35.85
3339,4,16.41
3340,3,6.19
3341,0,6.04
3342,0,6.04
3343,1,6.04
3344,4,6.44
3345,2,6.06
3346,0,6.03
3347,2,6.12
3348,0,6.04
3349,1,6.04
3350,4,6.45
3351,0,6.02
3352,0,6.04
3353,3,6.42
3354,0,6.02
3355,0,6.03
3356,2,6.09
3357,3,7.91
3358,1,6.06
3359,1,6.04
3360,3,6.04
3361,3,8.06
3362,1,6.05
3363,3,6.33
3364,1,6.05
3365,2,6.06
3366,4,17.47
3367,1,6.04
3368,1,6.03
3369,2,6.04
3370,2,6.05
3371,1,6.04
3372,4,7.23
3373,1,6.04
3374,4,24.81
3375,3,6.1
3376,3,6.16
3377,4,7.26
3378,0,6.04
3379,3,6.14
3380,1,6.05
3381,1,6.04
3382,2,6.05
3383,4,34.83
3384,1,6.04
3385,3,6.39
3386,2,6.05
3387,2,6.05
3388,3,6.35
3389,0,6.02
3390,1,6.04
3391,0,6.04
3392,3,6.27
3393,2,6.12
3394,2,6.05
3395,0,6.04
3396,3,6.04
3397,2,6.1
3398,4,16.8
3399,1,6.04
3400,3,6.13
3401,0,6.06
3402,4,14.43
3403,4,7.2
3404,3,8.03
3405,2,6.06
3406,1,6.04
3407,3,6.1
3408,3,6.07
3409,1,6.04
3410,2,6.04
3411,1,6.03
3412,3,6.12
3413,4,19.17
3414,4,9.5
3415,1,6.06
3416,1,6.04
3417,0,6.09
3418,4,6.42
3419,1,6.03
3420,3,6.07
3421,1,6.18
3422,3,7.49
3423,0,6.04
3424,4,27.13
3425,3,6.11
3426,1,6.04
3427,2,6.04
3428,1,6.06
3429,1,6.04
3430,3,6.12
3431,0,6.04
3432,0,6.03
3433,4,7.25
3434,2,6.04
3435,2,6.05
3436,4,17.43
3437,2,6.09
3438,4,6.28
3439,4,34.46
3440,2,6.04
3441,3,6.08
3442,0,6.04
3443,3,6.14
3444,2,6.05
3445,2,6.08
3446,1,6.04
3447,1,6.03
3448,1,6.03
3449,2,6.04
3450,3,6.11
3451,2,6.04
3452,4,7.36
3453,2,6.04
3454,1,6.04
3455,4,8.8
3456,1,6.04
3457,2,6.05
3458,1,6.06
3459,3,6.08
3460,1,6.03
3461,3,6.06
3462,1,6.04
3463,2,6.08
3464,3,6.12
3465,1,6.06
3466,3,6.06
3467,0,6.03
3468,1,6.05
3469,4,11.68
3470,3,6.07
3471,3,6.25
3472,0,6.04
3473,4,7.01
3474,3,6.23
3475,2,6.06
3476,3,6.13
3477,1,6.04
3478,3,6.05
3479,1,6.1
3480,4,7.49
3481,2,6.04
3482,2,6.06
3483,1,6.03
3484,2,6.04
3485,3,6.09
3486,4,13.76
3487,2,6.06
3488,4,7.12
3489,4,13.37
3490,4,8.06
3491,3,6.07
3492,0,6.04
3493,3,6.29
3494,3,6.09
3495,1,6.03
3496,4,9.37
3497,1,6.05
3498,0,6.04
3499,4,13.77
3500,0,6.03
3501,2,6.1
3502,2,6.04
3503,2,6.08
3504,2,6.04
3505,4,31.25
3506,3,6.15
3507,4,35.52
3508,2,6.12
3509,2,6.07
3510,1,6.04
3511,1,6.04
3512,2,6.08
3513,3,6.16
3514,0,6.05
3515,3,6.1
3516,2,6.09
3517,0,6.04
3518,1,6.04
3519,3,6.11
3520,0,6.03
3521,3,6.06
3522,0,6.03
3523,1,6.03
3524,1,6.04
3525,0,6.02
3526,0,6.04
3527,0,6.03
3528,4,9.41
3529,2,6.05
3530,4,9.43
3531,2,6.05
3532,3,6.17
3533,0,6.02
3534,2,6.11
3535,3,6.11
3536,3,6.19
3537,3,6.12
3538,0,6.03
3539,2,6.03
3540,0,6.03
3541,2,6.04
3542,0,6.04
3543,2,6.04
3544,2,6.04
3545,3,6.06
3546,2,6.03
3547,1,6.04
3548,4,7.04
3549,2,6.07
3550,0,6.02
3551,0,6.03
3552,2,6.04
3553,2,6.08
3554,3,6.1
3555,0,6.04
3556,1,6.03
3557,0,6.04
3558,0,6.04
3559,0,6.03
3560,0,6.03
3561,1,6.04
3562,4,6.37
3563,3,6.2
3564,0,6.05
3565,1,6.04
3566,3,6.07
3567,3,6.06
3568,0,6.04
3569,3,6.31
3570,4,16.99
3571,3,6.05
3572,2,6.08
3573,2,6.04
3574,1,6.04
3575,2,6.06
3576,4,6.82
3577,4,22.49
3578,2,6.07
3579,2,6.07
3580,3,6.05
3581,2,6.23
3582,4,10.86
3583,3,6.07
3584,3,6.1
3585,2,6.05
3586,1,6.04
3587,2,6.05
3588,0,6.04
3589,3,6.07
3590,4,6.62
3591,0,6.05
3592,2,6.04
3593,2,6.07
3594,0,6.04
3595,1,6.04
3596,0,6.08
3597,3,6.48
3598,2,6.04
3599,3,6.09
3600,1,6.04
3601,3,6.11
3602,0,6.02
3603,4,34.3
3604,1,6.04
3605,2,6.05
3606,4,7.63
3607,0,6.03
3608,4,11.82
3609,0,6.04
3610,3,6.09
3611,0,6.05
3612,3,6.24
3613,3,6.28
3614,1,6.05
3615,2,6.05
3616,0,6.04
3617,4,8.5
3618,4,9.09
3619,4,9.79
3620,2,6.03
3621,1,6.04
3622,4,7.09
3623,2,6.11
3624,1,6.03
3625,2,6.05
3626,3,6.07
3627,1,6.04
3628,0,6.02
3629,0,6.04
3630,1,6.06
3631,3,6.19
3632,3,6.29
3633,4,16.35
3634,3,6.44
3635,1,6.04
3636,2,6.14
3637,1,6.05
3638,0,6.03
3639,1,6.04
3640,2,6.08
3641,1,6.03
3642,0,6.03
3643,0,6.03
3644,4,6.32
3645,1,6.03
3646,1,6.05
3647,0,6.04
3648,4,24.28
3649,2,6.05
3650,1,6.04
3651,2,6.05
3652,2,6.04
3653,0,6.06
3654,3,6.22
3655,4,6.55
3656,2,6.04
3657,2,6.04
3658,0,6.04
3659,0,6.03
3660,3,6.34
3661,4,9.75
3662,1,6.07
3663,2,6.04
3664,3,6.16
3665,1,6.03
3666,1,6.09
3667,4,8.52
3668,0,6.03
3669,1,6.04
3670,3,6.09
3671,2,6.06
3672,1,6.05
3673,3,6.35
3674,0,6.03
3675,0,6.02
3676,0,6.04
3677,4,19.2
3678,2,6.06
3679,1,6.04
3680,1,6.03
3681,1,6.04
3682,2,6.05
3683,3,6.38
3684,0,6.03
3685,0,6.04
3686,4,6.56
3687,1,6.05
3688,1,6.05
3689,1,6.05
3690,3,6.36
3691,0,6.04
3692,1,6.07
3693,2,6.04
3694,3,6.19
3695,4,6.57
3696,3,6.15
3697,0,6.03
3698,1,6.04
3699,1,6.04
3700,0,6.09
3701,2,6.09
3702,3,6.36
3703,0,6.04
3704,2,6.04
3705,4,21.45
3706,3,6.2
3707,1,6.04
3708,3,6.15
3709,0,6.04
3710,3,6.19
3711,0,6.04
3712,1,6.04
3713,3,6.44
3714,4,9.42
3715,1,6.05
3716,4,10.94
3717,4,17.48
3718,2,6.08
3719,2,6.07
3720,1,6.04
3721,1,6.04
3722,0,6.04
3723,3,6.17
3724,4,8.67
3725,3,6.27
3726,1,6.04
3727,3,6.09
3728,2,6.05
3729,4,6.56
3730,2,6.04
3731,4,6.85
3732,2,6.04
3733,2,6.06
3734,0,6.04
3735,4,6.29
3736,3,6.07
3737,4,6.91
3738,2,6.1
3739,2,6.16
3740,1,6.04
3741,2,6.06
3742,4,8.43
3743,3,6.1
3744,0,6.05
3745,0,6.04
3746,4,11.43
3747,1,6.04
3748,4,6.34
3749,3,6.26
3750,4,8.23
3751,4,7.1
3752,1,6.05
3753,3,6.38
3754,0,6.03
3755,0,6.03
3756,0,6.04
3757,4,21.85
3758,4,11.64
3759,1,6.04
3760,1,6.03
3761,0,6.05
3762,1,6.03
3763,4,7.67
3764,2,6.06
3765,1,6.03
3766,4,11.48
3767,4,7.14
3768,3,6.13
3769,0,6.04
3770,4,6.71
3771,4,7.73
3772,1,6.04
3773,3,6.07
3774,0,6.03
3775,3,6.07
3776,1,6.04
3777,1,6.04
3778,3,6.56
3779,0,6.04
3780,3,6.82
3781,3,6.16
3782,1,6.06
3783,1,6.04
3784,1,6.04
3785,4,10.77
3786,0,6.03
3787,1,6.05
3788,4,33.76
3789,0,6.03
3790,3,6.2
3791,2,6.04
3792,2,6.06
3793,0,6.02
3794,1,6.04
3795,0,6.04
3796,1,6.05
3797,1,6.05
3798,2,6.06
3799,4,6.67
3800,3,6.09
3801,0,6.03
3802,3,6.11
3803,1,6.04
3804,0,6.03
3805,2,6.04
3806,3,6.05
3807,1,6.08
3808,4,8.74
3809,1,6.04
3810,2,6.06
3811,0,6.03
3812,2,6.04
3813,3,6.51
3814,1,6.04
3815,4,14.86
3816,2,6.04
3817,3,6.31
3818,2,6.07
3819,1,6.05
3820,0,6.03
3821,0,6.04
3822,1,6.04
3823,2,6.04
3824,4,6.93
3825,1,6.06
3826,1,6.03
3827,3,6.07
3828,3,6.26
3829,2,6.12
3830,0,6.03
3831,1,6.05
3832,0,6.01
3833,4,10.24
3834,3,6.24
3835,2,6.05
3836,3,6.05
3837,1,6.05
3838,3,6.7
3839,2,6.05
3840,3,6.14
3841,1,6.06
3842,4,9.26
3843,3,6.16
3844,3,6.05
3845,0,6.02
3846,3,6.23
3847,3,6.27
3848,1,6.04
3849,1,6.04
3850,3,6.17
3851,2,6.05
3852,1,6.04
3853,3,6.89
3854,3,6.41
3855,1,6.05
3856,1,6.05
3857,0,6.03
3858,1,6.08
3859,0,6.03
3860,1,6.07
3861,1,6.06
3862,3,6.08
3863,3,6.62
3864,2,6.04
3865,2,6.04
3866,3,7.14
3867,0,6.05
3868,0,6.03
3869,3,8.31
3870,4,9.91
3871,1,6.03
3872,3,6.26
3873,1,6.04
3874,2,6.07
3875,3,6.06
3876,0,6.03
3877,3,6.23
3878,4,15.92
3879,1,6.05
3880,0,6.04
3881,1,6.04
3882,2,6.06
3883,3,6.05
3884,0,6.03
3885,3,6.4
3886,1,6.04
3887,2,6.09
3888,4,7.32
3889,1,6.03
3890,0,6.04
3891,2,6.11
3892,4,32.53
3893,1,6.04
3894,2,6.05
3895,0,6.05
3896,1,6.1
3897,3,6.17
3898,1,6.05
3899,0,6.02
3900,1,6.04
3901,3,6.45
3902,4,6.84
3903,2,6.04
3904,1,6.04
3905,2,6.04
3906,0,6.03
3907,0,6.03
3908,2,6.04
3909,4,17.31
3910,0,6.04
3911,3,6.56
3912,3,6.1
3913,1,6.03
3914,3,6.1
3915,1,6.03
3916,3,6.12
3917,1,6.04
3918,1,6.05
3919,2,6.05
3920,3,6.06
3921,2,6.08
3922,0,6.04
3923,2,6.1
3924,0,6.04
3925,3,6.08
3926,4,21.91
3927,1,6.04
3928,2,6.05
3929,2,6.05
3930,4,7.54
3931,1,6.04
3932,3,6.1
3933,3,7.49
3934,0,6.04
3935,0,6.06
3936,0,6.02
3937,3,6.05
3938,1,6.04
3939,3,6.81
3940,3,6.12
3941,4,35.48
3942,1,6.04
3943,1,6.06
3944,4,9.74
3945,4,8.0
3946,0,6.03
3947,2,6.1
3948,2,6.05
3949,2,6.06
3950,4,35.24
3951,0,6.1
3952,2,6.06
3953,2,6.05
3954,4,9.85
3955,3,6.34
3956,1,6.05
3957,1,6.04
3958,2,6.04
3959,1,6.04
3960,3,6.06
3961,1,6.04
3962,3,6.69
3963,4,10.26
3964,4,7.05
3965,3,6.19
3966,0,6.04
3967,0,6.05
3968,0,6.09
3969,0,6.03
3970,4,6.46
3971,1,6.03
3972,2,6.03
3973,0,6.07
3974,4,19.02
3975,3,6.12
3976,1,6.04
3977,1,6.04
3978,2,6.05
3979,2,6.04
3980,4,8.51
3981,2,6.14
3982,2,6.05
3983,3,6.32
3984,3,6.1
3985,0,6.04
3986,0,6.03
3987,1,6.04
3988,2,6.04
3989,4,10.5
3990,4,7.91
3991,1,6.04
3992,1,6.04
3993,0,6.04
3994,1,6.08
3995,1,6.05
3996,4,7.93
3997,3,6.17
3998,3,6.23
3999,1,6.05
4000,0,6.04
4001,3,6.14
4002,1,6.05
4003,2,6.1
4004,1,6.03
4005,0,6.06
4006,3,6.13
4007,4,11.89
4008,1,6.04
4009,4,7.61
4010,4,6.78
4011,4,10.2
4012,1,6.04
4013,1,6.05
4014,4,11.05
4015,3,6.09
4016,4,7.05
4017,2,6.05
4018,2,6.08
4019,0,6.03
4020,1,6.07
4021,0,6.05
4022,1,6.04
4023,3,6.15
4024,3,6.06
4025,1,6.05
4026,0,6.04
4027,2,6.05
4028,3,6.1
4029,0,6.03
4030,1,6.04
4031,4,7.91
4032,0,6.03
4033,4,9.93
4034,4,12.32
4035,1,6.04
4036,4,13.3
4037,2,6.07
4038,1,6.04
4039,0,6.04
4040,1,6.09
4041,0,6.04
4042,1,6.03
4043,0,6.02
4044,3,6.35
4045,4,10.8
4046,2,6.13
4047,4,6.28
4048,1,6.04
4049,4,7.49
4050,1,6.06
4051,2,6.06
4052,3,6.21
4053,3,6.09
4054,0,6.04
4055,3,6.11
4056,4,7.37
4057,3,6.19
4058,2,6.05
4059,4,7.96
4060,3,6.16
4061,2,6.08
4062,0,6.03
4063,2,6.05
4064,0,6.05
4065,1,6.05
4066,1,6.06
4067,3,6.26
4068,4,6.67
4069,1,6.05
4070,0,6.03
4071,3,6.24
4072,0,6.06
4073,1,6.15
4074,0,6.09
4075,1,6.04
4076,2,6.07
4077,2,6.05
4078,2,6.06
4079,1,6.04
4080,1,6.04
4081,1,6.04
4082,4,6.47
4083,1,6.04
4084,0,6.03
4085,1,6.04
4086,3,6.19
4087,1,6.04
4088,1,6.05
4089,3,6.13
4090,3,6.15
4091,4,28.81
4092,2,6.05
4093,2,6.05
4094,2,6.06
4095,0,6.04
4096,3,6.09
4097,4,11.43
4098,3,6.17
4099,3,6.12
4100,3,6.1
4101,3,6.3
4102,4,8.3
4103,0,6.04
4104,4,11.51
4105,1,6.04
4106,1,6.04
4107,0,6.03
4108,3,6.65
4109,4,7.9
4110,0,6.04
4111,2,6.04
4112,2,6.05
4113,1,6.03
4114,4,6.52
4115,1,6.04
4116,3,6.3
4117,1,6.05
4118,0,6.02
4119,1,6.04
4120,1,6.04
4121,3,6.08
4122,2,6.04
4123,4,8.27
4124,3,6.12
4125,0,6.04
4126,1,6.04
4127,4,6.41
4128,3,6.09
4129,0,6.04
4130,0,6.04
4131,2,6.1
4132,1,6.04
4133,0,6.02
4134,1,6.05
4135,1,6.04
4136,3,6.24
4137,2,6.08
4138,3,6.11
4139,1,6.03
4140,2,6.07
4141,0,6.04
4142,0,6.08
4143,4,7.64
4144,2,6.04
4145,3,6.1
4146,3,6.31
4147,2,6.05
4148,4,7.29
4149,3,6.26
4150,0,6.03
4151,0,6.03
4152,4,12.52
4153,1,6.03
4154,2,6.05
4155,1,6.04
4156,3,6.22
4157,1,6.04
4158,3,6.1
4159,4,12.75
4160,2,6.12
4161,4,6.88
4162,1,6.04
4163,2,6.05
4164,0,6.04
4165,1,6.03
4166,4,6.55
4167,0,6.04
4168,2,6.04
4169,0,6.03
4170,0,6.05
4171,4,8.74
4172,1,6.04
4173,1,6.04
4174,2,6.06
4175,0,6.03
4176,4,7.73
4177,2,6.08
4178,1,6.04
4179,2,6.06
4180,4,7.69
4181,4,7.95
4182,2,6.04
4183,2,6.09
4184,0,6.02
4185,0,6.02
4186,4,6.92
4187,4,6.74
4188,0,6.03
4189,4,8.85
4190,0,6.02
4191,2,6.06
4192,1,6.04
4193,0,6.03
4194,4,7.66
4195,3,6.26
4196,2,6.05
4197,1,6.03
4198,1,6.05
4199,3,6.39
4200,0,6.03
4201,4,11.11
4202,3,6.15
4203,1,6.04
4204,1,6.03
4205,0,6.03
4206,0,6.05
4207,2,6.09
4208,2,6.04
4209,1,6.07
4210,1,6.06
4211,2,6.05
4212,4,6.23
4213,4,35.99
4214,4,9.31
4215,2,6.05
4216,0,6.04
4217,2,6.05
4218,1,6.06
4219,2,6.03
4220,1,6.08
4221,4,7.03
4222,2,6.07
4223,2,6.05
4224,3,6.11
4225,2,6.05
4226,4,7.01
4227,1,6.05
4228,3,6.07
4229,2,6.05
4230,1,6.03
4231,2,6.07
4232,1,6.04
4233,0,6.04
4234,0,6.04
4235,2,6.04
4236,1,6.04
4237,4,16.64
4238,3,6.07
4239,2,6.12
4240,4,35.75
4241,4,13.68
4242,2,6.04
4243,3,6.12
4244,1,6.04
4245,0,6.04
4246,4,10.69
4247,2,6.04
4248,3,6.65
4249,2,6.05
4250,2,6.05
4251,4,11.71
4252,0,6.04
4253,1,6.04
4254,3,6.11
4255,0,6.04
4256,0,6.04
4257,2,6.07
4258,2,6.06
4259,1,6.03
4260,2,6.06
4261,1,6.04
4262,4,8.3
4263,4,8.79
4264,3,6.13
4265,4,7.91
4266,0,6.06
4267,3,6.41
4268,2,6.06
4269,4,8.11
4270,3,6.54
4271,4,11.6
4272,2,6.07
4273,4,7.26
4274,2,6.05
4275,1,6.04
4276,4,19.3
4277,3,6.09
4278,0,6.04
4279,2,6.08
4280,1,6.04
4281,4,9.57
4282,3,6.15
4283,3,7.58
4284,3,6.05
4285,3,6.12
4286,3,6.26
4287,4,11.84
4288,4,8.99
4289,1,6.04
4290,1,6.03
4291,0,6.04
4292,3,6.35
4293,4,12.08
4294,4,7.87
4295,1,6.04
4296,1,6.05
4297,4,6.51
4298,3,6.13
4299,4,6.36
4300,4,8.2
4301,1,6.04
4302,4,7.99
4303,2,6.05
4304,3,6.08
4305,4,9.21
4306,1,6.07
4307,0,6.04
4308,1,6.04
4309,4,11.6
4310,3,6.11
4311,1,6.04
4312,3,6.07
4313,1,6.03
4314,3,6.65
4315,3,6.18
4316,0,6.01
4317,3,6.05
4318,0,6.05
4319,4,8.06
4320,3,6.09
4321,3,6.1
4322,2,6.06
4323,0,6.04
4324,1,6.05
4325,2,6.06
4326,4,6.86
4327,0,6.04
4328,3,6.16
4329,1,6.04
4330,4,6.51
4331,1,6.09
4332,4,6.88
4333,0,6.04
4334,0,6.04
4335,4,9.54
4336,1,6.07
4337,4,11.04
4338,0,6.03
4339,1,6.04
4340,4,10.58
4341,4,30.77
4342,2,6.18
4343,0,6.03
4344,2,6.04
4345,0,6.03
4346,0,6.04
4347,0,6.02
4348,2,6.03
4349,3,6.16
4350,1,6.06
4351,2,6.04
4352,0,6.03
4353,2,6.05
4354,2,6.05
4355,4,6.94
4356,1,6.05
4357,4,6.46
4358,2,6.04
4359,3,6.14
4360,1,6.06
4361,3,6.08
4362,0,6.06
4363,1,6.04
4364,4,6.87
4365,0,6.04
4366,2,6.05
4367,4,9.43
4368,3,6.13
4369,0,6.03
4370,1,6.05
4371,1,6.1
4372,2,6.05
4373,2,6.06
4374,1,6.04
4375,1,6.03
4376,2,6.06
4377,1,6.04
4378,1,6.04
4379,3,6.12
4380,4,35.99
4381,1,6.04
4382,2,6.04
4383,2,6.04
4384,4,28.14
4385,4,9.81
4386,2,6.04
4387,0,6.04
4388,4,6.12
4389,4,9.86
4390,1,6.04
4391,3,6.07
4392,2,6.07
4393,2,6.09
4394,3,6.25
4395,0,6.04
4396,4,8.13
4397,3,6.13
4398,4,11.69
4399,2,6.06
4400,3,6.25
4401,0,6.03
4402,1,6.04
4403,0,6.03
4404,0,6.04
4405,3,6.05
4406,0,6.04
4407,3,7.85
4408,3,6.06
4409,2,6.05
4410,3,6.11
4411,1,6.04
4412,3,6.09
4413,1,6.03
4414,0,6.03
4415,0,6.04
4416,1,6.03
4417,3,6.09
4418,3,6.19
4419,3,6.39
4420,1,6.03
4421,3,6.16
4422,3,6.18
4423,4,6.45
4424,1,6.05
4425,2,6.06
4426,2,6.07
4427,1,6.09
4428,1,6.04
4429,4,9.24
4430,3,6.22
4431,0,6.04
4432,4,6.35
4433,2,6.06
4434,2,6.05
4435,1,6.04
4436,4,11.0
4437,1,6.06
4438,4,8.68
4439,4,29.7
4440,4,8.11
4441,3,6.19
4442,0,6.04
4443,1,6.04
4444,1,6.04
4445,3,6.26
4446,0,6.04
4447,2,6.05
4448,2,6.04
4449,3,6.36
4450,0,6.03
4451,2,6.06
4452,1,6.04
4453,3,6.04
4454,1,6.05
4455,0,6.04
4456,2,6.1
4457,0,6.03
4458,0,6.04
4459,1,6.05
4460,2,6.07
4461,3,6.09
4462,3,6.08
4463,1,6.05
4464,3,6.09
4465,2,6.05
4466,4,7.17
4467,1,6.05
4468,4,27.99
4469,3,6.16
4470,1,6.05
4471,4,6.51
4472,2,6.07
4473,2,6.07
4474,4,7.31
4475,4,6.44
4476,0,6.03
4477,3,6.25
4478,4,6.78
4479,3,6.1
4480,4,29.62
4481,1,6.04
4482,3,6.22
4483,0,6.03
4484,1,6.04
4485,3,6.24
4486,3,6.38
4487,2,6.04
4488,2,6.06
4489,3,6.34
4490,4,6.88
4491,4,23.36
4492,1,6.04
4493,4,11.4
4494,3,6.06
4495,4,6.56
4496,1,6.04
4497,4,6.52
4498,2,6.06
4499,4,7.53
4500,1,6.03
4501,4,6.29
4502,4,8.97
4503,4,9.7
4504,3,6.1
4505,2,6.04
4506,0,6.04
4507,3,6.35
4508,3,6.05
4509,2,6.04
4510,2,6.07
4511,2,6.05
4512,1,6.05
4513,3,6.25
4514,3,6.14
4515,2,6.04
4516,1,6.05
4517,4,8.44
4518,3,7.56
4519,3,6.25
4520,4,10.09
4521,1,6.04
4522,3,6.13
4523,1,6.05
4524,1,6.04
4525,4,11.84
4526,0,6.03
4527,3,6.05
4528,0,6.04
4529,4,7.51
4530,3,6.29
4531,2,6.04
4532,0,6.04
4533,3,8.07
4534,1,6.05
4535,1,6.03
4536,3,6.12
4537,1,6.06
4538,4,8.98
4539,4,8.27
4540,0,6.04
4541,1,6.04
4542,3,6.08
4543,0,6.04
4544,2,6.03
4545,2,6.06
4546,0,6.02
4547,2,6.05
4548,1,6.04
4549,4,10.84
4550,1,6.04
4551,1,6.05
4552,1,6.04
4553,1,6.04
4554,2,6.06
4555,0,6.04
4556,4,7.23
4557,1,6.04
4558,4,15.45
4559,4,8.37
4560,1,6.04
4561,2,6.08
4562,3,6.19
4563,0,6.02
4564,0,6.05
4565,4,13.91
4566,4,6.5
4567,4,8.79
4568,1,6.04
4569,2,6.07
4570,1,6.03
4571,1,6.04
4572,4,12.14
4573,4,22.75
4574,2,6.06
4575,0,6.04
4576,1,6.04
4577,1,6.05
4578,4,6.26
4579,3,6.04
4580,4,17.08
4581,0,6.04
4582,4,13.85
4583,3,6.23
4584,2,6.04
4585,0,6.03
4586,3,6.15
4587,4,9.38
4588,0,6.04
4589,2,6.04
4590,4,8.88
4591,4,12.59
4592,0,6.02
4593,0,6.03
4594,4,8.91
4595,3,6.06
4596,0,6.02
4597,0,6.03
4598,4,8.04
4599,1,6.04
4600,1,6.04
4601,1,6.05
4602,0,6.04
4603,4,11.45
4604,0,6.03
4605,2,6.04
4606,1,6.04
4607,0,6.06
4608,1,6.04
4609,3,6.14
4610,1,6.04
4611,4,9.24
4612,2,6.04
4613,0,6.04
4614,0,6.04
4615,2,6.05
4616,1,6.04
4617,1,6.06
4618,4,6.42
4619,1,6.05
4620,4,11.06
4621,4,10.91
4622,4,11.07
4623,0,6.05
4624,4,8.2
4625,3,6.07
4626,2,6.04
4627,2,6.03
4628,2,6.06
4629,1,6.04
4630,0,6.08
4631,2,6.04
4632,3,6.25
4633,1,6.03
4634,1,6.04
4635,2,6.04
4636,4,9.15
4637,1,6.04
4638,4,6.6
4639,0,6.03
4640,4,6.5
4641,4,10.45
4642,1,6.06
4643,4,9.21
4644,1,6.03
4645,3,6.23
4646,3,6.07
4647,2,6.05
4648,2,6.05
4649,3,6.15
4650,4,7.33
4651,3,6.1
4652,4,8.99
4653,1,6.03
4654,2,6.05
4655,3,6.07
4656,1,6.04
4657,1,6.06
4658,2,6.12
4659,4,6.49
4660,2,6.04
4661,0,6.04
4662,3,6.61
4663,0,6.03
4664,4,6.74
4665,0,6.05
4666,4,11.07
4667,0,6.04
4668,2,6.05
4669,3,6.06
4670,3,6.13
4671,3,6.08
4672,2,6.04
4673,1,6.04
4674,3,6.31
4675,1,6.05
4676,4,7.26
4677,4,8.53
4678,3,6.26
4679,0,6.04
4680,0,6.03
4681,4,6.88
4682,1,6.04
4683,3,6.2
4684,4,32.64
4685,3,7.06
4686,2,6.22
4687,2,6.04
4688,0,6.04
4689,2,6.08
4690,1,6.03
4691,1,6.08
4692,0,6.04
4693,0,6.04
4694,0,6.04
4695,4,6.73
4696,3,6.16
4697,1,6.06
4698,3,6.26
4699,0,6.03
4700,3,6.23
4701,3,6.08
4702,1,6.05
4703,4,6.57
4704,3,6.25
4705,1,6.04
4706,1,6.04
4707,4,14.24
4708,2,6.05
4709,1,6.04
4710,2,6.12
4711,4,7.5
4712,3,6.12
4713,3,6.31
4714,3,6.05
4715,1,6.06
4716,1,6.03
4717,2,6.05
4718,4,6.34
4719,3,6.39
4720,3,7.97
4721,2,6.04
4722,4,35.63
4723,0,6.03
4724,2,6.05
4725,4,6.56
4726,1,6.04
4727,1,6.03
4728,3,6.37
4729,4,11.15
4730,2,6.05
4731,3,6.13
4732,1,6.05
4733,2,6.12
4734,4,6.55
4735,0,6.03
4736,0,6.04
4737,1,6.05
4738,0,6.06
4739,2,6.05
4740,1,6.05
4741,4,18.55
4742,2,6.07
4743,4,24.44
4744,2,6.05
4745,3,6.19
4746,1,6.05
4747,2,6.03
4748,2,6.07
4749,3,6.96
4750,4,7.58
4751,4,7.69
4752,1,6.04
4753,1,6.07
4754,0,6.04
4755,1,6.04
4756,4,7.58
4757,0,6.04
4758,0,6.04
4759,4,6.75
4760,2,6.05
4761,0,6.04
4762,4,9.12
4763,1,6.04
4764,3,6.19
4765,3,6.35
4766,0,6.03
4767,2,6.07
4768,4,10.16
4769,3,6.42
4770,3,6.3
4771,2,6.04
4772,0,6.04
4773,0,6.03
4774,0,6.03
4775,0,6.03
4776,4,8.31
4777,2,6.04
4778,4,6.7
4779,4,6.59
4780,3,6.1
4781,4,8.74
4782,0,6.03
4783,0,6.04
4784,1,6.04
4785,0,6.03
4786,4,7.52
4787,2,6.03
4788,3,6.12
4789,4,7.42
4790,3,6.11
4791,3,6.11
4792,4,16.79
4793,3,6.22
4794,2,6.04
4795,3,6.28
4796,2,6.06
4797,4,17.62
4798,1,6.06
4799,2,6.04
4800,2,6.06
4801,0,6.05
4802,3,6.15
4803,1,6.03
4804,2,6.05
4805,4,6.52
4806,0,6.04
4807,3,6.37
4808,3,6.07
4809,0,6.04
4810,2,6.05
4811,2,6.05
4812,3,6.06
4813,4,10.27
4814,2,6.05
4815,0,6.04
4816,3,6.14
4817,1,6.05
4818,4,15.41
4819,2,6.05
4820,2,6.04
4821,3,6.06
4822,2,6.04
4823,4,6.68
4824,3,6.21
4825,1,6.03
4826,0,6.03
4827,4,35.99
4828,3,6.08
4829,1,6.04
4830,4,6.79
4831,3,6.07
4832,4,6.86
4833,1,6.04
4834,2,6.09
4835,2,6.06
4836,3,6.47
4837,4,30.6
4838,0,6.03
4839,3,6.05
4840,2,6.13
4841,4,9.81
4842,2,6.06
4843,3,6.29
4844,4,7.4
4845,1,6.04
4846,3,6.17
4847,4,7.49
4848,1,6.03
4849,1,6.04
4850,1,6.04
4851,2,6.12
4852,3,6.08
4853,1,6.04
4854,0,6.03
4855,1,6.06
4856,1,6.07
4857,1,6.05
4858,1,6.03
4859,0,6.04
4860,4,6.3
4861,0,6.04
4862,4,6.85
4863,0,6.02
4864,2,6.26
4865,4,8.39
4866,2,6.07
4867,3,6.56
4868,0,6.03
4869,3,6.08
4870,3,6.44
4871,0,6.03
4872,0,6.03
4873,0,6.03
4874,3,6.1
4875,3,6.2
4876,2,6.03
4877,2,6.05
4878,0,6.04
4879,0,6.03
4880,3,6.05
4881,3,6.23
4882,1,6.04
4883,4,9.13
4884,3,6.12
4885,1,6.03
4886,0,6.03
4887,1,6.05
4888,2,6.08
4889,2,6.03
4890,0,6.05
4891,1,6.04
4892,2,6.05
4893,3,6.28
4894,0,6.04
4895,4,8.25
4896,4,9.71
4897,0,6.03
4898,1,6.06
4899,2,6.12
4900,0,6.06
4901,0,6.04
4902,0,6.03
4903,1,6.03
4904,3,6.1
4905,2,6.05
4906,4,12.87
4907,4,18.49
4908,2,6.05
4909,3,6.17
4910,4,6.81
4911,2,6.06
4912,1,6.04
4913,1,6.05
4914,2,6.05
4915,0,6.03
4916,2,6.05
4917,0,6.03
4918,4,6.4
4919,4,12.34
4920,1,6.04
4921,1,6.04
4922,1,6.04
4923,1,6.04
4924,1,6.03
4925,1,6.05
4926,1,6.04
4927,1,6.06
4928,0,6.03
4929,2,6.05
4930,3,6.08
4931,2,6.08
4932,0,6.02
4933,3,6.18
4934,1,6.04
4935,2,6.05
4936,0,6.03
4937,2,6.05
4938,3,6.18
4939,2,6.11
4940,0,6.03
4941,2,6.12
4942,3,7.42
4943,4,23.72
4944,4,6.67
4945,0,6.01
4946,0,6.04
4947,2,6.07
4948,1,6.05
4949,1,6.04
4950,0,6.05
4951,2,6.05
4952,3,6.13
4953,3,6.04
4954,0,6.02
4955,1,6.04
4956,3,6.58
4957,4,7.97
4958,4,8.09
4959,0,6.03
4960,0,6.07
4961,3,6.09
4962,1,6.04
4963,2,6.13
4964,3,6.04
4965,1,6.04
4966,0,6.04
4967,1,6.07
4968,4,6.57
4969,3,6.12
4970,4,11.15
4971,3,6.1
4972,0,6.09
4973,1,6.04
4974,2,6.06
4975,2,6.09
4976,1,6.05
4977,3,6.87
4978,0,6.03
4979,3,6.13
4980,3,6.1
4981,0,6.03
4982,3,6.29
4983,3,6.06
4984,3,6.23
4985,3,6.06
4986,4,10.75
4987,2,6.04
4988,4,8.36
4989,2,6.05
4990,1,6.04
4991,1,6.03
4992,0,6.04
4993,3,6.05
4994,4,6.81
4995,3,6.09
4996,4,15.07
4997,3,6.15
4998,2,6.08
4999,1,6.04
5000,2,6.09
5001,3,6.63
5002,1,6.04
5003,0,6.03
5004,1,6.04
5005,3,6.08
5006,4,16.14
5007,3,6.1
5008,1,6.04
5009,1,6.04
5010,1,6.03
5011,1,6.04
5012,4,29.6
5013,1,6.04
5014,0,6.04
5015,2,6.05
5016,4,8.11
5017,1,6.04
5018,2,6.12
5019,0,6.04
5020,1,6.05
5021,2,6.15
5022,1,6.03
5023,3,6.26
5024,1,6.05
5025,4,7.64
5026,0,6.05
5027,2,6.05
5028,2,6.04
5029,2,6.06
5030,1,6.05
5031,3,6.51
5032,3,6.26
5033,4,8.34
5034,3,6.25
5035,1,6.04
5036,0,6.03
5037,2,6.07
5038,1,6.04
5039,1,6.04
5040,1,6.04
5041,4,11.88
5042,3,6.08
5043,1,6.03
5044,4,6.38
5045,2,6.04
5046,3,6.16
5047,4,26.4
5048,3,6.13
5049,1,6.04
5050,0,6.04
5051,0,6.04
5052,1,6.05
5053,1,6.02
5054,1,6.05
5055,1,6.07
5056,0,6.03
5057,3,6.04
5058,3,6.05
5059,3,6.1
5060,1,6.03
5061,0,6.04
5062,0,6.02
5063,3,6.11
5064,4,9.55
5065,2,6.04
5066,0,6.03
5067,0,6.04
5068,3,6.28
5069,2,6.05
5070,4,7.07
5071,1,6.05
5072,4,7.76
5073,4,6.61
5074,0,6.03
5075,3,6.23
5076,4,12.32
5077,2,6.13
5078,1,6.04
5079,2,6.06
5080,2,6.1
5081,3,6.08
5082,4,8.42
5083,2,6.05
5084,4,7.01
5085,4,6.22
5086,4,8.76
5087,3,6.13
5088,3,6.27
5089,4,7.3
5090,2,6.06
5091,3,6.11
5092,1,6.04
5093,0,6.02
5094,4,11.58
5095,1,6.06
5096,3,6.25
5097,0,6.02
5098,4,7.52
5099,1,6.04
5100,2,6.05
5101,1,6.04
5102,4,13.65
5103,2,6.07
5104,1,6.03
5105,3,6.16
5106,0,6.03
5107,3,6.11
5108,0,6.03
5109,3,6.16
5110,1,6.03
5111,1,6.05
5112,2,6.04
5113,2,6.06
5114,1,6.04
5115,2,6.04
5116,3,6.1
5117,4,12.93
5118,3,6.15
5119,3,6.07
5120,0,6.1
5121,4,15.88
5122,2,6.05
5123,4,10.29
5124,2,6.09
5125,3,6.1
5126,3,6.09
5127,4,13.16
5128,4,6.34
5129,2,6.1
5130,2,6.08
5131,1,6.07
5132,4,8.67
5133,4,8.34
5134,4,12.5
5135,1,6.04
5136,1,6.04
5137,4,7.92
5138,1,6.04
5139,3,6.07
5140,1,6.05
5141,4,7.38
5142,3,6.21
5143,4,6.66
5144,3,6.39
5145,0,6.04
5146,1,6.04
5147,0,6.04
5148,2,6.05
5149,1,6.08
5150,1,6.05
5151,4,18.83
5152,0,6.03
5153,1,6.04
5154,2,6.06
5155,3,6.28
5156,3,7.56
5157,1,6.04
5158,1,6.05
5159,4,9.58
5160,0,6.04
5161,0,6.04
5162,1,6.04
5163,0,6.04
5164,0,6.03
5165,3,7.64
5166,0,6.04
5167,3,6.12
5168,1,6.06
5169,3,6.15
5170,4,9.01
5171,0,6.04
5172,1,6.04
5173,3,6.28
5174,1,6.09
5175,1,6.05
5176,4,10.32
5177,0,6.03
5178,0,6.03
5179,4,8.61
5180,0,6.04
5181,4,28.43
5182,4,12.54
5183,3,6.09
5184,3,6.05
5185,3,6.11
5186,3,6.06
5187,1,6.04
5188,2,6.06
5189,0,6.04
5190,4,8.92
5191,2,6.04
5192,2,6.05
5193,3,6.13
5194,3,6.12
5195,4,8.97
5196,2,6.05
5197,4,10.07
5198,2,6.04
5199,2,6.04
5200,0,6.04
5201,3,6.16
5202,4,7.82
5203,4,6.83
5204,2,6.04
5205,2,6.04
5206,3,6.36
5207,0,6.04
5208,3,6.12
5209,2,6.07
5210,1,6.03
5211,4,7.21
5212,1,6.03
5213,2,6.04
5214,1,6.08
5215,0,6.03
5216,3,7.68
5217,1,6.04
5218,3,6.08
5219,1,6.04
5220,0,6.05
5221,0,6.03
5222,2,6.11
5223,3,6.49
5224,1,6.07
5225,1,6.04
5226,0,6.04
5227,0,6.04
5228,1,6.04
5229,3,6.1
5230,0,6.05
5231,1,6.03
5232,3,6.32
5233,3,6.19
5234,0,6.04
5235,4,23.28
5236,2,6.06
5237,1,6.04
5238,1,6.04
5239,4,8.58
5240,3,6.37
5241,4,9.93
5242,0,6.04
5243,4,11.27
5244,0,6.03
5245,4,6.67
5246,4,9.07
5247,4,7.03
5248,0,6.04
5249,4,9.73
5250,2,6.04
5251,0,6.03
5252,2,6.04
5253,0,6.02
5254,0,6.04
5255,2,6.07
5256,4,20.2
5257,3,6.2
5258,4,9.27
5259,3,6.12
5260,3,6.15
5261,2,6.06
5262,2,6.05
5263,3,6.05
5264,0,6.03
5265,4,6.6
5266,2,6.06
5267,3,6.13
5268,4,7.04
5269,4,16.84
5270,1,6.05
5271,1,6.05
5272,1,6.06
5273,0,6.03
5274,2,6.04
5275,3,6.06
5276,0,6.04
5277,1,6.03
5278,0,6.03
5279,1,6.05
5280,3,6.05
5281,4,6.45
5282,1,6.03
5283,4,6.95
5284,0,6.03
5285,2,6.07
5286,4,33.29
5287,1,6.03
5288,0,6.04
5289,1,6.04
5290,0,6.03
5291,4,13.2
5292,3,6.1
5293,2,6.08
5294,1,6.04
5295,2,6.04
5296,3,6.07
5297,2,6.09
5298,4,10.27
5299,1,6.04
5300,0,6.03
5301,2,6.07
5302,2,6.06
5303,3,6.14
5304,4,6.87
5305,0,6.03
5306,3,6.17
5307,2,6.04
5308,3,6.21
5309,4,28.44
5310,0,6.06
5311,3,6.09
5312,3,6.05
5313,0,6.02
5314,0,6.03
5315,4,20.91
5316,3,6.09
5317,1,6.04
5318,4,8.22
5319,4,20.22
5320,4,7.39
5321,0,6.03
5322,2,6.22
5323,3,6.14
5324,4,24.9
5325,1,6.05
5326,0,6.03
5327,0,6.04
5328,1,6.03
5329,3,6.19
5330,1,6.03
5331,0,6.03
5332,4,7.19
5333,0,6.03
5334,0,6.04
5335,2,6.05
5336,3,6.25
5337,2,6.05
5338,2,6.05
5339,4,8.72
5340,1,6.04
5341,4,31.59
5342,2,6.05
5343,4,14.63
5344,2,6.12
5345,0,6.04
5346,3,6.16
5347,4,11.55
5348,1,6.04
5349,0,6.04
5350,0,6.03
5351,0,6.04
5352,2,6.04
5353,2,6.04
5354,2,6.03
5355,2,6.07
5356,4,35.86
5357,3,6.08
5358,2,6.08
5359,1,6.03
5360,3,6.1
5361,2,6.05
5362,2,6.09
5363,2,6.07
5364,1,6.06
5365,3,6.21
5366,1,6.04
5367,2,6.05
5368,0,6.03
5369,3,6.15
5370,0,6.04
5371,4,10.71
5372,4,6.53
5373,1,6.06
5374,1,6.04
5375,1,6.04
5376,4,35.99
5377,4,12.67
5378,2,6.04
5379,2,6.05
5380,3,7.27
5381,1,6.04
5382,2,6.06
5383,0,6.04
5384,2,6.06
5385,0,6.03
5386,4,6.94
5387,4,6.66
5388,4,9.9
5389,4,8.53
5390,1,6.04
5391,0,6.03
5392,1,6.03
5393,1,6.06
5394,3,6.43
5395,0,6.04
5396,0,6.03
5397,2,6.04
5398,4,6.27
5399,4,10.56
5400,0,6.04
5401,2,6.06
5402,3,6.07
5403,1,6.04
5404,3,6.33
5405,2,6.04
5406,1,6.04
5407,2,6.06
5408,3,6.27
5409,3,6.13
5410,4,6.37
5411,1,6.07
5412,2,6.15
5413,2,6.04
5414,4,31.43
5415,3,6.17
5416,0,6.03
5417,1,6.04
5418,1,6.07
5419,3,6.11
5420,1,6.04
5421,1,6.04
5422,0,6.01
5423,1,6.14
5424,4,8.42
5425,0,6.03
5426,4,9.53
5427,0,6.03
5428,3,6.07
5429,3,6.07
5430,1,6.05
5431,4,6.33
5432,2,6.05
5433,3,6.31
5434,0,6.02
5435,2,6.04
5436,4,18.05
5437,2,6.04
5438,4,8.97
5439,4,6.58
5440,2,6.05
5441,4,35.66
5442,1,6.04
5443,1,6.04
5444,1,6.04
5445,2,6.07
5446,2,6.09
5447,0,6.03
5448,2,6.04
5449,0,6.03
5450,2,6.06
5451,3,6.56
5452,4,6.98
5453,3,6.07
5454,2,6.05
5455,1,6.04
5456,3,6.3
5457,1,6.06
5458,1,6.06
5459,3,6.11
5460,2,6.13
5461,0,6.03
5462,1,6.04
5463,0,6.03
5464,1,6.04
5465,1,6.06
5466,3,6.3
5467,1,6.04
5468,0,6.02
5469,2,6.04
5470,3,6.17
5471,4,35.99
5472,2,6.03
5473,3,6.16
5474,4,6.8
5475,1,6.05
5476,4,6.34
5477,3,6.08
5478,3,6.07
5479,1,6.03
5480,0,6.03
5481,4,8.1
5482,1,6.03
5483,1,6.03
5484,0,6.06
5485,1,6.04
5486,0,6.04
5487,3,6.29
5488,3,6.16
5489,1,6.04
5490,4,7.31
5491,1,6.13
5492,2,6.11
5493,1,6.08
5494,3,6.49
5495,0,6.03
5496,1,6.04
5497,0,6.03
5498,3,6.06
5499,4,6.34
5500,0,6.03
5501,4,7.27
5502,1,6.03
5503,2,6.06
5504,3,6.14
5505,0,6.04
5506,1,6.05
5507,1,6.06
5508,0,6.04
5509,3,6.4
5510,3,6.53
5511,0,6.03
5512,0,6.04
5513,0,6.03
5514,4,6.75
5515,4,6.68
5516,3,6.09
5517,0,6.06
5518,4,7.11
5519,1,6.04
5520,4,6.74
5521,1,6.04
5522,0,6.04
5523,1,6.04
5524,0,6.03
5525,2,6.06
5526,1,6.04
5527,1,6.05
5528,0,6.04
5529,3,6.12
5530,3,6.33
5531,1,6.05
5532,3,6.21
5533,1,6.03
5534,4,6.6
5535,4,15.76
5536,4,8.62
5537,1,6.03
5538,1,6.04
5539,2,6.07
5540,0,6.04
5541,3,6.11
5542,4,8.89
5543,3,6.38
5544,3,6.08
5545,4,6.96
5546,0,6.04
5547,1,6.05
5548,3,6.1
5549,2,6.07
5550,2,6.05
5551,3,6.06
5552,4,7.55
5553,4,6.6
5554,0,6.03
5555,0,6.03
5556,2,6.05
5557,1,6.04
5558,2,6.05
5559,1,6.05
5560,4,11.92
5561,2,6.05
5562,4,9.15
5563,3,6.12
5564,3,6.05
5565,3,6.11
5566,0,6.03
5567,4,11.88
5568,1,6.04
5569,3,6.45
5570,1,6.04
5571,0,6.03
5572,2,6.04
5573,0,6.03
5574,3,8.02
5575,2,6.05
5576,3,6.06
5577,1,6.04
5578,3,6.41
5579,1,6.03
5580,0,6.07
5581,0,6.03
5582,2,6.04
5583,3,6.12
5584,2,6.03
5585,4,8.19
5586,0,6.04
5587,4,12.49
5588,2,6.04
5589,4,23.63
5590,0,6.02
5591,1,6.04
5592,1,6.05
5593,2,6.05
5594,3,6.06
5595,1,6.04
5596,1,6.02
5597,4,6.65
5598,2,6.04
5599,0,6.04
5600,3,6.24
5601,4,8.96
5602,2,6.03
5603,0,6.03
5604,3,6.2
5605,1,6.03
5606,3,6.21
5607,1,6.04
5608,1,6.07
5609,4,10.63
5610,2,6.05
5611,4,9.31
5612,0,6.04
5613,3,6.67
5614,2,6.04
5615,0,6.03
5616,1,6.04
5617,1,6.06
5618,3,6.06
5619,4,6.59
5620,0,6.03
5621,2,6.03
5622,4,6.73
5623,0,6.03
5624,1,6.04
5625,0,6.03
5626,4,7.24
5627,1,6.05
5628,4,8.33
5629,2,6.09
5630,0,6.04
5631,4,7.0
5632,2,6.04
5633,2,6.04
5634,1,6.05
5635,3,6.1
5636,4,20.79
5637,2,6.03
5638,3,6.1
5639,0,6.03
5640,4,7.3
5641,3,6.05
5642,2,6.04
5643,1,6.05
5644,3,6.12
5645,0,6.03
5646,0,6.04
5647,0,6.02
5648,1,6.03
5649,4,35.99
5650,0,6.03
5651,0,6.03
5652,4,9.78
5653,2,6.05
5654,3,6.07
5655,2,6.06
5656,3,6.14
5657,3,6.11
5658,1,6.06
5659,4,11.09
5660,4,8.29
5661,1,6.04
5662,3,6.15
5663,2,6.04
5664,3,6.05
5665,1,6.04
5666,0,6.01
5667,3,6.27
5668,3,6.06
5669,0,6.06
5670,4,33.14
5671,1,6.04
5672,2,6.04
5673,0,6.04
5674,3,6.37
5675,2,6.07
5676,2,6.05
5677,0,6.05
5678,2,6.05
5679,4,6.8
5680,2,6.07
5681,0,6.03
5682,1,6.03
5683,3,6.11
5684,0,6.05
5685,0,6.05
5686,1,6.05
5687,3,6.16
5688,4,7.48
5689,0,6.04
5690,3,6.1
5691,3,6.08
5692,1,6.03
5693,2,6.04
5694,0,6.04
5695,2,6.18
5696,2,6.14
5697,1,6.03
5698,3,6.28
5699,1,6.05
5700,1,6.04
5701,1,6.07
5702,0,6.03
5703,2,6.06
5704,1,6.06
5705,0,6.04
5706,3,6.13
5707,4,9.32
5708,2,6.05
5709,0,6.03
5710,2,6.05
5711,1,6.05
5712,4,7.02
5713,3,6.16
5714,2,6.05
5715,0,6.02
5716,1,6.06
5717,1,6.04
5718,0,6.03
5719,4,10.71
5720,1,6.04
5721,1,6.05
5722,2,6.04
5723,1,6.05
5724,1,6.04
5725,3,6.25
5726,1,6.04
5727,2,6.05
5728,4,6.55
5729,3,6.16
5730,4,7.23
5731,0,6.03
5732,2,6.1
5733,0,6.02
5734,1,6.12
5735,2,6.09
5736,1,6.04
5737,2,6.04
5738,4,6.96
5739,0,6.03
5740,2,6.07
5741,0,6.04
5742,4,17.54
5743,2,6.05
5744,0,6.02
5745,2,6.05
5746,2,6.05
5747,0,6.18
5748,3,6.1
5749,1,6.04
5750,3,6.32
5751,0,6.04
5752,3,6.08
5753,3,6.15
5754,3,6.16
5755,2,6.06
5756,1,6.05
5757,4,8.4
5758,0,6.04
5759,1,6.04
5760,2,6.09
5761,3,6.1
5762,1,6.03
5763,2,6.07
5764,3,6.22
5765,3,6.2
5766,4,9.27
5767,4,10.0
5768,0,6.04
5769,3,6.21
5770,0,6.05
5771,2,6.05
5772,2,6.04
5773,2,6.06
5774,2,6.04
5775,3,6.1
5776,1,6.04
5777,4,8.23
5778,2,6.05
5779,0,6.03
5780,1,6.04
5781,0,6.03
5782,2,6.07
5783,4,6.79
5784,3,6.23
5785,3,6.09
5786,4,10.55
5787,1,6.04
5788,0,6.03
5789,2,6.05
5790,0,6.03
5791,3,6.22
5792,4,15.6
5793,3,6.05
5794,0,6.04
5795,0,6.14
5796,4,9.15
5797,1,6.05
5798,2,6.05
5799,2,6.05
5800,3,6.16
5801,1,6.04
5802,4,32.37
5803,3,6.07
5804,3,6.17
5805,4,35.99
5806,0,6.03
5807,1,6.05
5808,3,6.04
5809,1,6.05
5810,4,11.61
5811,3,6.1
5812,1,6.05
5813,1,6.04
5814,2,6.08
5815,1,6.03
5816,1,6.03
5817,4,10.97
5818,0,6.02
5819,0,6.05
5820,4,7.02
5821,2,6.04
5822,2,6.05
5823,3,6.17
5824,0,6.04
5825,1,6.04
5826,1,6.04
5827,3,6.28
5828,1,6.04
5829,3,6.08
5830,3,6.13
5831,2,6.08
5832,3,6.06
5833,1,6.04
5834,2,6.05
5835,3,6.07
5836,1,6.04
5837,4,6.31
5838,1,6.04
5839,2,6.06
5840,1,6.03
5841,4,35.78
5842,3,6.07
5843,1,6.04
5844,4,10.84
5845,4,8.91
5846,0,6.08
5847,0,6.04
5848,2,6.09
5849,3,6.11
5850,1,6.04
5851,3,6.18
5852,1,6.06
5853,4,14.31
5854,1,6.04
5855,2,6.07
5856,4,7.1
5857,4,6.43
5858,4,8.46
5859,0,6.04
5860,0,6.03
5861,1,6.05
5862,0,6.04
5863,1,6.05
5864,0,6.04
5865,1,6.04
5866,0,6.03
5867,4,10.21
5868,0,6.04
5869,0,6.04
5870,1,6.09
5871,0,6.02
5872,4,27.39
5873,2,6.08
5874,1,6.06
5875,3,6.27
5876,3,6.07
5877,4,10.36
5878,4,7.05
5879,3,6.64
5880,2,6.09
5881,4,20.5
5882,0,6.04
5883,1,6.05
5884,2,6.03
5885,0,6.03
5886,2,6.05
5887,2,6.06
5888,4,6.41
5889,1,6.05
5890,3,6.05
5891,2,6.04
5892,1,6.03
5893,2,6.05
5894,0,6.05
5895,4,6.77
5896,3,7.71
5897,4,7.49
5898,0,6.03
5899,1,6.04
5900,0,6.04
5901,4,35.55
5902,0,6.04
5903,1,6.05
5904,2,6.04
5905,1,6.03
5906,4,9.32
5907,3,6.24
5908,4,35.99
5909,2,6.09
5910,1,6.04
5911,4,7.0
5912,2,6.05
5913,4,6.18
5914,3,6.11
5915,0,6.03
5916,3,6.24
5917,0,6.04
5918,1,6.04
5919,0,6.04
5920,1,6.04
5921,2,6.14
5922,2,6.06
5923,1,6.04
5924,0,6.03
5925,0,6.03
5926,4,9.68
5927,2,6.07
5928,1,6.03
5929,2,6.04
5930,3,6.47
5931,1,6.04
5932,1,6.06
5933,0,6.04
5934,1,6.07
5935,0,6.03
5936,3,6.09
5937,0,6.04
5938,2,6.05
5939,0,6.03
5940,4,6.81
5941,3,6.41
5942,4,12.07
5943,3,6.2
5944,4,6.59
5945,0,6.03
5946,3,6.14
5947,2,6.07
5948,2,6.05
5949,2,6.04
5950,4,9.33
5951,1,6.03
5952,2,6.05
5953,2,6.07
5954,4,9.24
5955,4,6.92
5956,2,6.05
5957,1,6.07
5958,0,6.04
5959,0,6.05
5960,1,6.14
5961,3,6.15
5962,0,6.04
5963,1,6.04
5964,4,7.69
5965,1,6.03
5966,1,6.06
5967,4,11.87
5968,3,6.05
5969,2,6.04
5970,0,6.04
5971,0,6.02
5972,3,6.06
5973,4,9.14
5974,2,6.09
5975,4,23.14
5976,0,6.03
5977,2,6.05
5978,0,6.02
5979,2,6.04
5980,2,6.05
5981,0,6.02
5982,2,6.07
5983,0,6.04
5984,3,6.21
5985,2,6.05
5986,3,6.2
5987,3,6.04
5988,3,8.03
5989,3,6.22
5990,1,6.03
5991,0,6.03
5992,3,6.61
5993,3,6.42
5994,4,6.54
5995,1,6.08
5996,4,6.5
5997,0,6.02
5998,2,6.05
5999,3,6.31
6000,2,6.08
6001,3,6.11
6002,3,6.23
6003,2,6.06
6004,2,6.05
6005,3,6.06
6006,4,35.99
6007,0,6.03
6008,1,6.04
6009,2,6.05
6010,0,6.04
6011,3,6.09
6012,4,9.95
6013,0,6.04
6014,2,6.08
6015,0,6.04
6016,0,6.03
6017,1,6.03
6018,4,6.98
6019,4,7.07
6020,3,6.09
6021,4,28.79
6022,4,22.21
6023,0,6.03
6024,3,6.43
6025,4,6.55
6026,2,6.05
6027,2,6.19
6028,4,6.94
6029,1,6.04
6030,3,6.07
6031,4,8.77
6032,1,6.04
6033,1,6.04
6034,2,6.06
6035,4,14.13
6036,1,6.04
6037,0,6.03
6038,0,6.04
6039,3,6.12
6040,3,6.16
6041,2,6.07
6042,3,6.12
6043,0,6.03
6044,0,6.04
6045,3,6.32
6046,4,6.95
6047,4,35.14
6048,0,6.04
6049,3,6.07
6050,1,6.13
6051,0,6.04
6052,3,6.26
6053,3,6.1
6054,1,6.03
6055,3,6.29
6056,0,6.03
6057,2,6.04
6058,4,6.56
6059,4,13.29
6060,4,6.46
6061,0,6.03
6062,1,6.07
6063,1,6.04
6064,4,6.75
6065,2,6.11
6066,3,6.05
6067,3,6.4
6068,0,6.04
6069,1,6.04
6070,1,6.03
6071,0,6.04
6072,1,6.04
6073,3,8.05
6074,4,7.72
6075,4,8.25
6076,1,6.04
6077,1,6.04
6078,3,6.04
6079,4,8.41
6080,1,6.04
6081,2,6.08
6082,0,6.03
6083,3,6.2
6084,3,6.07
6085,3,7.83
6086,4,19.28
6087,2,6.05
6088,2,6.06
6089,3,6.11
6090,2,6.05
6091,2,6.32
6092,1,6.05
6093,1,6.05
6094,2,6.06
6095,0,6.03
6096,3,6.05
6097,0,6.04
6098,1,6.05
6099,3,8.07
6100,3,6.05
6101,4,9.02
6102,1,6.05
6103,3,6.1
6104,0,6.03
6105,4,10.51
6106,2,6.06
6107,0,6.03
6108,0,6.03
6109,0,6.04
6110,1,6.04
6111,4,12.59
6112,0,6.04
6113,2,6.05
6114,2,6.04
6115,1,6.04
6116,0,6.03
6117,4,7.09
6118,2,6.11
6119,0,6.04
6120,3,6.1
6121,2,6.03
6122,1,6.04
6123,2,6.05
6124,0,6.03
6125,4,33.16
6126,1,6.04
6127,0,6.03
6128,2,6.05
6129,1,6.04
6130,3,6.06
6131,1,6.04
6132,1,6.06
6133,4,7.47
6134,3,6.25
6135,3,6.07
6136,0,6.04
6137,4,35.99
6138,4,8.61
6139,1,6.06
6140,4,12.84
6141,0,6.03
6142,2,6.05
6143,3,6.05
6144,2,6.07
6145,1,6.03
6146,2,6.11
6147,1,6.05
6148,2,6.05
6149,3,6.13
6150,1,6.03
6151,4,19.3
6152,1,6.04
6153,4,6.3
6154,1,6.05
6155,3,6.3
6156,4,6.73
6157,0,6.03
6158,2,6.08
6159,3,6.43
6160,4,11.21
6161,3,6.17
6162,3,6.12
6163,0,6.04
6164,4,7.53
6165,0,6.04
6166,3,6.12
6167,3,6.06
6168,1,6.05
6169,4,11.47
6170,3,6.17
6171,0,6.04
6172,4,20.34
6173,0,6.04
6174,3,6.1
6175,3,6.5
6176,1,6.06
6177,2,6.04
6178,3,6.06
6179,1,6.04
6180,1,6.05
6181,2,6.11
6182,3,6.2
6183,2,6.07
6184,1,6.03
6185,2,6.05
6186,1,6.04
6187,4,9.45
6188,0,6.04
6189,3,6.11
6190,2,6.04
6191,4,19.18
6192,3,6.41
6193,2,6.03
6194,4,9.32
6195,2,6.04
6196,2,6.05
6197,0,6.04
6198,4,9.69
6199,3,6.06
6200,3,6.27
6201,4,10.05
6202,2,6.05
6203,0,6.03
6204,3,6.09
6205,2,6.06
6206,3,6.19
6207,1,6.04
6208,1,6.04
6209,3,6.1
6210,1,6.06
6211,2,6.09
6212,0,6.04
6213,4,34.04
6214,4,12.85
6215,3,6.07
6216,0,6.04
6217,3,6.12
6218,0,6.04
6219,3,6.27
6220,4,35.95
6221,4,6.77
6222,2,6.08
6223,0,6.04
6224,3,6.1
6225,1,6.05
6226,2,6.07
6227,2,6.08
6228,2,6.06
6229,3,6.32
6230,3,6.1
6231,4,6.51
6232,0,6.03
6233,4,15.08
6234,4,7.75
6235,0,6.03
6236,4,35.99
6237,3,6.2
6238,3,6.18
6239,4,23.72
6240,1,6.05
6241,2,6.05
6242,1,6.04
6243,3,7.64
6244,4,6.53
6245,1,6.05
6246,0,6.03
6247,3,6.25
6248,0,6.05
6249,4,9.3
6250,0,6.01
6251,0,6.04
6252,4,9.98
6253,0,6.03
6254,4,9.35
6255,1,6.04
6256,2,6.05
6257,2,6.06
6258,0,6.05
6259,3,6.12
6260,0,6.04
6261,1,6.04
6262,3,6.17
6263,2,6.08
6264,2,6.05
6265,3,6.04
6266,2,6.06
6267,1,6.06
6268,0,6.04
6269,1,6.04
6270,0,6.04
6271,2,6.04
6272,4,8.06
6273,4,6.74
6274,0,6.03
6275,4,9.63
6276,0,6.03
6277,4,35.79
6278,4,7.66
6279,2,6.05
6280,4,10.37
6281,4,9.07
6282,4,9.7
6283,2,6.07
6284,1,6.05
6285,1,6.04
6286,3,6.31
6287,4,7.07
6288,3,6.25
6289,0,6.04
6290,0,6.03
6291,4,11.51
6292,1,6.04
6293,3,6.36
6294,3,6.12
6295,2,6.06
6296,2,6.04
6297,1,6.03
6298,4,21.33
6299,4,7.8
6300,3,6.09
6301,3,7.97
6302,1,6.05
6303,3,6.08
6304,1,6.1
6305,3,6.12
6306,4,6.98
6307,0,6.03
6308,4,8.03
6309,4,10.86
6310,1,6.04
6311,4,12.01
6312,0,6.02
6313,2,6.06
6314,3,6.4
6315,2,6.08
6316,4,26.45
6317,3,6.15
6318,4,6.64
6319,3,6.36
6320,1,6.03
6321,4,14.65
6322,2,6.08
6323,1,6.07
6324,1,6.04
6325,0,6.04
6326,3,6.16
6327,1,6.05
6328,1,6.05
6329,3,6.26
6330,4,6.66
6331,0,6.06
6332,3,6.25
6333,2,6.09
6334,3,6.23
6335,1,6.05
6336,1,6.03
6337,0,6.06
6338,1,6.04
6339,3,6.13
6340,2,6.05
6341,3,6.07
6342,3,6.3
6343,1,6.04
6344,2,6.09
6345,4,7.67
6346,0,6.03
6347,2,6.03
6348,1,6.04
6349,0,6.05
6350,4,6.27
6351,0,6.03
6352,3,6.09
6353,1,6.04
6354,1,6.03
6355,0,6.04
6356,0,6.03
6357,2,6.04
6358,0,6.03
6359,3,6.33
6360,0,6.04
6361,1,6.04
6362,4,7.93
6363,1,6.03
6364,3,6.07
6365,4,18.92
6366,1,6.06
6367,4,8.65
6368,0,6.07
6369,3,6.05
6370,3,6.05
6371,3,6.1
6372,3,6.15
6373,2,6.06
6374,2,6.05
6375,1,6.03
6376,2,6.06
6377,4,6.5
6378,2,6.05
6379,2,6.07
6380,4,11.26
6381,4,6.63
6382,0,6.04
6383,4,24.39
6384,0,6.04
6385,0,6.03
6386,3,6.2
6387,0,6.08
6388,1,6.09
6389,1,6.04
6390,2,6.04
6391,3,6.26
6392,4,6.55
6393,1,6.04
6394,3,6.56
6395,0,6.04
6396,4,7.47
6397,0,6.04
6398,0,6.03
6399,1,6.03
6400,4,7.02
6401,0,6.05
6402,3,6.17
6403,0,6.03
6404,4,8.66
6405,3,6.16
6406,3,6.07
6407,2,6.04
6408,1,6.04
6409,0,6.03
6410,2,6.04
6411,1,6.03
6412,3,6.17
6413,1,6.1
6414,4,8.48
6415,0,6.03
6416,0,6.03
6417,0,6.04
6418,0,6.04
6419,1,6.04
6420,2,6.03
6421,4,10.74
6422,2,6.05
6423,1,6.04
6424,4,12.96
6425,4,7.2
6426,4,6.32
6427,0,6.04
6428,2,6.04
6429,2,6.04
6430,2,6.08
6431,2,6.09
6432,3,6.19
6433,4,6.94
6434,0,6.06
6435,2,6.07
6436,2,6.08
6437,2,6.05
6438,1,6.03
6439,1,6.04
6440,0,6.02
6441,0,6.04
6442,2,6.19
6443,2,6.07
6444,2,6.06
6445,3,6.09
6446,3,6.11
6447,4,6.77
6448,0,6.03
6449,4,8.29
6450,0,6.02
6451,4,27.14
6452,2,6.07
6453,2,6.19
6454,4,6.92
6455,4,7.54
6456,4,6.46
6457,1,6.04
6458,2,6.05
6459,3,7.62
6460,2,6.08
6461,1,6.04
6462,0,6.04
6463,4,34.7
6464,3,6.1
6465,3,6.15
6466,0,6.03
6467,3,6.35
6468,0,6.04
6469,0,6.03
6470,1,6.05
6471,4,6.45
6472,4,10.79
6473,4,6.55
6474,3,6.11
6475,0,6.04
6476,1,6.06
6477,1,6.05
6478,3,6.1
6479,3,6.11
6480,0,6.04
6481,1,6.05
6482,0,6.03
6483,4,11.56
6484,1,6.04
6485,3,6.33
6486,3,6.07
6487,1,6.04
6488,3,6.11
6489,1,6.08
6490,2,6.04
6491,3,6.11
6492,0,6.04
6493,0,6.04
6494,4,8.88
6495,4,10.52
6496,4,6.73
6497,3,6.08
6498,2,6.05
6499,0,6.03
6500,1,6.03
6501,0,6.02
6502,0,6.11
6503,1,6.03
6504,2,6.06
6505,2,6.06
6506,3,6.2
6507,1,6.04
6508,4,8.53
6509,3,6.11
6510,3,6.1
6511,1,6.09
6512,1,6.04
6513,0,6.04
6514,1,6.03
6515,1,6.06
6516,0,6.04
6517,1,6.05
6518,3,6.07
6519,2,6.04
6520,4,12.05
6521,1,6.04
6522,2,6.03
6523,3,6.05
6524,2,6.06
6525,4,8.21
6526,0,6.03
6527,1,6.05
6528,3,6.09
6529,1,6.05
6530,1,6.05
6531,4,6.47
6532,0,6.02
6533,2,6.04
6534,2,6.05
6535,3,6.24
6536,4,6.53
6537,3,6.04
6538,1,6.04
6539,3,6.2
6540,3,6.07
6541,2,6.07
6542,3,6.1
6543,0,6.03
6544,0,6.04
6545,0,6.07
6546,0,6.04
6547,0,6.04
6548,1,6.04
6549,1,6.04
6550,3,6.03
6551,0,6.03
6552,0,6.02
6553,0,6.03
6554,1,6.04
6555,3,6.16
6556,2,6.08
6557,1,6.05
6558,2,6.05
6559,4,13.64
6560,0,6.03
6561,4,35.99
6562,0,6.03
6563,3,6.15
6564,1,6.12
6565,3,6.22
6566,4,6.64
6567,0,6.05
6568,1,6.03
6569,3,6.07
6570,1,6.05
6571,2,6.05
6572,1,6.05
6573,2,6.05
6574,1,6.04
6575,0,6.03
6576,0,6.03
6577,1,6.03
6578,1,6.04
6579,3,6.32
6580,2,6.03
6581,3,6.1
6582,2,6.11
6583,1,6.04
6584,2,6.05
6585,1,6.04
6586,3,6.28
6587,1,6.03
6588,0,6.03
6589,2,6.05
6590,3,6.28
6591,1,6.04
6592,2,6.07
6593,1,6.03
6594,4,9.06
6595,0,6.04
6596,4,12.43
6597,0,6.04
6598,1,6.04
6599,3,6.14
6600,1,6.04
6601,3,6.08
6602,4,6.58
6603,2,6.05
6604,2,6.05
6605,1,6.04
6606,3,6.23
6607,3,6.22
6608,3,6.27
6609,2,6.04
6610,1,6.04
6611,0,6.04
6612,3,6.07
6613,0,6.04
6614,3,6.07
6615,2,6.04
6616,2,6.04
6617,2,6.05
6618,4,6.87
6619,2,6.04
6620,4,7.12
6621,2,6.04
6622,2,6.04
6623,2,6.03
6624,0,6.04
6625,4,13.22
6626,2,6.06
6627,4,15.6
6628,4,6.4
6629,1,6.04
6630,4,8.16
6631,2,6.05
6632,1,6.04
6633,1,6.04
6634,4,7.0
6635,3,6.06
6636,0,6.04
6637,3,6.08
6638,0,6.06
6639,4,8.68
6640,2,6.08
6641,0,6.02
6642,0,6.04
6643,4,6.52
6644,1,6.04
6645,3,6.09
6646,2,6.05
6647,2,6.04
6648,2,6.06
6649,1,6.04
6650,2,6.08
6651,1,6.05
6652,1,6.04
6653,1,6.04
6654,3,6.23
6655,4,8.32
6656,3,6.22
6657,2,6.05
6658,3,6.08
6659,2,6.05
6660,0,6.04
6661,2,6.03
6662,4,7.74
6663,2,6.05
6664,4,7.38
6665,4,7.86
6666,1,6.04
6667,2,6.04
6668,0,6.03
6669,2,6.06
6670,2,6.04
6671,0,6.03
6672,1,6.05
6673,2,6.06
6674,1,6.05
6675,1,6.04
6676,3,6.07
6677,1,6.04
6678,3,6.09
6679,0,6.04
6680,4,6.9
6681,4,9.79
6682,2,6.06
6683,2,6.08
6684,4,7.7
6685,3,6.15
6686,0,6.04
6687,0,6.04
6688,2,6.14
6689,0,6.04
6690,3,6.26
6691,0,6.04
6692,0,6.03
6693,2,6.04
6694,2,6.1
6695,2,6.05
6696,4,6.29
6697,1,6.04
6698,0,6.03
6699,1,6.04
6700,2,6.12
6701,2,6.06
6702,2,6.05
6703,4,6.7
6704,4,15.91
6705,1,6.04
6706,0,6.02
6707,4,9.12
6708,3,6.08
6709,2,6.05
6710,3,6.08
6711,1,6.04
6712,2,6.05
6713,1,6.05
6714,4,7.66
6715,0,6.03
6716,0,6.05
6717,2,6.07
6718,3,6.19
6719,3,6.18
6720,3,6.11
6721,3,6.06
6722,2,6.04
6723,0,6.04
6724,3,6.08
6725,0,6.04
6726,0,6.04
6727,1,6.06
6728,3,6.27
6729,1,6.05
6730,0,6.04
6731,0,6.03
6732,2,6.06
6733,3,6.58
6734,3,6.06
6735,1,6.04
6736,3,6.06
6737,1,6.06
6738,3,6.09
6739,0,6.05
6740,0,6.05
6741,1,6.05
6742,0,6.03
6743,0,6.04
6744,0,6.05
6745,2,6.04
6746,2,6.06
6747,0,6.04
6748,0,6.05
6749,4,10.63
6750,4,8.55
6751,1,6.04
6752,1,6.04
6753,2,6.04
6754,0,6.04
6755,0,6.03
6756,4,8.29
6757,2,6.07
6758,1,6.05
6759,3,6.48
6760,2,6.06
6761,3,6.17
6762,3,6.18
6763,4,7.7
6764,3,6.31
6765,0,6.03
6766,4,6.82
6767,1,6.04
6768,1,6.04
6769,4,13.84
6770,2,6.05
6771,4,8.36
6772,0,6.04
6773,4,13.35
6774,0,6.03
6775,1,6.05
6776,1,6.05
6777,3,6.06
6778,0,6.04
6779,0,6.02
6780,3,6.25
6781,2,6.05
6782,2,6.07
6783,3,6.06
6784,0,6.04
6785,1,6.04
6786,4,6.57
6787,4,12.53
6788,2,6.04
6789,3,6.19
6790,3,6.05
6791,3,6.06
6792,1,6.03
6793,0,6.02
6794,3,6.36
6795,3,6.18
6796,3,6.2
6797,3,6.82
6798,1,6.04
6799,4,6.63
6800,3,6.11
6801,3,6.1
6802,0,6.07
6803,1,6.03
6804,0,6.04
6805,1,6.08
6806,3,6.21
6807,4,6.39
6808,3,6.29
6809,1,6.04
6810,1,6.05
6811,1,6.06
6812,4,8.72
6813,4,16.83
6814,0,6.04
6815,3,6.54
6816,2,6.07
6817,3,6.35
6818,2,6.04
6819,4,7.34
6820,2,6.06
6821,0,6.04
6822,4,8.79
6823,4,7.09
6824,0,6.06
6825,2,6.05
6826,0,6.05
6827,1,6.05
6828,3,6.4
6829,4,7.32
6830,1,6.04
6831,1,6.05
6832,2,6.04
6833,2,6.04
6834,3,6.13
6835,1,6.04
6836,3,6.2
6837,1,6.04
6838,0,6.04
6839,0,6.02
6840,3,6.14
6841,4,6.44
6842,4,9.09
6843,4,8.31
6844,3,6.06
6845,3,6.13
6846,4,6.57
6847,0,6.05
6848,4,7.39
6849,1,6.04
6850,4,6.27
6851,0,6.05
6852,3,6.09
6853,1,6.04
6854,1,6.03
6855,3,6.28
6856,4,7.33
6857,2,6.05
6858,4,6.47
6859,1,6.04
6860,0,6.04
6861,0,6.04
6862,1,6.04
6863,0,6.03
6864,2,6.05
6865,2,6.05
6866,3,6.41
6867,3,6.14
6868,1,6.05
6869,0,6.03
6870,0,6.04
6871,2,6.04
6872,1,6.05
6873,1,6.04
6874,4,13.59
6875,3,6.05
6876,4,10.77
6877,0,6.04
6878,2,6.03
6879,1,6.03
6880,4,6.26
6881,3,6.04
6882,3,6.09
6883,4,9.46
6884,4,10.95
6885,3,6.09
6886,0,6.03
6887,3,6.05
6888,4,10.98
6889,0,6.04
6890,3,6.38
6891,1,6.03
6892,0,6.03
6893,4,9.36
6894,4,7.18
6895,4,7.33
6896,0,6.03
6897,0,6.03
6898,4,6.5
6899,1,6.04
6900,0,6.04
6901,3,6.09
6902,3,6.2
6903,1,6.05
6904,4,8.54
6905,2,6.05
6906,2,6.05
6907,2,6.07
6908,4,7.42
6909,0,6.05
6910,1,6.04
6911,2,6.05
6912,2,6.09
6913,2,6.17
6914,4,13.25
6915,2,6.08
6916,1,6.03
6917,1,6.03
6918,3,6.07
6919,0,6.03
6920,4,35.99
6921,0,6.02
6922,4,9.46
6923,4,7.53
6924,0,6.03
6925,0,6.03
6926,3,6.2
6927,4,6.68
6928,4,13.56
6929,4,15.13
6930,3,6.09
6931,1,6.04
6932,1,6.04
6933,3,6.41
6934,3,6.06
6935,2,6.05
6936,4,7.07
6937,0,6.06
6938,3,6.25
6939,4,19.27
6940,4,6.33
6941,3,6.37
6942,0,6.03
6943,4,6.73
6944,0,6.04
6945,1,6.05
6946,4,6.92
6947,0,6.07
6948,3,6.06
6949,4,7.18
6950,3,6.41
6951,0,6.04
6952,4,6.32
6953,0,6.03
6954,4,6.21
6955,1,6.06
6956,3,6.3
6957,2,6.04
6958,0,6.04
6959,2,6.04
6960,1,6.03
6961,2,6.04
6962,0,6.04
6963,3,6.09
6964,1,6.05
6965,3,6.18
6966,3,6.05
6967,1,6.04
6968,0,6.04
6969,0,6.04
6970,4,12.54
6971,3,6.36
6972,2,6.07
6973,3,6.33
6974,1,6.04
6975,1,6.06
6976,1,6.04
6977,3,6.23
6978,2,6.05
6979,4,11.56
6980,2,6.06
6981,3,6.17
6982,4,8.58
6983,4,9.27
6984,0,6.03
6985,1,6.06
6986,1,6.03
6987,2,6.05
6988,1,6.05
6989,2,6.09
6990,4,6.62
6991,4,7.38
6992,3,6.09
6993,2,6.06
6994,2,6.13
6995,0,6.04
6996,4,9.87
6997,1,6.04
6998,4,6.67
6999,3,6.08
7000,1,6.05
7001,2,6.04
7002,1,6.04
7003,1,6.05
7004,3,6.09
7005,0,6.03
7006,1,6.04
7007,4,6.76
7008,1,6.07
7009,0,6.03
7010,1,6.05
7011,0,6.03
7012,2,6.06
7013,4,9.19
7014,1,6.09
7015,2,6.06
7016,3,6.05
7017,1,6.03
7018,2,6.05
7019,2,6.05
7020,3,6.18
7021,4,11.71
7022,2,6.05
7023,1,6.04
7024,4,6.38
7025,2,6.04
7026,3,6.19
7027,2,6.05
7028,0,6.04
7029,3,6.11
7030,4,6.41
7031,1,6.05
7032,4,8.13
7033,0,6.03
7034,3,6.15
7035,0,6.03
7036,0,6.04
7037,4,11.54
7038,3,6.07
7039,1,6.04
7040,1,6.1
7041,4,20.51
7042,4,13.72
7043,4,6.58
7044,0,6.03
7045,4,16.11
7046,1,6.05
7047,2,6.04
7048,0,6.03
7049,0,6.03
7050,1,6.04
7051,3,6.28
7052,4,28.22
7053,3,6.22
7054,1,6.04
7055,3,6.17
7056,4,7.91
7057,3,7.49
7058,3,6.12
7059,1,6.05
7060,0,6.03
7061,3,6.23
7062,0,6.13
7063,2,6.05
7064,4,8.77
7065,1,6.12
7066,2,6.04
7067,1,6.05
7068,1,6.06
7069,2,6.06
7070,1,6.05
7071,4,28.06
7072,4,7.04
7073,4,10.12
7074,4,8.39
7075,0,6.05
7076,1,6.03
7077,3,6.05
7078,1,6.04
7079,2,6.05
7080,3,6.09
7081,2,6.05
7082,2,6.03
7083,0,6.03
7084,1,6.03
7085,1,6.05
7086,1,6.04
7087,2,6.11
7088,1,6.06
7089,0,6.04
7090,1,6.03
7091,2,6.2
7092,1,6.05
7093,4,35.99
7094,2,6.05
7095,0,6.03
7096,2,6.05
7097,3,6.1
7098,3,6.06
7099,0,6.02
7100,0,6.04
7101,0,6.04
7102,0,6.03
7103,3,6.22
7104,3,6.12
7105,1,6.06
7106,4,8.85
7107,2,6.06
7108,1,6.04
7109,4,6.46
7110,1,6.05
7111,4,6.94
7112,2,6.04
7113,2,6.05
7114,2,6.11
7115,0,6.04
7116,3,6.17
7117,0,6.03
7118,2,6.04
7119,1,6.03
7120,3,6.11
7121,0,6.03
7122,2,6.06
7123,0,6.03
7124,3,6.2
7125,2,6.07
7126,1,6.04
7127,4,10.16
7128,1,6.04
7129,2,6.05
7130,2,6.05
7131,2,6.06
7132,1,6.07
7133,1,6.05
7134,1,6.04
7135,0,6.04
7136,2,6.12
7137,0,6.04
7138,4,7.02
7139,2,6.05
7140,2,6.12
7141,0,6.04
7142,4,9.11
7143,0,6.05
7144,0,6.03
7145,4,31.27
7146,4,7.58
7147,0,6.03
7148,1,6.08
7149,0,6.04
7150,0,6.02
7151,3,6.17
7152,0,6.04
7153,1,6.04
7154,2,6.04
7155,4,8.68
7156,3,6.11
7157,4,8.46
7158,3,6.16
7159,2,6.06
7160,3,6.06
7161,2,6.07
7162,1,6.06
7163,1,6.03
7164,4,13.92
7165,0,6.01
7166,2,6.05
7167,3,6.04
7168,4,7.66
7169,3,6.15
7170,3,6.22
7171,3,6.09
7172,0,6.04
7173,3,8.28
7174,4,13.81
7175,2,6.04
7176,4,7.83
7177,0,6.03
7178,1,6.05
7179,0,6.04
7180,2,6.04
7181,3,6.12
7182,3,6.11
7183,3,6.05
7184,4,6.76
7185,2,6.06
7186,0,6.03
7187,1,6.04
7188,3,6.08
7189,1,6.03
7190,1,6.04
7191,4,11.79
7192,2,6.05
7193,2,6.08
7194,1,6.04
7195,4,6.57
7196,1,6.05
7197,3,6.04
7198,1,6.04
7199,2,6.05
7200,3,6.74
7201,4,6.66
7202,0,6.04
7203,4,14.36
7204,2,6.04
7205,3,6.1
7206,4,7.37
7207,4,8.83
7208,1,6.04
7209,4,6.49
7210,4,35.77
7211,4,8.96
7212,4,6.58
7213,3,6.22
7214,3,6.12
7215,0,6.04
7216,1,6.04
7217,2,6.06
7218,4,6.77
7219,1,6.04
7220,1,6.05
7221,0,6.03
7222,4,8.71
7223,2,6.07
7224,0,6.04
7225,1,6.03
7226,3,6.13
7227,3,6.22
7228,0,6.02
7229,2,6.1
7230,1,6.04
7231,2,6.04
7232,0,6.03
7233,2,6.1
7234,3,6.13
7235,3,6.12
7236,2,6.05
7237,1,6.04
7238,4,25.82
7239,0,6.03
7240,1,6.05
7241,3,6.25
7242,2,6.05
7243,4,6.66
7244,0,6.03
7245,1,6.04
7246,2,6.06
7247,2,6.09
7248,3,6.17
7249,4,7.04
7250,2,6.07
7251,4,11.51
7252,4,8.25
7253,2,6.06
7254,0,6.03
7255,2,6.06
7256,3,6.1
7257,1,6.04
7258,0,6.04
7259,4,8.56
7260,4,6.4
7261,4,10.35
7262,2,6.04
7263,2,6.08
7264,2,6.06
7265,0,6.03
7266,4,17.87
7267,2,6.12
7268,1,6.05
7269,3,6.05
7270,0,6.04
7271,1,6.04
7272,2,6.06
7273,4,17.06
7274,2,6.05
7275,4,20.06
7276,0,6.04
7277,2,6.08
7278,1,6.04
7279,4,6.26
7280,0,6.03
7281,0,6.04
7282,1,6.04
7283,0,6.04
7284,3,6.08
7285,4,7.24
7286,3,6.09
7287,0,6.03
7288,3,6.35
7289,1,6.04
7290,3,7.86
7291,0,6.04
7292,0,6.03
7293,1,6.21
7294,1,6.04
7295,2,6.05
7296,1,6.13
7297,4,6.66
7298,4,8.49
7299,0,6.04
7300,4,11.51
7301,4,6.54
7302,1,6.06
7303,2,6.03
7304,4,7.39
7305,3,7.05
7306,0,6.13
7307,1,6.06
7308,3,6.06
7309,4,21.99
7310,4,16.75
7311,2,6.07
7312,0,6.03
7313,1,6.05
7314,3,6.1
7315,4,13.0
7316,0,6.03
7317,4,6.55
7318,3,6.82
7319,0,6.03
7320,1,6.04
7321,0,6.04
7322,1,6.04
7323,2,6.06
7324,3,6.51
7325,3,7.55
7326,4,6.43
7327,2,6.14
7328,1,6.04
7329,0,6.03
7330,4,7.3
7331,3,6.07
7332,3,6.29
7333,0,6.03
7334,2,6.06
7335,2,6.04
7336,1,6.04
7337,3,6.26
7338,1,6.04
7339,0,6.04
7340,3,6.13
7341,4,6.41
7342,1,6.04
7343,1,6.1
7344,4,25.65
7345,4,8.97
7346,1,6.05
7347,3,6.3
7348,1,6.04
7349,3,6.35
7350,4,6.6
7351,3,6.11
7352,4,35.99
7353,2,6.09
7354,1,6.04
7355,3,6.13
7356,3,6.08
7357,1,6.04
7358,4,6.83
7359,0,6.03
7360,4,6.69
7361,2,6.04
7362,2,6.05
7363,4,6.51
7364,3,6.09
7365,4,10.38
7366,0,6.04
7367,0,6.03
7368,2,6.08
7369,3,6.06
7370,1,6.03
7371,1,6.04
7372,3,6.07
7373,4,7.0
7374,3,6.05
7375,1,6.04
7376,4,19.08
7377,1,6.08
7378,0,6.03
7379,3,8.81
7380,4,8.22
7381,2,6.04
7382,1,6.05
7383,1,6.04
7384,0,6.02
7385,3,6.16
7386,3,6.09
7387,1,6.05
7388,1,6.05
7389,2,6.05
7390,3,6.14
7391,2,6.05
7392,2,6.06
7393,0,6.03
7394,0,6.03
7395,3,6.09
7396,0,6.02
7397,3,6.14
7398,4,12.17
7399,0,6.03
7400,2,6.07
7401,1,6.04
7402,1,6.04
7403,4,35.99
7404,4,7.87
7405,3,6.08
7406,3,6.12
7407,3,6.26
7408,4,9.69
7409,3,6.28
7410,2,6.05
7411,2,6.04
7412,1,6.05
7413,0,6.04
7414,1,6.04
7415,3,6.24
7416,2,6.06
7417,2,6.18
7418,1,6.05
7419,3,6.13
7420,3,6.17
7421,2,6.05
7422,3,6.41
7423,1,6.04
7424,4,6.65
7425,0,6.05
7426,1,6.04
7427,1,6.04
7428,1,6.04
7429,3,6.39
7430,3,6.07
7431,3,8.16
7432,2,6.06
7433,1,6.04
7434,2,6.07
7435,2,6.03
7436,3,6.19
7437,4,8.53
7438,2,6.06
7439,3,6.04
7440,2,6.1
7441,3,6.05
7442,3,6.47
7443,4,9.05
7444,1,6.04
7445,4,8.53
7446,4,6.65
7447,4,7.11
7448,2,6.09
7449,3,6.97
7450,4,8.15
7451,4,9.22
7452,2,6.07
7453,2,6.04
7454,3,6.13
7455,4,10.27
7456,0,6.07
7457,2,6.05
7458,0,6.03
7459,4,25.57
7460,4,17.27
7461,1,6.03
7462,3,6.09
7463,4,6.38
7464,2,6.05
7465,1,6.04
7466,1,6.04
7467,0,6.03
7468,3,6.12
7469,3,6.2
7470,0,6.04
7471,4,7.35
7472,2,6.06
7473,1,6.04
7474,3,6.15
7475,4,12.8
7476,0,6.06
7477,0,6.04
7478,4,7.77
7479,3,6.07
7480,2,6.1
7481,1,6.06
7482,1,6.04
7483,4,6.61
7484,3,6.07
7485,2,6.05
7486,0,6.03
7487,3,6.06
7488,4,10.08
7489,0,6.04
7490,4,10.81
7491,0,6.04
7492,4,11.3
7493,1,6.03
7494,2,6.07
7495,4,7.51
7496,3,6.07
7497,0,6.02
7498,3,6.37
7499,4,12.4
7500,0,6.04
7501,4,14.49
7502,0,6.03
7503,3,6.07
7504,2,6.06
7505,1,6.04
7506,2,6.05
7507,1,6.05
7508,2,6.06
7509,0,6.02
7510,0,6.05
7511,3,6.12
7512,2,6.04
7513,0,6.04
7514,0,6.03
7515,0,6.03
7516,4,7.5
7517,0,6.02
7518,0,6.03
7519,4,20.49
7520,3,6.09
7521,1,6.05
7522,4,16.35
7523,3,6.36
7524,4,10.24
7525,3,6.71
7526,4,6.51
7527,2,6.04
7528,3,6.05
7529,1,6.04
7530,2,6.08
7531,3,6.11
7532,0,6.03
7533,3,6.27
7534,3,6.11
7535,3,6.3
7536,3,6.21
7537,2,6.08
7538,0,6.03
7539,4,11.95
7540,1,6.05
7541,1,6.04
7542,3,6.34
7543,0,6.05
7544,4,11.36
7545,3,6.04
7546,0,6.04
7547,1,6.04
7548,2,6.06
7549,3,6.15
7550,3,6.24
7551,4,8.4
7552,1,6.05
7553,0,6.03
7554,1,6.04
7555,2,6.08
7556,3,6.21
7557,3,6.09
7558,2,6.03
7559,1,6.03
7560,4,7.45
7561,3,6.24
7562,1,6.04
7563,0,6.06
7564,1,6.04
7565,1,6.04
7566,3,6.05
7567,1,6.06
7568,1,6.06
7569,0,6.04
7570,1,6.05
7571,2,6.03
7572,4,7.32
7573,0,6.05
7574,2,6.05
7575,1,6.04
7576,1,6.02
7577,4,9.96
7578,3,6.09
7579,3,6.23
7580,4,9.4
7581,1,6.1
7582,0,6.05
7583,3,6.12
7584,1,6.03
7585,0,6.02
7586,1,6.05
7587,3,6.1
7588,0,6.04
7589,3,6.13
7590,3,6.22
7591,2,6.07
7592,1,6.06
7593,1,6.02
7594,2,6.05
7595,4,6.3
7596,2,6.06
7597,3,6.2
7598,3,6.07
7599,2,6.03
7600,3,6.08
7601,1,6.04
7602,3,6.14
7603,1,6.06
7604,2,6.05
7605,2,6.08
7606,2,6.09
7607,1,6.04
7608,0,6.03
7609,1,6.07
7610,3,6.06
7611,4,10.63
7612,4,7.13
7613,0,6.04
7614,4,10.94
7615,1,6.03
7616,3,6.08
7617,1,6.04
7618,3,6.18
7619,3,6.05
7620,3,6.2
7621,4,7.08
7622,1,6.04
7623,0,6.03
7624,1,6.04
7625,0,6.03
7626,0,6.03
7627,3,6.37
7628,0,6.03
7629,1,6.05
7630,2,6.05
7631,0,6.02
7632,2,6.07
7633,4,6.81
7634,3,6.08
7635,1,6.04
7636,4,9.91
7637,4,7.57
7638,1,6.04
7639,0,6.03
7640,2,6.04
7641,0,6.03
7642,0,6.03
7643,3,6.12
7644,1,6.05
7645,0,6.03
7646,2,6.05
7647,4,9.54
7648,2,6.08
7649,4,14.88
7650,0,6.03
7651,2,6.08
7652,0,6.03
7653,3,6.28
7654,2,6.03
7655,4,6.44
7656,4,31.04
7657,1,6.03
7658,0,6.03
7659,1,6.03
7660,0,6.03
7661,3,6.13
7662,4,11.5
7663,1,6.04
7664,3,6.29
7665,0,6.04
7666,0,6.04
7667,2,6.05
7668,3,6.06
7669,0,6.04
7670,1,6.04
7671,1,6.04
7672,0,6.03
7673,2,6.06
7674,0,6.04
7675,4,8.67
7676,2,6.05
7677,0,6.03
7678,2,6.05
7679,3,6.26
7680,3,6.08
7681,0,6.02
7682,1,6.05
7683,1,6.04
7684,4,32.51
7685,1,6.04
7686,1,6.04
7687,3,6.34
7688,3,6.16
7689,0,6.06
7690,0,6.04
7691,1,6.05
7692,1,6.04
7693,3,6.31
7694,2,6.08
7695,0,6.04
7696,1,6.04
7697,4,7.6
7698,4,9.55
7699,2,6.05
7700,1,6.06
7701,2,6.05
7702,3,6.24
7703,0,6.04
7704,4,8.79
7705,4,12.07
7706,2,6.11
7707,2,6.05
7708,0,6.03
7709,2,6.06
7710,3,6.29
7711,0,6.04
7712,1,6.04
7713,4,6.66
7714,4,7.72
7715,0,6.03
7716,0,6.03
7717,3,6.07
7718,0,6.03
7719,2,6.07
7720,0,6.03
7721,4,11.51
7722,2,6.06
7723,1,6.04
7724,2,6.05
7725,4,13.69
7726,1,6.06
7727,4,35.99
7728,1,6.03
7729,0,6.05
7730,0,6.02
7731,3,7.79
7732,0,6.04
7733,1,6.09
7734,2,6.06
7735,3,6.31
7736,3,6.09
7737,1,6.04
7738,2,6.07
7739,0,6.05
7740,1,6.05
7741,1,6.04
7742,2,6.1
7743,2,6.04
7744,0,6.03
7745,0,6.03
7746,0,6.02
7747,1,6.04
7748,2,6.07
7749,3,6.08
7750,2,6.04
7751,0,6.04
7752,2,6.05
7753,0,6.04
7754,2,6.18
7755,4,8.75
7756,4,12.63
7757,3,6.11
7758,3,6.16
7759,2,6.04
7760,4,6.96
7761,2,6.06
7762,2,6.09
7763,3,6.16
7764,3,6.12
7765,0,6.02
7766,4,28.97
7767,0,6.03
7768,1,6.04
7769,1,6.03
7770,3,6.23
7771,0,6.03
7772,2,6.1
7773,3,6.26
7774,4,6.69
7775,2,6.04
7776,1,6.04
7777,0,6.04
7778,1,6.04
7779,2,6.09
7780,4,6.33
7781,0,6.03
7782,1,6.04
7783,4,9.5
7784,4,15.22
7785,1,6.03
7786,1,6.04
7787,3,6.13
7788,4,9.78
7789,1,6.06
7790,2,6.05
7791,2,6.06
7792,1,6.06
7793,4,6.64
7794,0,6.03
7795,1,6.04
7796,2,6.05
7797,2,6.04
7798,4,7.91
7799,0,6.03
7800,3,6.2
7801,1,6.03
7802,2,6.06
7803,2,6.06
7804,1,6.16
7805,3,6.16
7806,2,6.05
7807,1,6.04
7808,3,6.41
7809,3,6.41
7810,2,6.06
7811,2,6.06
7812,4,35.71
7813,0,6.03
7814,3,6.05
7815,2,6.09
7816,4,35.79
7817,4,6.64
7818,2,6.05
7819,4,7.58
7820,2,6.07
7821,3,6.59
7822,0,6.04
7823,4,35.99
7824,1,6.05
7825,3,6.21
7826,4,21.57
7827,0,6.04
7828,2,6.05
7829,3,6.16
7830,3,6.33
7831,3,6.09
7832,2,6.05
7833,4,8.07
7834,1,6.04
7835,4,7.44
7836,2,6.06
7837,2,6.06
7838,4,30.46
7839,0,6.04
7840,0,6.03
7841,3,6.46
7842,2,6.13
7843,2,6.06
7844,4,7.44
7845,3,6.12
7846,1,6.04
7847,2,6.11
7848,3,6.13
7849,0,6.02
7850,1,6.05
7851,4,6.9
7852,2,6.05
7853,3,6.4
7854,1,6.05
7855,1,6.08
7856,0,6.03
7857,0,6.03
7858,3,6.59
7859,0,6.03
7860,2,6.08
7861,1,6.05
7862,4,22.98
7863,4,11.39
7864,2,6.04
7865,4,11.4
7866,4,11.76
7867,3,6.13
7868,3,6.29
7869,3,6.05
7870,0,6.06
7871,3,6.37
7872,2,6.05
7873,0,6.02
7874,0,6.03
7875,3,6.08
7876,1,6.03
7877,1,6.04
7878,2,6.08
7879,1,6.04
7880,0,6.03
7881,2,6.04
7882,1,6.06
7883,1,6.04
7884,0,6.03
7885,0,6.05
7886,3,6.13
7887,0,6.04
7888,3,6.49
7889,4,11.5
7890,4,10.71
7891,0,6.03
7892,3,6.09
7893,0,6.04
7894,1,6.06
7895,0,6.06
7896,4,10.94
7897,0,6.04
7898,3,6.18
7899,1,6.03
7900,2,6.04
7901,2,6.08
7902,0,6.03
7903,4,13.24
7904,3,6.14
7905,3,6.52
7906,1,6.05
7907,2,6.09
7908,3,6.47
7909,4,7.71
7910,3,6.61
7911,0,6.04
7912,2,6.07
7913,2,6.06
7914,0,6.03
7915,1,6.03
7916,4,6.28
7917,1,6.05
7918,3,6.26
7919,4,6.58
7920,2,6.04
7921,3,7.16
7922,0,6.04
7923,3,6.12
7924,3,6.09
7925,0,6.03
7926,2,6.06
7927,3,6.47
7928,4,35.97
7929,0,6.03
7930,4,11.19
7931,1,6.04
7932,2,6.05
7933,3,6.16
7934,2,6.11
7935,3,6.09
7936,3,6.14
7937,1,6.04
7938,4,11.86
7939,3,6.41
7940,2,6.06
7941,2,6.05
7942,1,6.05
7943,1,6.09
7944,0,6.03
7945,4,9.16
7946,0,6.04
7947,3,6.04
7948,4,9.21
7949,4,7.75
7950,4,7.51
7951,3,6.11
7952,4,6.61
7953,4,10.8
7954,2,6.05
7955,0,6.06
7956,1,6.03
7957,2,6.09
7958,0,6.03
7959,1,6.04
7960,1,6.04
7961,1,6.04
7962,3,6.19
7963,4,6.61
7964,3,7.42
7965,4,14.95
7966,2,6.08
7967,3,6.12
7968,1,6.04
7969,1,6.05
7970,2,6.05
7971,0,6.05
7972,1,6.08
7973,0,6.04
7974,4,9.94
7975,1,6.03
7976,1,6.04
7977,3,6.33
7978,2,6.24
7979,3,6.09
7980,4,6.8
7981,0,6.03
7982,1,6.04
7983,4,12.36
7984,4,14.57
7985,4,11.18
7986,1,6.05
7987,4,9.64
7988,3,6.1
7989,0,6.04
7990,3,6.07
7991,3,6.08
7992,2,6.03
7993,3,6.07
7994,4,11.21
7995,1,6.05
7996,3,6.83
7997,3,6.14
7998,3,6.27
7999,1,6.05
8000,3,6.07
8001,4,7.12
8002,4,8.78
8003,2,6.06
8004,4,6.83
8005,1,6.04
8006,1,6.04
8007,1,6.04
8008,4,35.29
8009,1,6.04
8010,2,6.05
8011,0,6.06
8012,1,6.04
8013,2,6.04
8014,3,6.24
8015,0,6.04
8016,1,6.06
8017,0,6.03
8018,2,6.07
8019,0,6.03
8020,4,9.33
8021,2,6.1
8022,0,6.03
8023,2,6.06
8024,3,6.08
8025,4,25.97
8026,3,6.15
8027,3,6.14
8028,3,6.06
8029,1,6.05
8030,3,6.13
8031,2,6.05
8032,0,6.03
8033,3,6.15
8034,1,6.04
8035,2,6.06
8036,2,6.07
8037,3,6.16
8038,4,8.77
8039,1,6.04
8040,3,6.12
8041,0,6.03
8042,3,6.06
8043,3,6.11
8044,0,6.03
8045,1,6.05
8046,1,6.04
8047,3,6.25
8048,1,6.03
8049,0,6.05
8050,3,7.12
8051,4,8.5
8052,3,6.17
8053,4,9.63
8054,0,6.04
8055,0,6.05
8056,1,6.04
8057,3,6.14
8058,3,6.85
8059,2,6.04
8060,2,6.04
8061,2,6.03
8062,0,6.03
8063,2,6.05
8064,4,7.29
8065,3,6.07
8066,2,6.04
8067,1,6.04
8068,3,6.22
8069,3,6.12
8070,4,15.2
8071,2,6.07
8072,1,6.05
8073,3,6.23
8074,2,6.05
8075,4,10.39
8076,4,6.34
8077,2,6.2
8078,2,6.05
8079,3,6.38
8080,4,11.0
8081,1,6.03
8082,0,6.03
8083,0,6.03
8084,4,10.95
8085,0,6.05
8086,2,6.08
8087,3,6.1
8088,2,6.05
8089,1,6.07
8090,4,9.08
8091,1,6.03
8092,2,6.07
8093,4,15.31
8094,2,6.27
8095,0,6.03
8096,0,6.03
8097,4,7.3
8098,2,6.04
8099,4,7.79
8100,1,6.03
8101,2,6.05
8102,3,6.11
8103,4,6.92
8104,2,6.06
8105,0,6.03
8106,1,6.05
8107,4,35.87
8108,3,6.22
8109,4,6.7
8110,1,6.05
8111,2,6.05
8112,2,6.04
8113,0,6.03
8114,4,9.73
8115,3,6.13
8116,4,21.81
8117,1,6.03
8118,2,6.04
8119,3,6.07
8120,3,6.09
8121,3,6.23
8122,1,6.04
8123,1,6.05
8124,3,6.37
8125,0,6.04
8126,4,7.05
8127,0,6.04
8128,1,6.04
8129,2,6.04
8130,1,6.03
8131,3,6.24
8132,2,6.05
8133,0,6.03
8134,2,6.06
8135,0,6.02
8136,1,6.03
8137,4,6.82
8138,4,6.4
8139,1,6.02
8140,2,6.04
8141,1,6.07
8142,2,6.05
8143,1,6.05
8144,4,8.85
8145,1,6.05
8146,3,6.16
8147,0,6.03
8148,3,6.22
8149,4,32.39
8150,1,6.04
8151,4,10.39
8152,4,6.56
8153,0,6.04
8154,4,31.42
8155,0,6.04
8156,0,6.03
8157,3,6.61
8158,0,6.06
8159,2,6.04
8160,1,6.03
8161,4,7.6
8162,3,6.14
8163,2,6.05
8164,3,6.14
8165,4,10.57
8166,0,6.08
8167,2,6.1
8168,1,6.04
8169,3,6.24
8170,4,10.1
8171,4,7.07
8172,3,6.08
8173,1,6.04
8174,2,6.17
8175,4,6.67
8176,3,6.17
8177,4,6.15
8178,0,6.04
8179,1,6.04
8180,3,6.22
8181,3,6.04
8182,3,7.2
8183,2,6.05
8184,3,6.13
8185,1,6.04
8186,1,6.05
8187,0,6.15
8188,2,6.05
8189,4,9.4
8190,0,6.04
8191,1,6.05
8192,3,6.13
8193,0,6.03
8194,1,6.04
8195,4,6.49
8196,1,6.04
8197,1,6.04
8198,4,11.86
8199,3,6.05
8200,0,6.05
8201,2,6.04
8202,2,6.06
8203,0,6.04
8204,1,6.04
8205,4,35.79
8206,2,6.04
8207,2,6.05
8208,3,6.14
8209,0,6.04
8210,0,6.03
8211,3,6.09
8212,3,6.08
8213,1,6.04
8214,1,6.03
8215,2,6.07
8216,1,6.11
8217,1,6.04
8218,2,6.07
8219,0,6.04
8220,0,6.03
8221,0,6.02
8222,0,6.03
8223,2,6.11
8224,3,6.05
8225,3,6.18
8226,3,6.26
8227,1,6.03
8228,1,6.05
8229,3,6.4
8230,3,6.16
8231,2,6.07
8232,4,6.64
8233,1,6.06
8234,0,6.04
8235,4,7.51
8236,4,8.81
8237,3,6.42
8238,4,8.78
8239,0,6.03
8240,3,6.08
8241,0,6.05
8242,1,6.05
8243,2,6.04
8244,3,6.15
8245,2,6.04
8246,1,6.04
8247,2,6.04
8248,1,6.05
8249,0,6.03
8250,1,6.04
8251,1,6.07
8252,3,6.29
8253,2,6.04
8254,1,6.04
8255,0,6.03
8256,0,6.03
8257,4,6.28
8258,3,6.31
8259,3,6.05
8260,3,6.04
8261,2,6.05
8262,1,6.05
8263,3,6.11
8264,1,6.04
8265,0,6.03
8266,2,6.05
8267,1,6.04
8268,0,6.03
8269,1,6.04
8270,2,6.06
8271,0,6.04
8272,0,6.04
8273,4,11.39
8274,4,6.3
8275,3,6.12
8276,2,6.04
8277,0,6.03
8278,4,6.33
8279,2,6.15
8280,1,6.04
8281,2,6.05
8282,3,6.08
8283,3,6.06
8284,0,6.03
8285,0,6.02
8286,0,6.03
8287,2,6.06
8288,0,6.04
8289,4,27.38
8290,4,13.57
8291,0,6.04
8292,1,6.04
8293,3,6.14
8294,0,6.03
8295,4,7.11
8296,4,12.35
8297,0,6.03
8298,2,6.07
8299,0,6.05
8300,0,6.03
8301,1,6.05
8302,3,6.11
8303,2,6.04
8304,2,6.05
8305,0,6.03
8306,1,6.04
8307,4,30.79
8308,3,6.07
8309,3,6.1
8310,2,6.06
8311,1,6.04
8312,4,7.01
8313,2,6.05
8314,3,7.41
8315,4,11.48
8316,2,6.05
8317,4,10.12
8318,1,6.03
8319,4,9.78
8320,4,6.56
8321,2,6.06
8322,2,6.07
8323,0,6.03
8324,2,6.07
8325,4,10.49
8326,4,9.03
8327,2,6.06
8328,3,6.04
8329,2,6.04
8330,2,6.05
8331,3,6.15
8332,1,6.04
8333,3,6.1
8334,2,6.08
8335,4,23.27
8336,2,6.06
8337,2,6.04
8338,0,6.03
8339,2,6.06
8340,4,10.64
8341,4,9.07
8342,3,6.28
8343,1,6.05
8344,3,6.15
8345,1,6.05
8346,0,6.04
8347,1,6.05
8348,3,6.09
8349,1,6.04
8350,3,6.2
8351,3,6.18
8352,0,6.03
8353,2,6.07
8354,4,6.26
8355,1,6.04
8356,1,6.04
8357,1,6.06
8358,4,22.63
8359,2,6.06
8360,3,6.1
8361,2,6.05
8362,3,6.06
8363,3,6.13
8364,1,6.05
8365,3,6.06
8366,3,6.17
8367,1,6.07
8368,1,6.04
8369,1,6.05
8370,3,6.19
8371,3,6.34
8372,4,9.7
8373,4,11.39
8374,4,8.3
8375,0,6.03
8376,0,6.03
8377,2,6.04
8378,0,6.04
8379,1,6.04
8380,0,6.03
8381,1,6.04
8382,1,6.03
8383,4,6.72
8384,3,6.23
8385,0,6.02
8386,2,6.07
8387,4,7.21
8388,3,6.21
8389,2,6.06
8390,0,6.04
8391,2,6.04
8392,4,9.96
8393,0,6.04
8394,2,6.05
8395,4,7.41
8396,1,6.04
8397,0,6.04
8398,3,6.09
8399,1,6.04
8400,0,6.03
8401,0,6.03
8402,2,6.04
8403,4,7.93
8404,1,6.04
8405,0,6.04
8406,0,6.04
8407,0,6.04
8408,0,6.03
8409,4,6.91
8410,0,6.03
8411,3,6.14
8412,0,6.04
8413,2,6.04
8414,4,11.9
8415,3,6.15
8416,3,6.12
8417,0,6.04
8418,3,6.05
8419,1,6.03
8420,1,6.03
8421,4,9.2
8422,1,6.05
8423,4,35.75
8424,3,6.15
8425,3,6.26
8426,1,6.03
8427,3,6.04
8428,4,8.82
8429,1,6.06
8430,4,6.94
8431,2,6.03
8432,0,6.05
8433,1,6.04
8434,1,6.04
8435,4,8.26
8436,2,6.04
8437,0,6.04
8438,1,6.04
8439,4,13.55
8440,2,6.04
8441,3,6.47
8442,1,6.06
8443,4,10.64
8444,1,6.03
8445,1,6.04
8446,3,6.26
8447,3,6.09
8448,3,6.31
8449,2,6.05
8450,2,6.09
8451,3,6.1
8452,4,6.88
8453,4,20.39
8454,1,6.04
8455,3,6.07
8456,2,6.07
8457,2,6.04
8458,0,6.03
8459,2,6.04
8460,1,6.05
8461,3,6.07
8462,3,6.05
8463,3,6.22
8464,2,6.07
8465,3,6.07
8466,4,10.76
8467,1,6.04
8468,2,6.07
8469,1,6.05
8470,3,6.27
8471,3,6.32
8472,4,8.82
8473,2,6.08
8474,3,6.06
8475,4,6.81
8476,0,6.03
8477,3,6.19
8478,0,6.02
8479,3,6.1
8480,4,16.52
8481,1,6.04
8482,2,6.05
8483,0,6.04
8484,1,6.04
8485,4,8.3
8486,0,6.04
8487,0,6.04
8488,3,6.21
8489,3,6.14
8490,3,6.09
8491,2,6.06
8492,0,6.02
8493,1,6.03
8494,0,6.03
8495,3,6.09
8496,3,6.25
8497,4,16.35
8498,0,6.03
8499,4,6.6
8500,0,6.04
8501,4,7.35
8502,4,10.69
8503,2,6.08
8504,2,6.06
8505,3,6.1
8506,0,6.05
8507,0,6.04
8508,1,6.04
8509,4,28.07
8510,2,6.05
8511,2,6.08
8512,2,6.08
8513,2,6.03
8514,0,6.03
8515,1,6.04
8516,1,6.04
8517,2,6.05
8518,1,6.05
8519,0,6.03
8520,2,6.04
8521,2,6.04
8522,0,6.03
8523,1,6.05
8524,0,6.03
8525,0,6.04
8526,2,6.04
8527,0,6.05
8528,2,6.15
8529,2,6.04
8530,1,6.03
8531,3,6.21
8532,2,6.06
8533,4,9.79
8534,0,6.05
8535,4,9.82
8536,0,6.03
8537,0,6.03
8538,3,6.12
8539,0,6.04
8540,3,6.46
8541,0,6.02
8542,0,6.04
8543,1,6.04
8544,3,6.12
8545,0,6.03
8546,0,6.03
8547,1,6.03
8548,0,6.04
8549,0,6.04
8550,4,12.28
8551,4,12.26
8552,1,6.04
8553,0,6.04
8554,1,6.04
8555,4,16.98
8556,2,6.11
8557,2,6.04
8558,4,6.31
8559,1,6.04
8560,1,6.03
8561,2,6.05
8562,1,6.05
8563,0,6.11
8564,4,8.3
8565,3,6.21
8566,3,6.08
8567,3,6.34
8568,4,9.98
8569,0,6.03
8570,1,6.03
8571,3,6.22
8572,0,6.03
8573,1,6.06
8574,0,6.03
8575,1,6.03
8576,0,6.02
8577,4,6.83
8578,2,6.05
8579,3,6.19
8580,1,6.03
8581,1,6.03
8582,3,6.09
8583,1,6.05
8584,2,6.04
8585,4,12.16
8586,4,7.18
8587,0,6.03
8588,4,6.84
8589,2,6.05
8590,0,6.05
8591,0,6.03
8592,0,6.03
8593,2,6.06
8594,4,16.1
8595,0,6.03
8596,0,6.02
8597,1,6.03
8598,2,6.04
8599,0,6.03
8600,0,6.07
8601,2,6.04
8602,2,6.04
8603,3,6.13
8604,1,6.04
8605,1,6.04
8606,0,6.04
8607,2,6.05
8608,4,13.05
8609,4,12.91
8610,4,10.71
8611,4,16.85
8612,4,6.79
8613,1,6.04
8614,1,6.04
8615,0,6.02
8616,2,6.08
8617,4,11.13
8618,4,34.39
8619,0,6.04
8620,4,8.52
8621,3,6.06
8622,0,6.04
8623,2,6.16
8624,3,6.42
8625,1,6.05
8626,2,6.04
8627,1,6.03
8628,3,6.07
8629,3,6.09
8630,3,6.35
8631,0,6.04
8632,0,6.03
8633,0,6.03
8634,4,8.84
8635,2,6.07
8636,1,6.03
8637,4,10.35
8638,2,6.08
8639,4,8.18
8640,0,6.06
8641,2,6.04
8642,1,6.05
8643,0,6.04
8644,3,6.07
8645,3,6.11
8646,4,11.15
8647,2,6.06
8648,3,6.23
8649,3,6.11
8650,1,6.03
8651,0,6.04
8652,3,6.24
8653,1,6.04
8654,3,6.36
8655,0,6.03
8656,3,6.16
8657,2,6.05
8658,4,9.67
8659,4,6.62
8660,4,7.48
8661,4,9.16
8662,0,6.03
8663,4,6.33
8664,2,6.07
8665,2,6.06
8666,4,7.83
8667,4,31.07
8668,0,6.04
8669,4,11.21
8670,0,6.04
8671,4,7.56
8672,3,6.08
8673,0,6.01
8674,2,6.04
8675,4,9.05
8676,2,6.11
8677,1,6.04
8678,0,6.04
8679,2,6.04
8680,3,6.05
8681,0,6.03
8682,4,7.73
8683,0,6.03
8684,2,6.04
8685,4,14.61
8686,1,6.06
8687,1,6.05
8688,4,6.64
8689,1,6.04
8690,1,6.04
8691,2,6.04
8692,1,6.05
8693,0,6.03
8694,0,6.08
8695,3,6.05
8696,2,6.05
8697,0,6.05
8698,0,6.04
8699,2,6.07
8700,2,6.08
8701,1,6.04
8702,1,6.04
8703,0,6.03
8704,4,6.88
8705,1,6.05
8706,2,6.05
8707,3,7.91
8708,4,20.2
8709,1,6.04
8710,1,6.04
8711,1,6.05
8712,2,6.08
8713,4,6.7
8714,3,6.09
8715,0,6.08
8716,2,6.08
8717,0,6.05
8718,2,6.08
8719,4,9.74
8720,4,9.46
8721,4,35.99
8722,3,6.13
8723,1,6.04
8724,3,6.04
8725,4,7.04
8726,4,29.33
8727,3,6.16
8728,1,6.04
8729,1,6.05
8730,4,6.34
8731,2,6.05
8732,1,6.03
8733,1,6.04
8734,2,6.06
8735,1,6.04
8736,1,6.03
8737,3,6.09
8738,4,23.94
8739,0,6.03
8740,4,7.1
8741,4,6.62
8742,1,6.05
8743,4,11.56
8744,2,6.05
8745,4,9.69
8746,4,13.17
8747,2,6.05
8748,3,6.24
8749,1,6.04
8750,1,6.03
8751,2,6.04
8752,3,6.17
8753,4,10.43
8754,4,8.26
8755,0,6.04
8756,2,6.06
8757,2,6.06
8758,0,6.04
8759,0,6.03
8760,3,6.15
8761,3,6.11
8762,4,11.68
8763,2,6.07
8764,2,6.05
8765,2,6.04
8766,1,6.04
8767,3,6.18
8768,4,22.42
8769,2,6.13
8770,0,6.03
8771,2,6.04
8772,4,9.27
8773,4,33.19
8774,1,6.05
8775,2,6.11
8776,3,6.25
8777,3,6.37
8778,0,6.08
8779,3,6.2
8780,4,35.99
8781,0,6.05
8782,3,6.44
8783,4,9.66
8784,2,6.04
8785,3,6.18
8786,3,6.56
8787,0,6.05
8788,3,6.2
8789,1,6.05
8790,2,6.06
8791,2,6.09
8792,0,6.04
8793,0,6.03
8794,4,16.15
8795,3,6.19
8796,1,6.06
8797,3,6.06
8798,4,35.66
8799,0,6.05
8800,3,6.13
8801,4,7.85
8802,1,6.03
8803,0,6.03
8804,2,6.05
8805,4,6.33
8806,2,6.06
8807,2,6.05
8808,0,6.02
8809,0,6.04
8810,4,7.18
8811,2,6.07
8812,1,6.04
8813,1,6.03
8814,2,6.08
8815,3,6.21
8816,4,15.91
8817,0,6.04
8818,0,6.04
8819,2,6.05
8820,2,6.06
8821,1,6.06
8822,3,6.15
8823,4,8.6
8824,1,6.05
8825,4,16.29
8826,3,6.39
8827,1,6.04
8828,1,6.06
8829,3,6.24
8830,3,6.12
8831,0,6.04
8832,3,6.17
8833,2,6.09
8834,1,6.04
8835,2,6.05
8836,4,7.15
8837,0,6.04
8838,3,6.1
8839,1,6.04
8840,1,6.03
8841,2,6.05
8842,3,6.24
8843,4,6.36
8844,2,6.04
8845,1,6.03
8846,4,12.52
8847,1,6.05
8848,0,6.04
8849,1,6.03
8850,3,6.08
8851,0,6.04
8852,1,6.04
8853,3,6.11
8854,4,35.99
8855,3,6.11
8856,4,26.59
8857,0,6.04
8858,3,6.08
8859,3,6.04
8860,3,6.34
8861,3,6.11
8862,1,6.03
8863,3,6.04
8864,0,6.03
8865,1,6.06
8866,1,6.04
8867,1,6.05
8868,1,6.06
8869,2,6.05
8870,4,7.98
8871,1,6.04
8872,4,11.19
8873,3,6.26
8874,4,7.38
8875,1,6.04
8876,1,6.06
8877,4,9.51
8878,2,6.06
8879,3,6.41
8880,4,17.21
8881,1,6.18
8882,0,6.04
8883,0,6.03
8884,4,12.83
8885,0,6.03
8886,4,7.59
8887,1,6.12
8888,4,8.76
8889,2,6.05
8890,2,6.04
8891,2,6.07
8892,1,6.04
8893,0,6.03
8894,2,6.07
8895,0,6.07
8896,0,6.03
8897,4,8.55
8898,1,6.12
8899,4,10.5
8900,1,6.03
8901,3,6.09
8902,4,24.83
8903,2,6.05
8904,2,6.05
8905,2,6.06
8906,2,6.07
8907,3,6.23
8908,2,6.07
8909,2,6.07
8910,2,6.05
8911,4,6.31
8912,4,8.0
8913,1,6.04
8914,2,6.1
8915,3,6.17
8916,0,6.04
8917,1,6.09
8918,2,6.05
8919,4,35.66
8920,0,6.04
8921,4,6.72
8922,3,6.06
8923,3,6.1
8924,2,6.06
8925,1,6.05
8926,0,6.04
8927,0,6.04
8928,4,11.58
8929,4,7.5
8930,4,7.35
8931,0,6.03
8932,4,13.07
8933,0,6.03
8934,1,6.05
8935,1,6.04
8936,0,6.03
8937,0,6.03
8938,2,6.05
8939,1,6.03
8940,1,6.14
8941,2,6.04
8942,1,6.05
8943,2,6.06
8944,2,6.04
8945,3,6.04
8946,3,6.1
8947,0,6.02
8948,2,6.05
8949,3,6.13
8950,3,6.11
8951,1,6.04
8952,3,6.27
8953,3,6.18
8954,4,6.58
8955,2,6.06
8956,1,6.04
8957,3,6.08
8958,0,6.02
8959,2,6.05
8960,3,6.18
8961,0,6.06
8962,2,6.04
8963,2,6.04
8964,0,6.02
8965,1,6.04
8966,1,6.03
8967,3,6.06
8968,0,6.03
8969,4,35.99
8970,0,6.04
8971,2,6.04
8972,4,8.04
8973,3,6.41
8974,2,6.04
8975,2,6.03
8976,1,6.06
8977,2,6.04
8978,2,6.07
8979,0,6.05
8980,3,6.38
8981,2,6.06
8982,4,8.63
8983,4,35.99
8984,2,6.05
8985,3,6.1
8986,4,7.62
8987,2,6.04
8988,2,6.04
8989,1,6.04
8990,3,6.07
8991,4,12.22
8992,2,6.16
8993,4,35.74
8994,0,6.04
8995,1,6.06
8996,0,6.04
8997,3,6.13
8998,3,6.16
8999,3,6.18
9000,3,6.1
9001,3,6.07
9002,4,9.35
9003,0,6.03
9004,0,6.03
9005,3,6.17
9006,3,6.45
9007,0,6.04
9008,3,6.4
9009,1,6.05
9010,3,6.2
9011,4,8.98
9012,2,6.05
9013,1,6.04
9014,3,6.23
9015,1,6.04
9016,4,8.17
9017,0,6.04
9018,2,6.07
9019,1,6.04
9020,0,6.03
9021,3,6.12
9022,4,28.59
9023,0,6.04
9024,4,11.87
9025,4,6.52
9026,2,6.04
9027,2,6.05
9028,1,6.05
9029,1,6.04
9030,2,6.09
9031,3,6.23
9032,1,6.03
9033,1,6.04
9034,2,6.04
9035,4,15.09
9036,0,6.09
9037,3,6.39
9038,3,6.14
9039,2,6.04
9040,3,6.16
9041,4,6.64
9042,4,35.81
9043,3,6.08
9044,1,6.06
9045,1,6.1
9046,2,6.07
9047,0,6.11
9048,2,6.06
9049,1,6.07
9050,1,6.03
9051,1,6.06
9052,0,6.04
9053,4,16.98
9054,1,6.07
9055,3,6.27
9056,3,6.04
9057,0,6.04
9058,0,6.05
9059,2,6.04
9060,3,6.08
9061,0,6.03
9062,0,6.03
9063,2,6.09
9064,0,6.03
9065,1,6.04
9066,4,6.96
9067,3,6.17
9068,0,6.03
9069,2,6.11
9070,1,6.04
9071,4,9.35
9072,1,6.05
9073,2,6.06
9074,4,8.09
9075,1,6.07
9076,0,6.03
9077,1,6.03
9078,2,6.06
9079,3,6.17
9080,3,6.03
9081,0,6.03
9082,3,6.25
9083,2,6.06
9084,3,6.12
9085,1,6.05
9086,3,6.12
9087,0,6.03
9088,2,6.11
9089,4,6.21
9090,4,6.31
9091,0,6.04
9092,2,6.04
9093,0,6.05
9094,0,6.03
9095,4,11.17
9096,4,11.48
9097,4,8.71
9098,2,6.07
9099,4,11.28
9100,3,6.18
9101,2,6.04
9102,0,6.05
9103,3,6.18
9104,1,6.05
9105,4,8.78
9106,4,9.15
9107,3,6.11
9108,1,6.04
9109,3,6.19
9110,1,6.04
9111,2,6.04
9112,4,9.44
9113,4,7.29
9114,2,6.07
9115,2,6.04
9116,3,6.12
9117,3,6.33
9118,2,6.06
9119,1,6.04
9120,1,6.05
9121,1,6.04
9122,4,8.37
9123,1,6.04
9124,4,8.91
9125,1,6.04
9126,2,6.04
9127,1,6.04
9128,1,6.05
9129,2,6.04
9130,4,6.52
9131,0,6.04
9132,2,6.04
9133,3,6.1
9134,2,6.1
9135,0,6.03
9136,4,13.7
9137,2,6.08
9138,0,6.04
9139,3,6.1
9140,2,6.04
9141,1,6.04
9142,4,9.83
9143,0,6.06
9144,0,6.26
9145,1,6.05
9146,1,6.05
9147,0,6.03
9148,4,8.85
9149,2,6.06
9150,4,9.52
9151,4,10.97
9152,4,9.93
9153,2,6.04
9154,0,6.05
9155,1,6.04
9156,0,6.03
9157,4,13.01
9158,0,6.04
9159,3,6.12
9160,3,6.43
9161,4,6.97
9162,1,6.04
9163,0,6.03
9164,3,6.05
9165,4,35.99
9166,3,6.22
9167,4,7.48
9168,0,6.09
9169,2,6.03
9170,1,6.04
9171,4,13.91
9172,1,6.04
9173,3,6.39
9174,4,9.56
9175,3,6.36
9176,0,6.04
9177,1,6.05
9178,2,6.06
9179,0,6.07
9180,0,6.03
9181,3,6.18
9182,1,6.07
9183,1,6.04
9184,0,6.02
9185,4,6.9
9186,0,6.03
9187,1,6.04
9188,3,6.1
9189,1,6.06
9190,1,6.04
9191,0,6.07
9192,4,8.98
9193,2,6.07
9194,4,6.34
9195,3,6.39
9196,2,6.06
9197,0,6.03
9198,2,6.05
9199,3,6.06
9200,4,17.21
9201,4,34.78
9202,3,6.13
9203,3,6.18
9204,4,6.39
9205,4,8.68
9206,2,6.04
9207,4,35.84
9208,4,6.76
9209,0,6.04
9210,1,6.03
9211,4,8.05
9212,1,6.04
9213,0,6.03
9214,3,6.14
9215,4,6.44
9216,2,6.06
9217,0,6.04
9218,0,6.03
9219,2,6.05
9220,4,6.57
9221,3,6.06
9222,3,6.24
9223,3,6.05
9224,2,6.05
9225,3,6.12
9226,0,6.03
9227,0,6.04
9228,2,6.05
9229,1,6.05
9230,3,6.25
9231,0,6.03
9232,1,6.04
9233,4,9.7
9234,1,6.06
9235,2,6.04
9236,2,6.06
9237,4,8.04
9238,0,6.03
9239,1,6.05
9240,3,9.15
9241,2,6.04
9242,3,6.09
9243,2,6.06
9244,4,7.81
9245,0,6.03
9246,1,6.04
9247,2,6.05
9248,4,6.45
9249,0,6.02
9250,2,6.12
9251,0,6.03
9252,4,7.44
9253,0,6.03
9254,2,6.09
9255,2,6.06
9256,1,6.04
9257,3,6.13
9258,4,6.49
9259,2,6.04
9260,1,6.06
9261,2,6.06
9262,2,6.06
9263,4,9.41
9264,2,6.04
9265,3,6.1
9266,3,6.23
9267,0,6.04
9268,2,6.06
9269,4,7.6
9270,3,6.06
9271,4,8.76
9272,1,6.04
9273,1,6.04
9274,3,6.18
9275,1,6.06
9276,2,6.07
9277,0,6.03
9278,2,6.06
9279,3,6.07
9280,4,6.62
9281,0,6.03
9282,1,6.06
9283,0,6.04
9284,2,6.04
9285,0,6.03
9286,1,6.08
9287,2,6.07
9288,4,10.21
9289,0,6.03
9290,4,10.27
9291,1,6.05
9292,2,6.04
9293,0,6.04
9294,1,6.05
9295,0,6.05
9296,2,6.05
9297,3,6.29
9298,4,14.38
9299,2,6.06
9300,2,6.11
9301,4,6.93
9302,4,7.38
9303,4,17.07
9304,0,6.03
9305,2,6.11
9306,2,6.05
9307,0,6.03
9308,3,6.11
9309,4,12.42
9310,3,6.61
9311,2,6.08
9312,3,6.2
9313,1,6.05
9314,1,6.05
9315,0,6.04
9316,4,7.06
9317,0,6.04
9318,0,6.03
9319,3,6.2
9320,0,6.03
9321,2,6.06
9322,2,6.06
9323,3,6.04
9324,0,6.02
9325,4,10.72
9326,1,6.04
9327,0,6.03
9328,0,6.03
9329,3,6.19
9330,4,6.65
9331,0,6.03
9332,0,6.04
9333,0,6.06
9334,3,6.07
9335,3,6.08
9336,1,6.07
9337,2,6.05
9338,2,6.07
9339,3,6.52
9340,4,6.28
9341,4,7.87
9342,0,6.04
9343,0,6.04
9344,0,6.03
9345,1,6.04
9346,2,6.04
9347,2,6.05
9348,3,7.29
9349,0,6.03
9350,0,6.03
9351,3,6.13
9352,1,6.04
9353,3,6.13
9354,2,6.06
9355,0,6.05
9356,0,6.03
9357,2,6.04
9358,1,6.05
9359,3,6.15
9360,2,6.05
9361,1,6.04
9362,1,6.04
9363,1,6.04
9364,0,6.03
9365,3,6.17
9366,1,6.04
9367,2,6.05
9368,0,6.07
9369,1,6.05
9370,2,6.05
9371,0,6.03
9372,0,6.02
9373,0,6.03
9374,1,6.04
9375,0,6.03
9376,2,6.07
9377,3,6.12
9378,1,6.04
9379,0,6.02
9380,4,6.79
9381,3,6.07
9382,4,11.21
9383,2,6.04
9384,4,14.15
9385,2,6.04
9386,4,7.36
9387,4,15.47
9388,3,6.1
9389,3,6.48
9390,1,6.05
9391,2,6.09
9392,3,6.37
9393,3,6.09
9394,0,6.04
9395,0,6.04
9396,0,6.04
9397,0,6.04
9398,3,6.19
9399,2,6.12
9400,2,6.05
9401,3,6.07
9402,3,6.21
9403,1,6.04
9404,2,6.05
9405,3,6.2
9406,3,6.13
9407,3,6.09
9408,1,6.05
9409,1,6.04
9410,3,8.23
9411,0,6.03
9412,3,6.38
9413,1,6.04
9414,3,6.07
9415,1,6.04
9416,1,6.08
9417,1,6.04
9418,0,6.04
9419,3,6.11
9420,3,6.21
9421,1,6.04
9422,0,6.05
9423,2,6.05
9424,1,6.04
9425,0,6.04
9426,0,6.02
9427,2,6.04
9428,4,8.22
9429,4,12.21
9430,1,6.05
9431,2,6.04
9432,0,6.04
9433,1,6.04
9434,0,6.03
9435,1,6.04
9436,4,8.81
9437,0,6.04
9438,3,6.28
9439,2,6.05
9440,4,29.85
9441,1,6.04
9442,2,6.04
9443,4,8.84
9444,0,6.04
9445,4,11.34
9446,2,6.06
9447,1,6.03
9448,3,6.07
9449,3,6.19
9450,4,16.21
9451,3,6.24
9452,3,6.24
9453,1,6.08
9454,1,6.04
9455,1,6.06
9456,4,9.75
9457,3,6.12
9458,1,6.04
9459,4,8.43
9460,4,6.63
9461,1,6.04
9462,4,16.05
9463,4,7.78
9464,0,6.04
9465,1,6.06
9466,1,6.1
9467,2,6.04
9468,2,6.05
9469,4,7.99
9470,4,7.28
9471,0,6.04
9472,0,6.04
9473,0,6.03
9474,0,6.03
9475,0,6.04
9476,2,6.04
9477,3,6.31
9478,3,6.06
9479,3,6.14
9480,4,11.14
9481,0,6.03
9482,4,6.88
9483,0,6.03
9484,1,6.05
9485,3,6.15
9486,3,6.06
9487,1,6.04
9488,2,6.07
9489,4,13.35
9490,3,6.12
9491,0,6.03
9492,1,6.04
9493,0,6.04
9494,1,6.03
9495,0,6.03
9496,2,6.06
9497,4,10.04
9498,0,6.03
9499,1,6.04
9500,3,6.29
9501,0,6.02
9502,3,6.09
9503,2,6.06
9504,3,6.47
9505,3,7.13
9506,1,6.04
9507,2,6.05
9508,4,28.16
9509,3,6.07
9510,2,6.05
9511,2,6.06
9512,2,6.06
9513,4,9.13
9514,3,6.21
9515,2,6.04
9516,3,6.21
9517,3,6.07
9518,1,6.04
9519,2,6.11
9520,1,6.02
9521,3,6.65
9522,2,6.09
9523,1,6.04
9524,2,6.05
9525,4,13.75
9526,4,6.58
9527,3,6.1
9528,2,6.05
9529,2,6.05
9530,3,6.14
9531,2,6.07
9532,0,6.03
9533,3,6.24
9534,4,6.62
9535,1,6.04
9536,2,6.05
9537,2,6.05
9538,0,6.03
9539,2,6.05
9540,0,6.04
9541,4,8.87
9542,0,6.05
9543,4,9.27
9544,0,6.04
9545,2,6.07
9546,1,6.04
9547,0,6.05
9548,1,6.04
9549,1,6.04
9550,3,6.18
9551,3,6.25
9552,1,6.04
9553,3,6.09
9554,4,9.04
9555,3,6.04
9556,2,6.07
9557,2,6.06
9558,3,6.36
9559,0,6.04
9560,3,6.64
9561,1,6.04
9562,3,6.08
9563,2,6.05
9564,2,6.08
9565,3,6.11
9566,1,6.06
9567,1,6.05
9568,2,6.05
9569,4,11.27
9570,4,35.99
9571,2,6.09
9572,1,6.04
9573,2,6.08
9574,3,6.26
9575,3,6.28
9576,1,6.04
9577,4,18.43
9578,1,6.03
9579,3,6.43
9580,0,6.03
9581,3,6.22
9582,1,6.04
9583,2,6.05
9584,2,6.05
9585,4,6.83
9586,2,6.04
9587,1,6.04
9588,3,6.06
9589,1,6.06
9590,2,6.05
9591,4,8.65
9592,1,6.04
9593,2,6.06
9594,1,6.06
9595,1,6.04
9596,3,6.2
9597,4,19.65
9598,2,6.05
9599,3,6.24
9600,4,6.26
9601,4,6.89
9602,2,6.05
9603,2,6.14
9604,3,6.04
9605,2,6.06
9606,0,6.04
9607,0,6.03
9608,1,6.04
9609,0,6.03
9610,4,11.2
9611,0,6.02
9612,4,20.31
9613,4,6.53
9614,2,6.05
9615,4,6.57
9616,2,6.07
9617,1,6.05
9618,3,6.12
9619,2,6.04
9620,2,6.08
9621,2,6.06
9622,3,6.06
9623,2,6.05
9624,1,6.04
9625,1,6.04
9626,4,15.79
9627,3,7.68
9628,2,6.07
9629,4,10.01
9630,3,6.45
9631,0,6.04
9632,2,6.06
9633,0,6.04
9634,1,6.04
9635,0,6.03
9636,1,6.09
9637,3,6.14
9638,0,6.04
9639,4,13.79
9640,1,6.03
9641,4,7.46
9642,0,6.04
9643,2,6.05
9644,0,6.02
9645,2,6.05
9646,3,6.49
9647,4,6.57
9648,3,6.2
9649,4,6.3
9650,0,6.04
9651,1,6.04
9652,0,6.04
9653,3,6.09
9654,3,6.13
9655,1,6.07
9656,4,8.34
9657,2,6.1
9658,4,27.98
9659,3,6.35
9660,1,6.04
9661,0,6.07
9662,1,6.04
9663,1,6.07
9664,4,7.16
9665,1,6.04
9666,1,6.04
9667,1,6.05
9668,1,6.04
9669,0,6.03
9670,3,6.05
9671,4,6.22
9672,1,6.05
9673,1,6.04
9674,1,6.06
9675,3,6.33
9676,2,6.04
9677,1,6.04
9678,0,6.04
9679,4,7.63
9680,0,6.07
9681,3,6.41
9682,3,6.08
9683,3,6.19
9684,1,6.05
9685,4,9.35
9686,1,6.04
9687,3,6.18
9688,0,6.04
9689,4,35.93
9690,1,6.04
9691,1,6.05
9692,4,16.86
9693,0,6.03
9694,2,6.15
9695,4,16.91
9696,2,6.04
9697,0,6.03
9698,3,6.16
9699,2,6.05
9700,3,6.05
9701,2,6.04
9702,0,6.03
9703,2,6.04
9704,0,6.04
9705,2,6.12
9706,4,9.39
9707,2,6.07
9708,2,6.04
9709,3,6.11
9710,0,6.03
9711,4,12.92
9712,0,6.03
9713,4,11.39
9714,1,6.04
9715,1,6.04
9716,1,6.05
9717,3,6.26
9718,4,10.74
9719,1,6.05
9720,4,12.04
9721,1,6.04
9722,2,6.08
9723,1,6.04
9724,4,6.59
9725,4,15.31
9726,1,6.04
9727,1,6.04
9728,1,6.04
9729,2,6.08
9730,2,6.09
9731,0,6.03
9732,1,6.03
9733,1,6.05
9734,3,7.91
9735,2,6.05
9736,4,8.9
9737,1,6.04
9738,1,6.06
9739,2,6.11
9740,2,6.07
9741,4,8.78
9742,4,6.33
9743,0,6.04
9744,4,12.26
9745,1,6.04
9746,1,6.04
9747,2,6.04
9748,4,8.19
9749,1,6.04
9750,0,6.03
9751,0,6.04
9752,0,6.03
9753,4,15.15
9754,1,6.04
9755,3,6.28
9756,2,6.05
9757,2,6.05
9758,4,7.36
9759,4,7.81
9760,3,6.27
9761,4,11.92
9762,0,6.03
9763,2,6.07
9764,0,6.04
9765,2,6.04
9766,1,6.03
9767,2,6.08
9768,2,6.12
9769,4,6.79
9770,1,6.05
9771,2,6.05
9772,1,6.04
9773,3,6.38
9774,0,6.04
9775,1,6.04
9776,0,6.04
9777,4,8.12
9778,3,6.12
9779,2,6.06
9780,3,6.27
9781,3,6.33
9782,4,9.3
9783,1,6.02
9784,3,6.08
9785,1,6.03
9786,3,6.07
9787,1,6.04
9788,4,6.25
9789,2,6.06
9790,0,6.04
9791,3,6.18
9792,1,6.04
9793,3,6.08
9794,2,6.04
9795,1,6.07
9796,0,6.04
9797,1,6.04
9798,2,6.07
9799,2,6.04
9800,0,6.05
9801,3,6.07
9802,2,6.04
9803,1,6.03
9804,3,6.07
9805,4,6.83
9806,3,6.36
9807,1,6.07
9808,4,6.59
9809,0,6.04
9810,4,21.75
9811,4,11.86
9812,2,6.04
9813,1,6.05
9814,0,6.04
9815,2,6.06
9816,3,6.16
9817,2,6.07
9818,3,6.2
9819,3,6.19
9820,3,6.17
9821,1,6.04
9822,0,6.04
9823,3,6.05
9824,3,6.14
9825,0,6.03
9826,3,6.15
9827,0,6.03
9828,0,6.04
9829,2,6.05
9830,2,6.03
9831,2,6.03
9832,2,6.12
9833,2,6.06
9834,3,6.07
9835,0,6.04
9836,2,6.05
9837,2,6.04
9838,4,27.92
9839,4,6.8
9840,4,6.93
9841,3,6.29
9842,1,6.03
9843,2,6.04
9844,1,6.04
9845,4,6.87
9846,4,6.81
9847,1,6.05
9848,0,6.03
9849,0,6.04
9850,1,6.03
9851,0,6.04
9852,4,16.45
9853,4,6.63
9854,0,6.03
9855,0,6.04
9856,2,6.08
9857,3,6.1
9858,4,6.34
9859,0,6.09
9860,4,6.68
9861,3,6.18
9862,3,6.07
9863,4,7.48
9864,2,6.03
9865,1,6.04
9866,4,6.79
9867,2,6.05
9868,2,6.07
9869,1,6.04
9870,3,6.23
9871,1,6.04
9872,4,35.99
9873,2,6.07
9874,0,6.04
9875,2,6.06
9876,1,6.04
9877,4,9.28
9878,1,6.04
9879,0,6.04
9880,4,7.08
9881,2,6.05
9882,2,6.04
9883,4,10.68
9884,3,6.11
9885,4,6.61
9886,0,6.04
9887,0,6.04
9888,3,6.14
9889,2,6.06
9890,3,6.2
9891,0,6.03
9892,4,6.44
9893,4,12.86
9894,2,6.04
9895,0,6.02
9896,1,6.04
9897,1,6.04
9898,0,6.02
9899,2,6.03
9900,2,6.05
9901,1,6.04
9902,3,6.1
9903,1,6.06
9904,3,6.16
9905,0,6.03
9906,3,6.13
9907,4,14.03
9908,2,6.03
9909,2,6.05
9910,3,6.05
9911,1,6.04
9912,2,6.04
9913,1,6.04
9914,3,6.16
9915,3,6.06
9916,4,6.94
9917,4,12.99
9918,4,6.55
9919,3,6.08
9920,0,6.04
9921,4,21.41
9922,2,6.06
9923,1,6.04
9924,3,6.09
9925,2,6.06
9926,0,6.05
9927,2,6.04
9928,3,6.18
9929,2,6.07
9930,2,6.05
9931,4,32.72
9932,3,6.1
9933,4,6.68
9934,4,6.52
9935,3,6.1
9936,3,6.14
9937,0,6.03
9938,2,6.04
9939,3,6.33
9940,0,6.03
9941,2,6.06
9942,4,9.66
9943,3,7.56
9944,3,6.1
9945,2,6.04
9946,2,6.13
9947,2,6.04
9948,1,6.04
9949,4,6.32
9950,1,6.03
9951,3,6.1
9952,0,6.04
9953,4,9.0
9954,1,6.04
9955,3,6.06
9956,1,6.03
9957,0,6.03
9958,4,6.99
9959,0,6.04
9960,3,6.22
9961,4,28.53
9962,1,6.04
9963,3,6.04
9964,4,6.71
9965,1,6.04
9966,1,6.05
9967,2,6.05
9968,0,6.04
9969,2,6.04
9970,1,6.04
9971,3,6.14
9972,3,6.16
9973,1,6.04
9974,2,6.06
9975,1,6.04
9976,2,6.04
9977,4,14.06
9978,0,6.02
9979,3,6.13
9980,3,6.07
9981,2,6.05
9982,1,6.04
9983,1,6.04
9984,2,6.04
9985,4,22.23
9986,0,6.03
9987,4,6.45
9988,2,6.06
9989,1,6.04
9990,2,6.04
9991,2,6.04
9992,0,6.04
9993,3,6.1
9994,2,6.11
9995,0,6.03
9996,4,35.99
9997,3,6.08
9998,3,6.17
9999,4,35.99
10000,1,6.04
10001,3,6.17
10002,1,6.04
10003,1,6.04
10004,3,6.13
10005,0,6.04
10006,0,6.06
10007,2,6.05
10008,4,8.01
10009,2,6.05
10010,1,6.04
10011,1,6.03
10012,0,6.03
10013,4,8.56
10014,4,7.39
10015,1,6.04
10016,2,6.05
10017,2,6.03
10018,4,7.59
10019,0,6.04
10020,2,6.05
10021,2,6.05
10022,2,6.08
10023,3,6.16
10024,1,6.05
10025,2,6.1
10026,1,6.04
10027,2,6.04
10028,1,6.05
10029,1,6.03
10030,1,6.05
10031,0,6.04
10032,0,6.04
10033,4,14.17
10034,1,6.04
10035,1,6.04
10036,1,6.04
10037,4,7.48
10038,3,6.19
10039,2,6.03
10040,1,6.07
10041,3,7.51
10042,2,6.05
10043,4,9.78
10044,1,6.06
10045,2,6.05
10046,3,6.06
10047,4,12.17
10048,1,6.04
10049,0,6.04
10050,4,10.11
10051,4,7.36
10052,4,7.79
10053,0,6.02
10054,4,7.22
10055,0,6.04
10056,1,6.05
10057,4,7.02
10058,0,6.03
10059,3,6.1
10060,0,6.03
10061,1,6.03
10062,1,6.04
10063,0,6.04
10064,1,6.03
10065,3,6.04
10066,4,7.22
10067,2,6.06
10068,1,6.05
10069,4,6.84
10070,4,11.58
10071,3,6.28
10072,0,6.04
10073,2,6.06
10074,4,17.64
10075,2,6.06
10076,4,7.47
10077,4,11.38
10078,3,6.46
10079,3,6.14
10080,4,8.64
10081,4,6.22
10082,3,6.12
10083,1,6.07
10084,1,6.04
10085,3,6.15
10086,2,6.1
10087,2,6.05
10088,0,6.04
10089,2,6.04
10090,2,6.03
10091,0,6.05
10092,4,12.87
10093,4,6.69
10094,2,6.06
10095,2,6.04
10096,0,6.04
10097,4,8.37
10098,4,13.66
10099,4,10.42
10100,0,6.03
10101,3,6.18
10102,0,6.05
10103,4,9.8
10104,2,6.04
10105,2,6.05
10106,4,7.04
10107,0,6.02
10108,1,6.04
10109,3,6.26
10110,4,7.43
10111,3,6.06
10112,1,6.05
10113,2,6.08
10114,2,6.04
10115,2,6.07
10116,2,6.04
10117,2,6.04
10118,4,6.84
10119,2,6.06
10120,0,6.08
10121,0,6.03
10122,0,6.05
10123,3,6.11
10124,4,6.32
10125,4,28.86
10126,0,6.03
10127,1,6.04
10128,2,6.04
10129,2,6.04
10130,4,9.24
10131,0,6.03
10132,3,6.24
10133,0,6.03
10134,1,6.04
10135,3,6.2
10136,0,6.06
10137,0,6.04
10138,1,6.04
10139,4,6.52
10140,4,14.44
10141,0,6.04
10142,2,6.06
10143,3,6.13
10144,0,6.02
10145,1,6.04
10146,2,6.06
10147,0,6.03
10148,0,6.02
10149,1,6.04
10150,3,6.06
10151,1,6.04
10152,1,6.04
10153,3,6.08
10154,3,6.06
10155,0,6.03
10156,4,8.25
10157,1,6.08
10158,4,6.59
10159,1,6.03
10160,0,6.03
10161,4,7.55
10162,0,6.05
10163,4,9.85
10164,0,6.03
10165,1,6.03
10166,4,9.77
10167,1,6.05
10168,1,6.04
10169,2,6.04
10170,0,6.04
10171,1,6.04
10172,3,6.26
10173,4,11.21
10174,1,6.06
10175,3,6.07
10176,3,6.09
10177,3,6.08
10178,1,6.04
10179,1,6.04
10180,4,9.18
10181,4,11.06
10182,0,6.03
10183,3,6.44
10184,2,6.04
10185,0,6.04
10186,3,6.1
10187,2,6.13
10188,4,20.56
10189,4,11.92
10190,3,6.06
10191,3,6.27
10192,1,6.08
10193,4,9.44
10194,4,7.26
10195,3,6.06
10196,1,6.03
10197,0,6.03
10198,2,6.07
10199,2,6.05
10200,1,6.04
10201,3,7.0
10202,2,6.03
10203,0,6.04
10204,3,6.12
10205,4,7.5
10206,3,6.11
10207,0,6.04
10208,1,6.04
10209,4,7.11
10210,4,8.49
10211,2,6.08
10212,4,8.71
10213,3,6.1
10214,3,6.06
10215,3,6.16
10216,2,6.05
10217,2,6.05
10218,2,6.06
10219,2,6.09
10220,3,6.09
10221,0,6.04
10222,4,6.65
10223,4,11.93
10224,1,6.04
10225,1,6.03
10226,4,12.24
10227,4,6.39
10228,2,6.05
10229,3,6.46
10230,4,6.59
10231,2,6.08
10232,2,6.1
10233,2,6.06
10234,1,6.06
10235,2,6.07
10236,0,6.03
10237,2,6.04
10238,4,11.55
10239,2,6.06
10240,3,6.49
10241,3,6.15
10242,4,23.35
10243,1,6.04
10244,0,6.04
10245,2,6.04
10246,3,6.1
10247,1,6.04
10248,0,6.03
10249,4,6.18
10250,0,6.04
10251,4,12.4
10252,1,6.08
10253,1,6.05
10254,4,11.56
10255,0,6.04
10256,3,6.07
10257,1,6.03
10258,4,10.97
10259,0,6.03
10260,4,35.99
10261,0,6.04
10262,1,6.04
10263,0,6.03
10264,4,11.7
10265,4,7.24
10266,1,6.03
10267,2,6.05
10268,0,6.05
10269,4,11.85
10270,4,9.18
10271,4,6.85
10272,0,6.03
10273,2,6.07
10274,1,6.05
10275,3,6.43
10276,4,8.26
10277,4,6.96
10278,2,6.05
10279,1,6.04
10280,4,6.27
10281,4,6.72
10282,2,6.08
10283,2,6.06
10284,2,6.04
10285,2,6.04
10286,2,6.06
10287,3,6.37
10288,3,6.07
10289,4,9.86
10290,2,6.05
10291,0,6.03
10292,3,6.04
10293,3,6.32
10294,1,6.05
10295,3,6.07
10296,3,6.09
10297,2,6.05
10298,0,6.04
10299,2,6.08
10300,3,6.08
10301,2,6.05
10302,2,6.09
10303,0,6.03
10304,4,8.04
10305,2,6.09
10306,4,7.35
10307,4,30.22
10308,2,6.05
10309,1,6.07
10310,1,6.03
10311,0,6.02
10312,1,6.04
10313,1,6.05
10314,4,6.64
10315,3,6.11
10316,1,6.08
10317,0,6.04
10318,2,6.07
10319,4,6.89
10320,1,6.05
10321,4,35.99
10322,4,6.67
10323,4,7.91
10324,4,6.55
10325,3,6.17
10326,1,6.03
10327,4,15.51
10328,3,6.2
10329,1,6.04
10330,4,9.83
10331,4,9.93
10332,2,6.04
10333,1,6.03
10334,3,6.45
10335,1,6.04
10336,3,6.21
10337,4,6.79
10338,4,8.55
10339,3,6.05
10340,3,6.07
10341,1,6.05
10342,1,6.04
10343,1,6.05
10344,4,22.1
10345,3,6.32
10346,4,6.31
10347,1,6.04
10348,2,6.07
10349,3,6.08
10350,2,6.05
10351,4,7.12
10352,1,6.04
10353,3,6.04
10354,3,7.94
10355,4,15.27
10356,3,6.14
10357,2,6.06
10358,4,11.57
10359,2,6.04
10360,0,6.03
10361,4,17.11
10362,4,9.47
10363,0,6.04
10364,3,6.05
10365,4,6.49
10366,4,9.92
10367,1,6.06
10368,0,6.04
10369,4,13.7
10370,0,6.03
10371,3,6.05
10372,4,9.37
10373,0,6.04
10374,1,6.05
10375,1,6.06
10376,1,6.05
10377,0,6.04
10378,2,6.04
10379,0,6.03
10380,0,6.04
10381,4,25.43
10382,1,6.08
10383,2,6.04
10384,0,6.03
10385,4,6.47
10386,4,8.34
10387,1,6.05
10388,0,6.03
10389,1,6.03
10390,2,6.05
10391,3,6.21
10392,3,6.14
10393,2,6.03
10394,4,6.71
10395,4,6.72
10396,0,6.04
10397,4,8.71
10398,1,6.04
10399,0,6.04
10400,4,33.43
10401,1,6.06
10402,4,9.58
10403,1,6.05
10404,4,8.64
10405,0,6.03
10406,1,6.05
10407,3,6.44
10408,1,6.04
10409,3,6.14
10410,3,6.07
10411,0,6.03
10412,0,6.03
10413,3,6.14
10414,0,6.04
10415,3,6.14
10416,1,6.03
10417,2,6.05
10418,3,6.37
10419,0,6.04
10420,4,6.65
10421,3,6.08
10422,3,6.11
10423,3,6.07
10424,3,6.11
10425,1,6.06
10426,2,6.06
10427,3,6.13
10428,4,6.99
10429,2,6.12
10430,0,6.03
10431,2,6.07
10432,4,6.96
10433,4,8.96
10434,2,6.06
10435,4,6.45
10436,1,6.03
10437,4,6.94
10438,3,6.06
10439,4,9.06
10440,0,6.04
10441,0,6.03
10442,3,6.22
10443,2,6.05
10444,1,6.04
10445,4,11.18
10446,0,6.04
10447,1,6.05
10448,4,13.01
10449,2,6.07
10450,4,7.02
10451,1,6.03
10452,3,6.07
10453,1,6.05
10454,4,16.93
10455,2,6.03
10456,4,7.54
10457,1,6.03
10458,3,6.27
10459,2,6.04
10460,0,6.03
10461,1,6.04
10462,4,10.65
10463,3,6.23
10464,4,13.68
10465,0,6.03
10466,2,6.05
10467,1,6.03
10468,3,6.15
10469,2,6.09
10470,4,6.57
10471,2,6.04
10472,1,6.03
10473,3,6.1
10474,0,6.04
10475,3,6.23
10476,2,6.04
10477,0,6.08
10478,3,6.09
10479,4,9.9
10480,3,6.25
10481,1,6.07
10482,3,6.27
10483,0,6.04
10484,4,7.36
10485,1,6.03
10486,1,6.05
10487,4,13.72
10488,2,6.09
10489,0,6.04
10490,4,7.57
10491,1,6.03
10492,0,6.05
10493,1,6.07
10494,2,6.07
10495,1,6.04
10496,4,6.54
10497,0,6.02
10498,3,6.27
10499,4,8.51
10500,3,6.09
10501,0,6.03
10502,4,8.35
10503,2,6.05
10504,0,6.03
10505,3,6.08
10506,1,6.04
10507,4,12.9
10508,2,6.05
10509,4,6.94
10510,1,6.05
10511,4,17.4
10512,1,6.04
10513,3,6.16
10514,3,6.36
10515,3,6.04
10516,4,7.68
10517,2,6.05
10518,4,12.87
10519,0,6.02
10520,1,6.03
10521,3,6.09
10522,0,6.05
10523,0,6.02
10524,0,6.04
10525,1,6.06
10526,1,6.04
10527,0,6.05
10528,0,6.03
10529,4,8.92
10530,1,6.04
10531,0,6.04
10532,4,6.41
10533,0,6.03
10534,4,6.96
10535,4,32.33
10536,4,7.72
10537,3,6.97
10538,1,6.04
10539,2,6.06
10540,4,21.32
10541,3,6.17
10542,2,6.03
10543,4,28.55
10544,1,6.03
10545,1,6.04
10546,3,6.07
10547,4,10.94
10548,1,6.04
10549,2,6.04
10550,0,6.03
10551,0,6.03
10552,1,6.03
10553,3,6.07
10554,4,7.54
10555,3,6.1
10556,1,6.04
10557,0,6.06
10558,0,6.02
10559,3,6.3
10560,2,6.1
10561,3,6.41
10562,3,6.06
10563,3,6.1
10564,2,6.04
10565,3,6.21
10566,1,6.05
10567,2,6.06
10568,1,6.04
10569,2,6.04
10570,4,15.25
10571,2,6.05
10572,0,6.04
10573,1,6.03
10574,2,6.07
10575,1,6.04
10576,1,6.03
10577,3,6.2
10578,0,6.04
10579,1,6.04
10580,3,6.06
10581,2,6.07
10582,3,6.17
10583,4,6.32
10584,3,6.51
10585,4,23.7
10586,0,6.04
10587,3,6.23
10588,4,7.53
10589,1,6.04
10590,0,6.03
10591,0,6.05
10592,3,6.33
10593,3,6.08
10594,4,19.88
10595,2,6.05
10596,3,6.17
10597,1,6.05
10598,3,6.36
10599,2,6.04
10600,0,6.04
10601,4,6.43
10602,1,6.06
10603,2,6.05
10604,0,6.03
10605,3,6.39
10606,3,7.72
10607,4,8.2
10608,1,6.04
10609,2,6.05
10610,0,6.02
10611,3,6.1
10612,2,6.04
10613,0,6.05
10614,1,6.04
10615,3,6.12
10616,1,6.06
10617,2,6.12
10618,1,6.04
10619,2,6.06
10620,0,6.03
10621,1,6.05
10622,2,6.05
10623,0,6.04
10624,2,6.04
10625,1,6.04
10626,4,7.18
10627,1,6.04
10628,4,7.91
10629,4,22.78
10630,1,6.04
10631,0,6.03
10632,2,6.04
10633,3,6.29
10634,3,6.08
10635,3,6.23
10636,2,6.05
10637,0,6.04
10638,2,6.11
10639,0,6.04
10640,3,6.16
10641,1,6.03
10642,4,6.89
10643,3,6.11
10644,1,6.06
10645,0,6.04
10646,1,6.04
10647,1,6.05
10648,2,6.07
10649,4,7.53
10650,1,6.04
10651,3,6.49
10652,1,6.04
10653,2,6.05
10654,1,6.05
10655,0,6.03
10656,4,24.31
10657,2,6.04
10658,2,6.04
10659,3,6.18
10660,2,6.05
10661,2,6.04
10662,2,6.07
10663,2,6.05
10664,3,6.18
10665,1,6.04
10666,1,6.05
10667,4,10.33
10668,0,6.04
10669,3,6.25
10670,1,6.03
10671,1,6.03
10672,3,6.22
10673,4,6.99
10674,2,6.05
10675,4,17.84
10676,2,6.04
10677,2,6.05
10678,0,6.04
10679,0,6.03
10680,4,35.99
10681,2,6.04
10682,4,16.55
10683,4,13.8
10684,3,6.13
10685,1,6.04
10686,1,6.04
10687,4,34.92
10688,2,6.06
10689,2,6.06
10690,0,6.07
10691,3,6.17
10692,3,6.18
10693,2,6.05
10694,2,6.05
10695,4,7.15
10696,1,6.05
10697,1,6.11
10698,3,6.4
10699,1,6.04
10700,4,20.82
10701,3,6.33
10702,4,7.04
10703,1,6.04
10704,2,6.07
10705,3,6.06
10706,3,7.48
10707,3,6.34
10708,2,6.06
10709,3,6.31
10710,2,6.04
10711,3,6.12
10712,3,6.04
10713,2,6.04
10714,2,6.04
10715,1,6.04
10716,4,10.01
10717,0,6.03
10718,0,6.05
10719,3,6.06
10720,1,6.04
10721,1,6.04
10722,1,6.05
10723,3,6.07
10724,4,9.57
10725,1,6.04
10726,4,6.82
10727,4,7.13
10728,4,9.61
10729,0,6.03
10730,3,6.09
10731,2,6.06
10732,1,6.04
10733,3,6.07
10734,1,6.06
10735,1,6.04
10736,1,6.04
10737,4,14.95
10738,2,6.06
10739,0,6.03
10740,4,7.79
10741,0,6.04
10742,0,6.04
10743,0,6.04
10744,2,6.04
10745,0,6.07
10746,0,6.02
10747,3,6.07
10748,1,6.03
10749,3,6.06
10750,1,6.04
10751,2,6.03
10752,4,7.21
10753,1,6.04
10754,0,6.02
10755,2,6.04
10756,1,6.04
10757,4,8.18
10758,4,8.18
10759,1,6.05
10760,2,6.23
10761,3,6.4
10762,0,6.03
10763,3,6.08
10764,0,6.03
10765,4,7.14
10766,3,6.07
10767,3,6.06
10768,1,6.05
10769,1,6.04
10770,3,6.06
10771,0,6.04
10772,3,6.24
10773,4,9.27
10774,0,6.04
10775,1,6.06
10776,4,12.14
10777,2,6.06
10778,1,6.04
10779,2,6.09
10780,3,6.09
10781,1,6.04
10782,1,6.05
10783,4,8.84
10784,2,6.06
10785,2,6.05
10786,2,6.04
10787,3,7.85
10788,0,6.04
10789,4,11.95
10790,2,6.1
10791,1,6.04
10792,3,6.22
10793,1,6.04
10794,4,12.5
10795,4,7.82
10796,1,6.03
10797,4,6.89
10798,0,6.03
10799,4,13.96
10800,2,6.04
10801,2,6.05
10802,0,6.03
10803,0,6.02
10804,4,7.98
10805,3,6.32
10806,3,6.15
10807,3,6.06
10808,4,6.5
10809,1,6.04
10810,3,6.07
10811,3,6.05
10812,1,6.04
10813,3,6.12
10814,3,6.23
10815,0,6.03
10816,2,6.06
10817,2,6.11
10818,4,10.8
10819,0,6.05
10820,0,6.04
10821,1,6.03
10822,0,6.02
10823,1,6.04
10824,0,6.06
10825,4,12.75
10826,4,6.44
10827,0,6.04
10828,3,6.07
10829,3,6.09
10830,4,27.24
10831,4,8.28
10832,2,6.07
10833,4,8.01
10834,1,6.05
10835,1,6.05
10836,1,6.04
10837,1,6.04
10838,2,6.04
10839,1,6.04
10840,2,6.04
10841,4,6.55
10842,1,6.04
10843,4,8.27
10844,3,7.71
10845,1,6.09
10846,2,6.06
10847,3,6.15
10848,3,6.09
10849,0,6.03
10850,0,6.04
10851,3,6.24
10852,1,6.04
10853,2,6.06
10854,4,7.34
10855,1,6.04
10856,4,8.39
10857,3,6.38
10858,3,6.06
10859,0,6.05
10860,4,8.92
10861,3,6.22
10862,2,6.04
10863,4,6.43
10864,4,10.0
10865,1,6.07
10866,2,6.06
10867,1,6.04
10868,3,6.08
10869,1,6.04
10870,0,6.03
10871,4,14.89
10872,3,6.4
10873,2,6.08
10874,0,6.04
10875,1,6.08
10876,1,6.05
10877,2,6.04
10878,1,6.05
10879,0,6.03
10880,2,6.04
10881,3,6.05
10882,0,6.06
10883,2,6.06
10884,2,6.06
10885,1,6.03
10886,2,6.06
10887,1,6.06
10888,1,6.04
10889,2,6.1
10890,1,6.04
10891,4,7.87
10892,4,10.06
10893,4,12.19
10894,4,7.18
10895,0,6.05
10896,1,6.04
10897,3,6.21
10898,4,35.99
10899,4,17.13
10900,3,6.15
10901,3,6.12
10902,3,6.24
10903,2,6.04
10904,3,6.06
10905,4,6.69
10906,4,7.09
10907,2,6.06
10908,0,6.04
10909,3,6.11
10910,4,6.75
10911,4,31.27
10912,3,6.05
10913,0,6.03
10914,2,6.04
10915,4,35.73
10916,3,6.08
10917,3,6.06
10918,3,6.05
10919,0,6.04
10920,4,6.78
10921,4,7.03
10922,4,21.59
10923,3,6.08
10924,4,9.71
10925,1,6.04
10926,1,6.05
10927,3,6.16
10928,3,6.26
10929,4,10.09
10930,3,6.08
10931,1,6.04
10932,0,6.04
10933,0,6.02
10934,4,7.96
10935,3,6.16
10936,4,6.5
10937,4,32.66
10938,0,6.05
10939,3,6.12
10940,0,6.05
10941,1,6.04
10942,4,15.43
10943,0,6.03
10944,4,6.23
10945,4,10.03
10946,2,6.03
10947,1,6.04
10948,0,6.04
10949,4,7.54
10950,0,6.03
10951,2,6.04
10952,4,10.02
10953,3,6.13
10954,2,6.04
10955,2,6.05
10956,1,6.04
10957,3,6.13
10958,4,10.73
10959,4,8.39
10960,4,8.67
10961,4,35.58
10962,1,6.05
10963,4,7.56
10964,1,6.07
10965,1,6.05
10966,2,6.06
10967,1,6.05
10968,1,6.02
10969,0,6.03
10970,3,6.38
10971,0,6.03
10972,3,6.32
10973,3,6.13
10974,3,6.26
10975,4,11.65
10976,2,6.08
10977,4,8.2
10978,2,6.07
10979,4,6.41
10980,4,6.5
10981,1,6.04
10982,1,6.04
10983,1,6.03
10984,3,6.06
10985,1,6.04
10986,1,6.04
10987,2,6.11
10988,2,6.04
10989,2,6.05
10990,3,6.34
10991,2,6.06
10992,3,6.07
10993,4,8.04
10994,3,6.58
10995,1,6.05
10996,2,6.05
10997,0,6.08
10998,3,6.21
10999,0,6.04
11000,1,6.05
11001,2,6.08
11002,3,6.27
11003,1,6.03
11004,1,6.04
11005,4,34.85
11006,1,6.04
11007,1,6.04
11008,1,6.05
11009,4,12.85
11010,1,6.07
11011,4,6.64
11012,2,6.06
11013,3,6.15
11014,4,13.41
11015,3,6.65
11016,1,6.07
11017,2,6.07
11018,4,7.08
11019,4,6.8
11020,4,30.18
11021,4,15.59
11022,1,6.04
11023,2,6.05
11024,3,6.16
11025,2,6.05
11026,3,6.19
11027,4,7.0
11028,0,6.05
11029,2,6.06
11030,2,6.06
11031,1,6.05
11032,3,6.09
11033,4,6.97
11034,2,6.04
11035,2,6.14
11036,1,6.03
11037,4,6.65
11038,3,6.62
11039,4,10.59
11040,1,6.04
11041,0,6.15
11042,0,6.03
11043,2,6.04
11044,0,6.02
11045,3,6.26
11046,3,6.16
11047,0,6.03
11048,2,6.05
11049,4,25.16
11050,0,6.02
11051,3,6.06
11052,3,6.58
11053,0,6.06
11054,1,6.05
11055,2,6.06
11056,3,6.06
11057,2,6.1
11058,3,6.11
11059,3,6.15
11060,4,12.89
11061,3,6.06
11062,3,7.07
11063,2,6.07
11064,4,9.45
11065,1,6.04
11066,3,6.41
11067,1,6.04
11068,3,6.05
11069,1,6.05
11070,4,35.99
11071,2,6.04
11072,2,6.05
11073,2,6.05
11074,1,6.06
11075,4,6.6
11076,4,6.18
11077,4,13.73
11078,4,9.94
11079,3,6.18
11080,0,6.09
11081,1,6.04
11082,3,6.15
11083,3,6.1
11084,2,6.07
11085,0,6.05
11086,1,6.06
11087,0,6.1
11088,2,6.05
11089,2,6.04
11090,1,6.04
11091,0,6.04
11092,2,6.06
11093,3,6.08
11094,4,12.48
11095,2,6.07
11096,2,6.07
11097,1,6.04
11098,1,6.04
11099,3,6.43
11100,1,6.08
11101,4,6.91
11102,2,6.04
11103,4,8.25
11104,1,6.04
11105,2,6.03
11106,3,6.07
11107,2,6.06
11108,4,7.57
11109,2,6.06
11110,2,6.11
11111,3,6.39
11112,3,6.05
11113,2,6.04
11114,4,12.07
11115,2,6.06
11116,1,6.05
11117,4,6.45
11118,2,6.05
11119,3,6.12
11120,3,6.19
11121,1,6.04
11122,3,6.19
11123,0,6.04
11124,3,6.19
11125,4,8.92
11126,1,6.05
11127,4,9.77
11128,4,8.98
11129,4,12.67
11130,3,6.29
11131,1,6.06
11132,4,35.98
11133,2,6.05
11134,0,6.06
11135,2,6.04
11136,3,6.05
11137,1,6.06
11138,1,6.04
11139,1,6.04
11140,4,14.21
11141,3,6.06
11142,0,6.03
11143,3,6.49
11144,3,6.24
11145,4,12.95
11146,2,6.04
11147,2,6.05
11148,2,6.1
11149,2,6.04
11150,1,6.05
11151,0,6.03
11152,2,6.07
11153,0,6.03
11154,0,6.04
11155,4,9.75
11156,4,6.55
11157,3,6.12
11158,1,6.04
11159,0,6.04
11160,4,7.98
11161,2,6.12
11162,0,6.03
11163,0,6.02
11164,4,6.35
11165,1,6.03
11166,1,6.04
11167,2,6.05
11168,1,6.04
11169,2,6.06
11170,1,6.04
11171,0,6.04
11172,0,6.04
11173,4,6.97
11174,1,6.06
11175,0,6.04
11176,1,6.04
11177,4,6.68
11178,0,6.04
11179,3,6.36
11180,3,6.1
11181,3,6.12
11182,1,6.05
11183,4,6.52
11184,0,6.03
11185,2,6.05
11186,0,6.03
11187,2,6.05
11188,4,12.97
11189,2,6.05
11190,2,6.04
11191,3,6.14
11192,4,8.16
11193,3,6.06
11194,3,6.38
11195,2,6.03
11196,4,30.18
11197,1,6.04
11198,1,6.06
11199,3,6.09
11200,2,6.07
11201,3,6.14
11202,0,6.05
11203,0,6.04
11204,0,6.04
11205,2,6.06
11206,2,6.04
11207,1,6.09
11208,1,6.04
11209,3,6.1
11210,0,6.03
11211,4,22.19
11212,1,6.07
11213,4,10.53
11214,2,6.04
11215,4,8.57
11216,4,7.52
11217,3,6.04
11218,2,6.04
11219,3,6.23
11220,0,6.03
11221,4,7.92
11222,1,6.04
11223,4,17.8
11224,2,6.05
11225,2,6.05
11226,3,6.05
11227,0,6.05
11228,2,6.17
11229,1,6.04
11230,2,6.05
11231,4,7.14
11232,0,6.01
11233,2,6.05
11234,2,6.05
11235,4,9.54
11236,2,6.05
11237,0,6.03
11238,3,6.07
11239,0,6.02
11240,3,6.1
11241,3,6.2
11242,0,6.03
11243,3,6.38
11244,3,6.06
11245,4,6.55
11246,3,6.11
11247,4,6.93
11248,1,6.04
11249,1,6.04
11250,3,6.15
11251,4,7.93
11252,0,6.04
11253,4,9.92
11254,2,6.04
11255,1,6.04
11256,4,8.02
11257,3,6.25
11258,0,6.02
11259,4,17.18
11260,2,6.04
11261,0,6.05
11262,2,6.06
11263,1,6.04
11264,0,6.04
11265,2,6.08
11266,2,6.04
11267,2,6.05
11268,4,6.29
11269,4,6.58
11270,1,6.04
11271,1,6.05
11272,2,6.1
11273,1,6.04
11274,3,6.2
11275,2,6.08
11276,1,6.04
11277,1,6.04
11278,4,35.97
11279,3,6.04
11280,4,14.85
11281,2,6.06
11282,1,6.05
11283,1,6.05
11284,4,9.23
11285,0,6.04
11286,0,6.04
11287,1,6.05
11288,0,6.03
11289,0,6.04
11290,1,6.03
11291,0,6.05
11292,0,6.03
11293,0,6.04
11294,2,6.05
11295,4,11.81
11296,4,18.96
11297,1,6.04
11298,2,6.06
11299,1,6.04
11300,1,6.03
11301,2,6.06
11302,2,6.06
11303,3,6.06
11304,4,6.43
11305,1,6.04
11306,1,6.04
11307,3,6.74
11308,2,6.05
11309,3,6.05
11310,4,35.99
11311,3,6.29
11312,4,9.69
11313,4,10.32
11314,2,6.05
11315,0,6.04
11316,2,6.06
11317,3,6.08
11318,3,6.14
11319,2,6.05
11320,3,6.11
11321,1,6.06
11322,3,6.11
11323,2,6.05
11324,1,6.04
11325,4,10.02
11326,2,6.04
11327,1,6.05
11328,1,6.03
11329,2,6.09
11330,4,12.98
11331,0,6.04
11332,3,6.05
11333,0,6.04
11334,4,6.92
11335,4,9.8
11336,0,6.07
11337,3,6.69
11338,2,6.04
11339,4,27.92
11340,1,6.03
11341,3,6.18
11342,0,6.03
11343,2,6.07
11344,3,6.33
11345,2,6.08
11346,2,6.05
11347,4,8.44
11348,0,6.03
11349,4,20.68
11350,2,6.05
11351,4,6.9
11352,3,6.05
11353,3,6.07
11354,3,6.27
11355,2,6.05
11356,2,6.08
11357,2,6.06
11358,4,32.48
11359,4,18.24
11360,0,6.03
11361,0,6.05
11362,2,6.06
11363,3,6.08
11364,4,8.38
11365,1,6.03
11366,3,6.1
11367,4,7.39
11368,4,6.91
11369,0,6.03
11370,4,11.31
11371,2,6.05
11372,4,11.78
11373,4,13.28
11374,4,6.42
11375,3,6.07
11376,4,10.41
11377,1,6.03
11378,2,6.05
11379,2,6.09
11380,4,11.85
11381,3,6.06
11382,0,6.03
11383,4,7.96
11384,3,6.24
11385,0,6.04
11386,0,6.04
11387,2,6.11
11388,2,6.05
11389,1,6.04
11390,3,6.07
11391,3,6.05
11392,1,6.05
11393,4,13.59
11394,4,12.44
11395,3,6.19
11396,2,6.04
11397,1,6.09
11398,0,6.04
11399,0,6.04
11400,0,6.05
11401,2,6.04
11402,1,6.05
11403,0,6.04
11404,2,6.17
11405,0,6.04
11406,0,6.05
11407,1,6.05
11408,2,6.04
11409,0,6.03
11410,3,6.36
11411,1,6.06
11412,3,6.12
11413,4,10.57
11414,1,6.04
11415,1,6.06
11416,0,6.05
11417,0,6.03
11418,1,6.04
11419,0,6.13
11420,3,6.06
11421,4,10.37
11422,2,6.05
11423,2,6.02
11424,1,6.05
11425,0,6.03
11426,2,6.04
11427,0,6.03
11428,4,10.89
11429,1,6.04
11430,1,6.07
11431,2,6.03
11432,1,6.04
11433,1,6.03
11434,0,6.03
11435,0,6.08
11436,1,6.04
11437,0,6.04
11438,2,6.05
11439,3,6.06
11440,0,6.04
11441,3,6.05
11442,4,7.69
11443,1,6.07
11444,2,6.04
11445,1,6.06
11446,2,6.08
11447,0,6.04
11448,4,6.59
11449,2,6.05
11450,4,8.5
11451,4,29.21
11452,1,6.04
11453,1,6.04
11454,4,11.85
11455,0,6.03
11456,1,6.04
11457,4,6.63
11458,0,6.03
11459,2,6.04
11460,4,9.76
11461,1,6.04
11462,0,6.04
11463,1,6.04
11464,0,6.03
11465,4,9.02
11466,1,6.04
11467,4,8.04
11468,2,6.04
11469,2,6.04
11470,2,6.09
11471,3,6.13
11472,3,6.05
11473,2,6.03
11474,0,6.03
11475,2,6.05
11476,0,6.03
11477,0,6.04
11478,3,6.13
11479,4,8.48
11480,1,6.03
11481,1,6.04
11482,0,6.04
11483,1,6.06
11484,0,6.06
11485,3,6.11
11486,1,6.03
11487,2,6.04
11488,1,6.04
11489,3,6.11
11490,1,6.04
11491,1,6.04
11492,4,7.1
11493,3,6.3
11494,3,8.44
11495,2,6.06
11496,1,6.04
11497,1,6.04
11498,0,6.03
11499,1,6.12
11500,0,6.04
11501,1,6.05
11502,4,28.84
11503,2,6.04
11504,1,6.05
11505,4,11.66
11506,2,6.05
11507,2,6.08
11508,1,6.06
11509,2,6.04
11510,0,6.04
11511,0,6.02
11512,0,6.03
11513,3,6.2
11514,4,13.45
11515,3,6.3
11516,2,6.06
11517,4,9.83
11518,1,6.04
11519,4,9.35
11520,4,7.88
11521,2,6.13
11522,2,6.05
11523,0,6.03
11524,3,6.29
11525,4,8.78
11526,2,6.1
11527,2,6.05
11528,1,6.03
11529,2,6.07
11530,2,6.05
11531,4,7.96
11532,2,6.1
11533,1,6.05
11534,4,35.99
11535,1,6.04
11536,1,6.04
11537,4,12.43
11538,1,6.04
11539,2,6.06
11540,4,21.93
11541,4,10.61
11542,4,35.31
11543,3,6.08
11544,0,6.03
11545,3,6.13
11546,2,6.04
11547,2,6.06
11548,1,6.06
11549,1,6.04
11550,2,6.05
11551,2,6.05
11552,4,6.75
11553,4,6.3
11554,2,6.1
11555,3,6.16
11556,4,10.27
11557,4,16.94
11558,4,35.92
11559,4,16.53
11560,2,6.08
11561,4,8.09
11562,4,7.74
11563,1,6.04
11564,0,6.04
11565,1,6.05
11566,4,34.41
11567,1,6.04
11568,4,6.52
11569,3,7.0
11570,3,6.08
11571,3,6.07
11572,0,6.03
11573,0,6.03
11574,4,6.71
11575,0,6.04
11576,1,6.03
11577,1,6.05
11578,3,6.16
11579,4,7.19
11580,4,12.2
11581,2,6.06
11582,3,6.39
11583,2,6.07
11584,0,6.03
11585,0,6.02
11586,0,6.04
11587,0,6.01
11588,4,7.41
11589,1,6.05
11590,0,6.03
11591,0,6.03
11592,2,6.04
11593,2,6.12
11594,4,8.35
11595,2,6.05
11596,1,6.05
11597,4,26.25
11598,2,6.04
11599,4,13.49
11600,2,6.05
11601,3,6.2
11602,3,6.06
11603,3,6.78
11604,3,6.05
11605,3,6.21
11606,0,6.03
11607,0,6.03
11608,2,6.04
11609,1,6.03
11610,0,6.03
11611,3,6.06
11612,0,6.03
11613,3,6.13
11614,3,6.11
11615,4,6.59
11616,0,6.04
11617,1,6.03
11618,3,6.49
11619,0,6.03
11620,2,6.1
11621,3,6.09
11622,1,6.04
11623,4,8.57
11624,1,6.05
11625,3,6.09
11626,4,12.63
11627,1,6.04
11628,1,6.04
11629,4,35.5
11630,4,8.33
11631,1,6.04
11632,0,6.04
11633,0,6.03
11634,0,6.04
11635,0,6.04
11636,1,6.06
11637,1,6.06
11638,1,6.05
11639,3,6.14
11640,4,7.41
11641,2,6.04
11642,2,6.05
11643,2,6.05
11644,2,6.14
11645,3,6.18
11646,0,6.03
11647,4,8.33
11648,3,6.15
11649,0,6.02
11650,1,6.04
11651,2,6.04
11652,0,6.11
11653,0,6.03
11654,0,6.04
11655,3,6.16
11656,1,6.08
11657,2,6.05
11658,3,6.11
11659,4,10.58
11660,3,6.06
11661,0,6.04
11662,1,6.05
11663,4,35.99
11664,3,6.12
11665,4,6.39
11666,3,6.07
11667,4,10.87
11668,2,6.06
11669,0,6.04
11670,0,6.03
11671,2,6.06
11672,3,6.25
11673,0,6.01
11674,0,6.03
11675,2,6.07
11676,0,6.04
11677,1,6.04
11678,0,6.03
11679,4,35.62
11680,0,6.03
11681,4,8.33
11682,1,6.05
11683,1,6.05
11684,0,6.03
11685,1,6.03
11686,2,6.06
11687,0,6.04
11688,0,6.02
11689,0,6.03
11690,3,6.12
11691,2,6.04
11692,2,6.05
11693,4,10.25
11694,1,6.04
11695,1,6.04
11696,4,6.79
11697,3,6.3
11698,3,6.1
11699,3,6.1
11700,1,6.03
11701,4,19.1
11702,2,6.08
11703,0,6.04
11704,3,6.19
11705,2,6.06
11706,1,6.04
11707,2,6.04
11708,0,6.04
11709,0,6.03
11710,3,6.27
11711,1,6.04
11712,3,6.24
11713,3,6.18
11714,1,6.04
11715,0,6.03
11716,3,6.11
11717,2,6.04
11718,2,6.08
11719,2,6.05
11720,2,6.07
11721,0,6.03
11722,3,6.52
11723,2,6.24
11724,2,6.05
11725,2,6.05
11726,1,6.04
11727,1,6.04
11728,1,6.05
11729,3,6.25
11730,4,8.2
11731,4,13.66
11732,1,6.04
11733,0,6.03
11734,3,7.08
11735,2,6.03
11736,4,16.84
11737,0,6.03
11738,0,6.01
11739,2,6.05
11740,3,6.12
11741,1,6.04
11742,1,6.05
11743,3,6.26
11744,1,6.05
11745,0,6.03
11746,2,6.05
11747,1,6.04
11748,4,6.32
11749,4,7.53
11750,3,6.18
11751,0,6.03
11752,0,6.04
11753,1,6.04
11754,0,6.02
11755,0,6.02
11756,1,6.04
11757,4,7.94
11758,3,6.38
11759,2,6.03
11760,2,6.05
11761,4,7.3
11762,0,6.04
11763,3,6.19
11764,0,6.02
11765,4,8.95
11766,2,6.1
11767,4,6.26
11768,2,6.08
11769,3,6.06
11770,3,6.13
11771,2,6.04
11772,1,6.05
11773,0,6.03
11774,2,6.04
11775,3,6.28
11776,1,6.04
11777,4,7.22
11778,4,6.93
11779,0,6.04
11780,2,6.04
11781,1,6.05
11782,2,6.06
11783,0,6.04
11784,3,6.29
11785,2,6.04
11786,0,6.14
11787,1,6.04
11788,4,7.47
11789,1,6.04
11790,0,6.03
11791,2,6.04
11792,1,6.04
11793,3,6.13
11794,3,6.11
11795,4,10.59
11796,4,8.62
11797,3,6.27
11798,2,6.05
11799,2,6.07
11800,3,6.16
11801,1,6.04
11802,1,6.05
11803,3,6.17
11804,4,6.96
11805,1,6.07
11806,0,6.06
11807,4,10.11
11808,3,6.1
11809,1,6.03
11810,1,6.05
11811,3,6.26
11812,1,6.04
11813,2,6.04
11814,4,35.99
11815,4,17.45
11816,3,6.15
11817,3,6.07
11818,0,6.03
11819,2,6.11
11820,1,6.05
11821,2,6.17
11822,0,6.03
11823,1,6.05
11824,2,6.04
11825,3,6.2
11826,1,6.04
11827,4,16.34
11828,3,6.54
11829,2,6.17
11830,2,6.1
11831,3,6.09
11832,4,9.8
11833,0,6.04
11834,4,29.72
11835,2,6.09
11836,4,7.26
11837,0,6.03
11838,4,10.78
11839,0,6.03
11840,1,6.03
11841,0,6.11
11842,0,6.05
11843,1,6.06
11844,3,6.34
11845,2,6.06
11846,0,6.02
11847,0,6.03
11848,3,6.41
11849,3,6.47
11850,1,6.07
11851,3,6.12
11852,4,31.0
11853,2,6.05
11854,0,6.05
11855,4,7.99
11856,4,9.43
11857,1,6.04
11858,4,10.61
11859,1,6.04
11860,4,7.92
11861,2,6.06
11862,0,6.03
11863,4,8.67
11864,3,6.2
11865,0,6.02
11866,2,6.04
11867,4,7.54
11868,3,6.14
11869,3,6.1
11870,2,6.07
11871,4,7.39
11872,0,6.03
11873,0,6.04
11874,3,6.26
11875,4,7.07
11876,1,6.04
11877,3,6.09
11878,2,6.06
11879,0,6.04
11880,3,6.12
11881,1,6.03
11882,4,14.67
11883,2,6.04
11884,0,6.04
11885,1,6.04
11886,0,6.03
11887,0,6.04
11888,3,6.29
11889,2,6.04
11890,0,6.04
11891,2,6.08
11892,2,6.06
11893,0,6.03
11894,1,6.04
11895,2,6.1
11896,4,7.82
11897,0,6.04
11898,3,6.24
11899,0,6.03
11900,0,6.04
11901,1,6.07
11902,2,6.06
11903,1,6.06
11904,2,6.04
11905,1,6.05
11906,2,6.06
11907,4,26.17
11908,0,6.39
11909,0,6.03
11910,4,6.62
11911,1,6.04
11912,2,6.05
11913,4,11.78
11914,2,6.04
11915,3,6.09
11916,4,35.99
11917,2,6.04
11918,3,6.1
11919,4,7.17
11920,0,6.04
11921,4,14.18
11922,3,6.55
11923,1,6.04
11924,1,6.04
11925,0,6.03
11926,1,6.04
11927,2,6.04
11928,4,8.7
11929,2,6.04
11930,3,6.06
11931,0,6.02
11932,0,6.04
11933,1,6.03
11934,0,6.03
11935,0,6.06
11936,4,6.57
11937,1,6.05
11938,1,6.04
11939,1,6.15
11940,1,6.04
11941,3,6.06
11942,4,10.62
11943,3,6.17
11944,4,6.71
11945,1,6.04
11946,0,6.05
11947,0,6.03
11948,2,6.05
11949,1,6.11
11950,1,6.04
11951,2,6.06
11952,2,6.05
11953,0,6.04
11954,4,11.27
11955,2,6.05
11956,0,6.04
11957,1,6.09
11958,2,6.09
11959,4,6.89
11960,2,6.08
11961,1,6.04
11962,0,6.04
11963,2,6.05
11964,4,9.09
11965,1,6.05
11966,0,6.03
11967,3,6.1
11968,0,6.04
11969,3,6.21
11970,1,6.03
11971,1,6.08
11972,2,6.04
11973,0,6.05
11974,0,6.03
11975,1,6.04
11976,1,6.04
11977,3,6.22
11978,4,7.3
11979,0,6.03
11980,2,6.06
11981,0,6.03
11982,1,6.05
11983,1,6.04
11984,2,6.05
11985,2,6.03
11986,1,6.05
11987,2,6.04
11988,2,6.05
11989,3,6.39
11990,0,6.06
11991,1,6.04
11992,0,6.04
11993,1,6.04
11994,3,6.14
11995,3,6.07
11996,4,13.96
11997,1,6.02
11998,3,6.1
11999,0,6.02
12000,3,6.1
12001,1,6.07
12002,1,6.04
12003,3,6.32
12004,3,6.07
12005,4,6.57
12006,1,6.04
12007,0,6.04
12008,0,6.07
12009,1,6.04
12010,0,6.04
12011,0,6.07
12012,3,6.07
12013,2,6.05
12014,2,6.07
12015,3,6.14
12016,1,6.03
12017,2,6.05
12018,0,6.05
12019,3,6.05
12020,1,6.05
12021,3,6.11
12022,4,15.85
12023,0,6.04
12024,2,6.07
12025,3,8.02
12026,2,6.05
12027,4,6.5
12028,2,6.04
12029,3,6.34
12030,2,6.21
12031,4,6.86
12032,4,10.37
12033,2,6.07
12034,0,6.03
12035,3,6.2
12036,3,6.07
12037,3,6.99
12038,3,6.23
12039,1,6.04
12040,1,6.04
12041,2,6.04
12042,1,6.06
12043,0,6.03
12044,0,6.08
12045,4,6.82
12046,2,6.05
12047,4,7.55
12048,3,6.25
12049,1,6.05
12050,4,10.59
12051,4,9.43
12052,0,6.05
12053,3,6.14
12054,3,6.11
12055,4,35.8
12056,1,6.06
12057,3,6.41
12058,0,6.05
12059,0,6.07
12060,3,6.14
12061,3,6.14
12062,0,6.03
12063,1,6.04
12064,4,7.37
12065,1,6.04
12066,3,6.29
12067,4,33.16
12068,4,8.34
12069,4,28.61
12070,3,7.84
12071,0,6.04
12072,0,6.04
12073,1,6.04
12074,1,6.05
12075,0,6.05
12076,3,6.14
12077,2,6.07
12078,2,6.07
12079,2,6.06
12080,3,6.04
12081,0,6.03
12082,3,6.21
12083,0,6.04
12084,0,6.03
12085,4,6.49
12086,1,6.03
12087,4,9.18
12088,4,7.16
12089,4,8.24
12090,4,6.7
12091,3,6.08
12092,4,6.79
12093,4,13.3
12094,0,6.03
12095,0,6.04
12096,0,6.03
12097,1,6.04
12098,1,6.04
12099,3,6.06
12100,1,6.04
12101,1,6.04
12102,0,6.03
12103,0,6.04
12104,3,6.08
12105,0,6.04
12106,2,6.06
12107,1,6.07
12108,2,6.05
12109,2,6.06
12110,1,6.04
12111,1,6.03
12112,1,6.05
12113,0,6.04
12114,0,6.04
12115,3,6.29
12116,4,7.36
12117,2,6.06
12118,0,6.03
12119,1,6.03
12120,3,7.79
12121,2,6.05
12122,0,6.01
12123,2,6.04
12124,1,6.07
12125,2,6.06
12126,4,8.52
12127,3,6.1
12128,0,6.03
12129,0,6.03
12130,2,6.07
12131,1,6.04
12132,3,7.88
12133,3,6.39
12134,0,6.03
12135,3,6.08
12136,3,6.11
12137,3,6.12
12138,2,6.04
12139,2,6.06
12140,2,6.04
12141,1,6.03
12142,2,6.04
12143,2,6.05
12144,0,6.02
12145,4,13.72
12146,3,6.14
12147,0,6.04
12148,0,6.03
12149,4,6.33
12150,2,6.04
12151,4,10.81
12152,2,6.05
12153,3,6.1
12154,2,6.08
12155,3,6.22
12156,2,6.03
12157,0,6.03
12158,0,6.04
12159,0,6.03
12160,2,6.05
12161,3,6.09
12162,4,10.47
12163,2,6.06
12164,2,6.04
12165,2,6.06
12166,4,7.33
12167,4,9.53
12168,2,6.06
12169,3,6.2
12170,2,6.04
12171,3,6.11
12172,1,6.04
12173,2,6.06
12174,1,6.04
12175,0,6.06
12176,3,6.16
12177,1,6.04
12178,0,6.03
12179,1,6.04
12180,0,6.04
12181,1,6.03
12182,0,6.04
12183,3,6.35
12184,0,6.04
12185,3,6.13
12186,0,6.04
12187,2,6.06
12188,2,6.05
12189,4,12.76
12190,0,6.03
12191,1,6.04
12192,0,6.03
12193,0,6.04
12194,1,6.04
12195,2,6.04
12196,1,6.06
12197,4,10.38
12198,4,9.98
12199,0,6.05
12200,2,6.05
12201,0,6.03
12202,2,6.04
12203,0,6.04
12204,3,6.77
12205,4,7.97
12206,4,7.39
12207,3,6.11
12208,2,6.05
12209,4,14.7
12210,0,6.02
12211,2,6.06
12212,4,25.46
12213,3,6.32
12214,0,6.04
12215,1,6.04
12216,4,9.41
12217,0,6.04
12218,4,8.4
12219,0,6.04
12220,0,6.04
12221,1,6.04
12222,0,6.03
12223,1,6.04
12224,2,6.05
12225,3,6.08
12226,0,6.04
12227,3,6.11
12228,2,6.04
12229,4,8.53
12230,3,6.08
12231,4,9.66
12232,0,6.04
12233,2,6.07
12234,2,6.04
12235,4,16.88
12236,1,6.04
12237,4,14.45
12238,2,6.05
12239,2,6.09
12240,1,6.05
12241,1,6.04
12242,3,6.11
12243,1,6.03
12244,2,6.04
12245,0,6.06
12246,2,6.04
12247,1,6.04
12248,2,6.06
12249,1,6.04
12250,2,6.04
12251,2,6.05
12252,3,6.05
12253,0,6.02
12254,2,6.05
12255,3,6.11
12256,4,8.71
12257,3,6.13
12258,0,6.04
12259,3,6.07
12260,3,6.04
12261,3,6.66
12262,0,6.03
12263,0,6.02
12264,1,6.03
12265,3,6.04
12266,2,6.05
12267,3,6.07
12268,3,6.19
12269,0,6.04
12270,4,8.9
12271,3,6.2
12272,2,6.05
12273,3,6.06
12274,0,6.02
12275,1,6.04
12276,3,6.11
12277,2,6.04
12278,2,6.07
12279,2,6.04
12280,2,6.04
12281,3,6.13
12282,2,6.08
12283,3,6.39
12284,4,9.81
12285,2,6.04
12286,4,7.9
12287,4,18.48
12288,2,6.07
12289,3,6.13
12290,4,6.45
12291,3,6.14
12292,2,6.04
12293,4,35.99
12294,0,6.03
12295,3,6.09
12296,1,6.03
12297,0,6.21
12298,0,6.03
12299,3,6.1
12300,2,6.08
12301,3,6.34
12302,4,18.97
12303,2,6.05
12304,1,6.04
12305,1,6.04
12306,2,6.04
12307,0,6.05
12308,1,6.04
12309,3,6.31
12310,2,6.04
12311,4,7.49
12312,1,6.04
12313,0,6.03
12314,3,6.15
12315,0,6.05
12316,0,6.04
12317,0,6.04
12318,0,6.04
12319,2,6.03
12320,0,6.04
12321,0,6.03
12322,0,6.03
12323,0,6.05
12324,0,6.04
12325,2,6.06
12326,4,7.7
12327,4,7.94
12328,1,6.05
12329,2,6.07
12330,2,6.08
12331,0,6.02
12332,2,6.05
12333,0,6.04
12334,2,6.06
12335,0,6.06
12336,0,6.12
12337,3,6.58
12338,1,6.06
12339,3,6.19
12340,0,6.04
12341,1,6.05
12342,0,6.04
12343,3,6.06
12344,4,7.63
12345,2,6.05
12346,1,6.04
12347,2,6.05
12348,2,6.04
12349,4,15.15
12350,0,6.03
12351,3,6.27
12352,4,9.38
12353,3,6.12
12354,1,6.04
12355,3,6.08
12356,2,7.34
12357,2,6.12
12358,3,8.08
12359,0,6.04
12360,0,6.03
12361,1,6.04
12362,0,6.05
12363,1,6.04
12364,4,12.18
12365,1,6.04
12366,3,6.11
12367,2,6.1
12368,3,6.06
12369,2,6.12
12370,4,13.86
12371,1,6.04
12372,1,6.04
12373,3,6.25
12374,3,6.08
12375,1,6.04
12376,3,6.13
12377,3,6.13
12378,1,6.04
12379,0,6.03
12380,2,6.05
12381,0,6.04
12382,0,6.03
12383,0,6.04
12384,2,6.04
12385,0,6.03
12386,0,6.03
12387,2,6.04
12388,2,6.06
12389,2,6.04
12390,2,6.04
12391,0,6.05
12392,2,6.06
12393,0,6.05
12394,0,6.02
12395,4,17.4
12396,2,6.04
12397,4,35.84
12398,3,6.17
12399,4,11.66
12400,1,6.04
12401,2,6.06
12402,0,6.02
12403,0,6.03
12404,2,6.06
12405,3,6.26
12406,3,6.11
12407,4,6.57
12408,1,6.05
12409,1,6.04
12410,2,6.05
12411,0,6.04
12412,0,6.04
12413,1,6.04
12414,0,6.04
12415,2,6.06
12416,2,6.04
12417,2,6.05
12418,1,6.04
12419,2,6.05
12420,2,6.05
12421,0,6.03
12422,1,6.03
12423,3,6.16
12424,2,6.06
12425,0,6.02
12426,3,6.07
12427,4,8.96
12428,3,6.09
12429,1,6.03
12430,4,9.38
12431,1,6.04
12432,4,35.99
12433,4,6.5
12434,4,7.11
12435,3,6.06
12436,0,6.04
12437,4,7.73
12438,4,6.78
12439,4,8.03
12440,0,6.03
12441,1,6.15
12442,0,6.03
12443,4,13.88
12444,0,6.02
12445,0,6.03
12446,3,6.17
12447,2,6.09
12448,0,6.04
12449,1,6.04
12450,2,6.06
12451,2,6.05
12452,0,6.04
12453,1,6.04
12454,3,6.1
12455,1,6.05
12456,0,6.03
12457,2,6.05
12458,3,6.24
12459,2,6.05
12460,4,11.93
12461,2,6.04
12462,3,6.13
12463,2,6.09
12464,0,6.04
12465,3,6.22
12466,3,6.07
12467,4,20.58
12468,3,6.05
12469,4,8.42
12470,0,6.03
12471,0,6.01
12472,4,9.78
12473,1,6.04
12474,4,8.68
12475,0,6.03
12476,4,9.21
12477,0,6.03
12478,4,6.43
12479,0,6.02
12480,2,6.04
12481,3,6.31
12482,0,6.03
12483,2,6.05
12484,3,6.15
12485,4,10.22
12486,0,6.03
12487,0,6.03
12488,0,6.04
12489,2,6.04
12490,3,6.24
12491,1,6.04
12492,0,6.04
12493,2,6.05
12494,4,15.66
12495,1,6.06
12496,2,6.04
12497,0,6.02
12498,4,9.4
12499,3,6.12
12500,2,6.09
12501,3,6.27
12502,3,6.08
12503,2,6.06
12504,1,6.04
12505,3,6.06
12506,3,6.17
12507,0,6.03
12508,4,7.39
12509,0,6.03
12510,2,6.04
12511,4,7.44
12512,2,6.04
12513,2,6.04
12514,3,6.17
12515,0,6.03
12516,1,6.05
12517,4,9.69
12518,3,6.14
12519,3,6.13
12520,2,6.05
12521,3,6.09
12522,3,6.25
12523,0,6.04
12524,4,8.61
12525,4,7.09
12526,4,6.34
12527,1,6.05
12528,0,6.04
12529,3,6.1
12530,3,6.32
12531,0,6.1
12532,3,6.05
12533,4,8.03
12534,0,6.04
12535,4,6.33
12536,3,8.11
12537,4,8.15
12538,2,6.06
12539,1,6.05
12540,1,6.03
12541,4,19.83
12542,4,9.67
12543,1,6.04
12544,1,6.04
12545,0,6.03
12546,0,6.04
12547,2,6.06
12548,3,6.16
12549,1,6.04
12550,3,6.2
12551,3,6.35
12552,1,6.04
12553,3,6.4
12554,4,35.79
12555,2,6.06
12556,2,6.06
12557,2,6.05
12558,3,6.26
12559,1,6.04
12560,1,6.05
12561,2,6.07
12562,2,6.06
12563,0,6.03
12564,1,6.05
12565,0,6.03
12566,0,6.03
12567,2,6.06
12568,0,6.04
12569,4,16.6
12570,1,6.04
12571,3,6.28
12572,4,7.66
12573,3,6.16
12574,3,6.17
12575,4,8.57
12576,4,20.96
12577,4,15.87
12578,0,6.04
12579,1,6.03
12580,2,6.12
12581,2,6.05
12582,3,6.06
12583,4,6.36
12584,2,6.05
12585,2,6.07
12586,3,6.15
12587,3,6.11
12588,4,6.65
12589,0,6.02
12590,3,6.18
12591,2,6.05
12592,0,6.03
12593,3,6.08
12594,2,6.05
12595,0,6.03
12596,2,6.04
12597,2,6.05
12598,0,6.03
12599,4,7.56
12600,3,6.08
12601,4,6.49
12602,0,6.08
12603,0,6.02
12604,4,7.92
12605,2,6.04
12606,0,6.04
12607,2,6.04
12608,1,6.04
12609,2,6.04
12610,0,6.03
12611,2,6.05
12612,4,11.83
12613,0,6.04
12614,2,6.05
12615,0,6.03
12616,0,6.04
12617,0,6.03
12618,0,6.04
12619,1,6.04
12620,2,6.04
12621,1,6.03
12622,0,6.03
12623,4,34.84
12624,0,6.04
12625,4,6.29
12626,1,6.04
12627,1,6.04
12628,4,6.34
12629,3,6.13
12630,3,6.17
12631,3,6.34
12632,3,6.08
12633,2,6.05
12634,1,6.04
12635,1,6.05
12636,1,6.04
12637,2,6.04
12638,1,6.04
12639,2,6.05
12640,4,6.94
12641,1,6.04
12642,0,6.03
12643,2,6.1
12644,4,35.74
12645,0,6.03
12646,0,6.04
12647,2,6.04
12648,4,7.76
12649,0,6.04
12650,1,6.04
12651,1,6.03
12652,4,10.05
12653,1,6.04
12654,0,6.04
12655,0,6.04
12656,2,6.06
12657,3,6.25
12658,1,6.04
12659,1,6.03
12660,0,6.06
12661,1,6.04
12662,1,6.05
12663,3,6.19
12664,1,6.04
12665,4,9.4
12666,0,6.04
12667,0,6.05
12668,0,6.03
12669,4,6.62
12670,3,6.08
12671,1,6.06
12672,0,6.03
12673,0,6.04
12674,2,6.1
12675,0,6.03
12676,2,6.04
12677,0,6.04
12678,1,6.08
12679,0,6.03
12680,3,6.05
12681,3,6.13
12682,3,6.14
12683,2,6.05
12684,2,6.04
12685,2,6.06
12686,3,6.24
12687,0,6.02
12688,4,29.48
12689,1,6.05
12690,1,6.05
12691,4,6.38
12692,4,7.25
12693,0,6.04
12694,1,6.04
12695,2,6.08
12696,3,6.44
12697,3,6.05
12698,2,6.07
12699,4,7.5
12700,1,6.04
12701,1,6.04
12702,4,14.74
12703,4,35.58
12704,4,7.41
12705,0,6.03
12706,0,6.05
12707,2,6.08
12708,0,6.03
12709,4,7.21
12710,4,6.35
12711,0,6.04
12712,1,6.06
12713,2,6.04
12714,4,6.41
12715,2,6.04
12716,1,6.04
12717,3,6.12
12718,2,6.06
12719,4,11.94
12720,0,6.04
12721,4,6.76
12722,2,6.05
12723,0,6.03
12724,2,6.15
12725,4,8.96
12726,4,7.03
12727,3,6.13
12728,3,6.2
12729,4,6.73
12730,2,6.09
12731,1,6.04
12732,4,35.74
12733,2,6.04
12734,3,6.08
12735,4,6.27
12736,1,6.05
12737,3,6.13
12738,1,6.05
12739,4,17.95
12740,2,6.04
12741,1,6.04
12742,4,6.54
12743,3,8.74
12744,2,6.05
12745,0,6.04
12746,2,6.17
12747,4,7.23
12748,4,6.61
12749,2,6.05
12750,1,6.04
12751,1,6.05
12752,4,11.27
12753,0,6.03
12754,4,10.8
12755,4,11.47
12756,2,6.07
12757,3,6.05
12758,4,7.23
12759,3,6.1
12760,4,8.02
12761,4,7.51
12762,0,6.04
12763,0,6.03
12764,2,6.11
12765,2,6.05
12766,2,6.04
12767,4,35.46
12768,1,6.04
12769,0,6.04
12770,1,6.04
12771,2,6.09
12772,3,6.23
12773,1,6.06
12774,1,6.03
12775,2,6.06
12776,1,6.04
12777,3,6.12
12778,4,13.43
12779,3,6.19
12780,0,6.04
12781,3,6.58
12782,4,12.02
12783,1,6.05
12784,0,6.03
12785,3,6.34
12786,0,6.03
12787,4,6.98
12788,4,28.85
12789,0,6.03
12790,1,6.05
12791,2,6.06
12792,4,10.51
12793,2,6.11
12794,4,7.47
12795,2,6.11
12796,4,8.04
12797,4,12.27
12798,4,6.97
12799,0,6.03
12800,3,6.15
12801,3,6.16
12802,1,6.04
12803,2,6.06
12804,2,6.03
12805,3,6.09
12806,3,6.14
12807,3,6.06
12808,3,6.45
12809,2,6.11
12810,0,6.04
12811,1,6.04
12812,1,6.04
12813,3,6.88
12814,4,6.33
12815,3,6.06
12816,1,6.06
12817,3,6.14
12818,1,6.07
12819,1,6.04
12820,4,7.9
12821,2,6.05
12822,0,6.03
12823,0,6.03
12824,3,6.5
12825,2,6.04
12826,3,6.75
12827,2,6.1
12828,2,6.08
12829,2,6.06
12830,2,6.1
12831,0,6.04
12832,3,6.06
12833,3,6.06
12834,3,6.29
12835,0,6.03
12836,1,6.04
12837,4,9.8
12838,4,15.63
12839,4,17.92
12840,3,6.1
12841,0,6.03
12842,2,6.05
12843,2,6.06
12844,3,6.07
12845,0,6.04
12846,2,6.03
12847,1,6.04
12848,3,6.08
12849,1,6.04
12850,4,11.54
12851,2,6.09
12852,0,6.04
12853,2,6.04
12854,4,6.64
12855,4,8.56
12856,2,6.05
12857,0,6.08
12858,1,6.04
12859,1,6.04
12860,1,6.05
12861,2,6.07
12862,0,6.03
12863,1,6.04
12864,3,6.05
12865,3,6.18
12866,2,6.05
12867,1,6.05
12868,2,6.05
12869,1,6.03
12870,0,6.06
12871,2,6.06
12872,3,6.07
12873,4,6.46
12874,1,6.04
12875,0,6.03
12876,3,6.58
12877,3,7.43
12878,1,6.04
12879,1,6.04
12880,2,6.1
12881,4,9.14
12882,0,6.04
12883,0,6.03
12884,3,6.14
12885,2,6.05
12886,0,6.09
12887,4,6.76
12888,2,6.09
12889,1,6.05
12890,3,6.11
12891,2,6.05
12892,0,6.04
12893,0,6.07
12894,1,6.04
12895,3,6.09
12896,0,6.04
12897,3,6.06
12898,3,6.07
12899,0,6.04
12900,1,6.05
12901,0,6.04
12902,2,6.04
12903,4,7.55
12904,2,6.03
12905,4,10.68
12906,4,6.59
12907,0,6.04
12908,4,11.18
12909,3,6.3
12910,0,6.03
12911,4,8.98
12912,4,26.45
12913,2,6.05
12914,2,6.07
12915,1,6.06
12916,0,6.04
12917,3,6.2
12918,0,6.03
12919,1,6.04
12920,2,6.04
12921,1,6.04
12922,2,6.03
12923,3,6.07
12924,3,6.08
12925,4,10.49
12926,0,6.04
12927,0,6.04
12928,0,6.03
12929,2,6.06
12930,2,6.06
12931,0,6.05
12932,2,6.09
12933,0,6.03
12934,4,10.82
12935,1,6.04
12936,1,6.05
12937,4,6.99
12938,0,6.02
12939,0,6.04
12940,2,6.04
12941,3,6.17
12942,0,6.04
12943,4,11.74
12944,2,6.05
12945,0,6.04
12946,2,6.04
12947,4,12.16
12948,0,6.03
12949,1,6.04
12950,2,6.07
12951,3,6.09
12952,4,7.42
12953,4,29.68
12954,3,6.31
12955,4,6.72
12956,3,6.36
12957,4,11.09
12958,3,6.1
12959,3,6.11
12960,4,9.0
12961,2,6.09
12962,4,7.48
12963,4,10.56
12964,2,6.04
12965,4,29.82
12966,2,6.06
12967,0,6.04
12968,3,6.11
12969,3,6.25
12970,4,34.74
12971,1,6.05
12972,3,6.09
12973,2,6.06
12974,4,6.57
12975,2,6.05
12976,4,6.85
12977,4,8.79
12978,1,6.04
12979,2,6.04
12980,2,6.03
12981,0,6.03
12982,1,6.04
12983,3,7.86
12984,4,6.76
12985,1,6.04
12986,3,6.06
12987,4,22.81
12988,2,6.04
12989,0,6.03
12990,3,6.53
12991,0,6.03
12992,4,9.28
12993,4,6.48
12994,4,21.64
12995,1,6.04
12996,0,6.03
12997,1,6.04
12998,2,6.07
12999,2,6.04
13000,1,6.04
13001,4,13.52
13002,3,6.07
13003,2,6.07
13004,4,11.13
13005,0,6.03
13006,1,6.05
13007,3,6.11
13008,3,6.31
13009,1,6.04
13010,2,6.08
13011,1,6.04
13012,1,6.03
13013,3,6.05
13014,0,6.03
13015,3,6.11
13016,3,6.07
13017,4,9.22
13018,1,6.05
13019,3,6.09
13020,4,6.36
13021,2,6.05
13022,0,6.04
13023,0,6.04
13024,2,6.05
13025,0,6.03
13026,2,6.08
13027,1,6.05
13028,1,6.05
13029,1,6.04
13030,4,35.99
13031,0,6.03
13032,0,6.02
13033,4,12.37
13034,1,6.04
13035,1,6.05
13036,4,11.86
13037,0,6.03
13038,3,6.13
13039,4,6.38
13040,1,6.04
13041,3,6.11
13042,4,10.52
13043,2,6.05
13044,4,27.15
13045,1,6.03
13046,0,6.03
13047,0,6.03
13048,1,6.04
13049,0,6.04
13050,1,6.04
13051,2,6.04
13052,3,6.42
13053,2,6.08
13054,4,6.54
13055,4,10.85
13056,3,6.08
13057,4,27.9
13058,3,6.2
13059,1,6.08
13060,0,6.04
13061,2,6.05
13062,2,6.05
13063,2,6.03
13064,4,8.93
13065,4,8.93
13066,3,6.11
13067,0,6.03
13068,0,6.08
13069,1,6.05
13070,3,6.1
13071,0,6.04
13072,4,19.62
13073,4,9.31
13074,4,7.69
13075,2,6.08
13076,1,6.04
13077,1,6.04
13078,4,8.11
13079,1,6.05
13080,3,6.13
13081,2,6.06
13082,3,6.07
13083,1,6.05
13084,3,6.22
13085,3,6.04
13086,1,6.03
13087,2,6.05
13088,2,6.07
13089,1,6.03
13090,0,6.03
13091,3,6.31
13092,4,8.66
13093,2,6.05
13094,4,13.2
13095,3,6.08
13096,4,6.74
13097,1,6.03
13098,1,6.06
13099,3,6.28
13100,4,7.24
13101,2,6.04
13102,0,6.03
13103,4,7.09
13104,3,6.24
13105,2,6.06
13106,0,6.04
13107,4,6.61
13108,3,6.06
13109,2,6.06
13110,2,6.04
13111,2,6.15
13112,2,6.04
13113,0,6.08
13114,4,7.17
13115,0,6.03
13116,3,6.29
13117,4,10.35
13118,0,6.03
13119,3,6.04
13120,4,6.52
13121,2,6.06
13122,3,6.26
13123,3,6.14
13124,2,6.07
13125,1,6.04
13126,4,6.67
13127,2,6.05
13128,4,11.31
13129,3,6.11
13130,4,6.56
13131,4,22.54
13132,1,6.05
13133,0,6.03
13134,0,6.04
13135,3,6.1
13136,1,6.05
13137,0,6.04
13138,0,6.03
13139,0,6.03
13140,3,6.14
13141,2,6.04
13142,4,7.39
13143,1,6.04
13144,1,6.04
13145,0,6.05
13146,4,7.18
13147,1,6.04
13148,2,6.07
13149,1,6.11
13150,2,6.05
13151,4,7.97
13152,4,6.36
13153,3,6.07
13154,2,6.06
13155,4,7.62
13156,0,6.01
13157,4,8.28
13158,3,6.16
13159,4,7.21
13160,0,6.04
13161,0,6.04
13162,3,6.34
13163,4,7.72
13164,0,6.04
13165,2,6.04
13166,3,6.09
13167,3,6.44
13168,4,8.39
13169,0,6.03
13170,1,6.04
13171,2,6.06
13172,3,6.46
13173,3,6.05
13174,4,6.19
13175,3,7.24
13176,0,6.04
13177,3,6.24
13178,1,6.04
13179,2,6.04
13180,2,6.17
13181,4,6.95
13182,1,6.2
13183,1,6.05
13184,2,6.08
13185,3,6.13
13186,2,6.04
13187,2,6.11
13188,0,6.03
13189,4,7.36
13190,1,6.09
13191,0,6.03
13192,4,6.98
13193,0,6.03
13194,0,6.04
13195,0,6.03
13196,1,6.02
13197,0,6.05
13198,1,6.04
13199,0,6.04
13200,4,6.42
13201,3,6.07
13202,1,6.06
13203,4,7.96
13204,1,6.03
13205,1,6.04
13206,4,7.54
13207,2,6.06
13208,2,6.04
13209,1,6.04
13210,2,6.04
13211,1,6.07
13212,1,6.04
13213,4,19.14
13214,3,6.05
13215,4,8.03
13216,0,6.03
13217,3,6.13
13218,4,6.35
13219,3,6.09
13220,2,6.19
13221,0,6.03
13222,3,6.29
13223,1,6.04
13224,1,6.03
13225,4,8.24
13226,3,6.19
13227,4,6.62
13228,0,6.03
13229,0,6.03
13230,4,6.72
13231,2,6.04
13232,0,6.04
13233,4,6.79
13234,1,6.04
13235,2,6.08
13236,4,8.82
13237,4,12.1
13238,2,6.07
13239,2,6.11
13240,1,6.04
13241,0,6.04
13242,2,6.04
13243,0,6.03
13244,0,6.04
13245,2,6.21
13246,2,6.06
13247,4,7.64
13248,3,6.13
13249,1,6.05
13250,2,6.04
13251,1,6.04
13252,4,6.46
13253,3,6.16
13254,0,6.02
13255,1,6.04
13256,4,6.42
13257,3,6.07
13258,4,7.73
13259,1,6.05
13260,0,6.05
13261,3,6.5
13262,2,6.05
13263,1,6.05
13264,1,6.03
13265,4,14.12
13266,1,6.05
13267,0,6.04
13268,2,6.05
13269,3,6.04
13270,2,6.05
13271,1,6.04
13272,3,6.11
13273,4,9.82
13274,2,6.05
13275,0,6.04
13276,2,6.04
13277,1,6.04
13278,4,35.99
13279,2,6.04
13280,1,6.04
13281,4,11.45
13282,2,6.06
13283,1,6.06
13284,1,6.05
13285,4,6.47
13286,0,6.05
13287,2,6.04
13288,1,6.04
13289,2,6.05
13290,4,34.26
13291,1,6.05
13292,1,6.06
13293,4,8.27
13294,4,15.1
13295,0,6.03
13296,4,6.31
13297,4,6.46
13298,2,6.18
13299,4,6.53
13300,3,6.24
13301,4,10.65
13302,3,6.14
13303,1,6.04
13304,0,6.03
13305,2,6.1
13306,2,6.05
13307,4,10.41
13308,0,6.04
13309,3,6.08
13310,3,6.1
13311,3,8.44
13312,0,6.03
13313,2,6.04
13314,2,6.04
13315,1,6.04
13316,1,6.04
13317,0,6.02
13318,3,6.18
13319,1,6.05
13320,4,6.64
13321,4,7.26
13322,1,6.06
13323,2,6.05
13324,2,6.07
13325,3,6.29
13326,1,6.05
13327,3,6.17
13328,3,6.4
13329,2,6.07
13330,4,10.2
13331,2,6.04
13332,3,6.22
13333,3,6.11
13334,3,6.08
13335,3,6.06
13336,1,6.04
13337,3,6.06
13338,1,6.04
13339,0,6.06
13340,0,6.06
13341,2,6.05
13342,4,8.69
13343,0,6.03
13344,0,6.03
13345,4,8.27
13346,4,6.39
13347,1,6.05
13348,3,6.08
13349,4,7.15
13350,2,6.07
13351,3,6.46
13352,0,6.05
13353,0,6.03
13354,0,6.03
13355,2,6.05
13356,4,6.35
13357,0,6.04
13358,1,6.03
13359,2,6.04
13360,3,6.09
13361,3,6.22
13362,4,8.61
13363,0,6.02
13364,2,6.07
13365,3,6.13
13366,2,6.04
13367,1,6.04
13368,3,6.28
13369,4,7.54
13370,2,6.07
13371,4,7.91
13372,2,6.05
13373,1,6.04
13374,2,6.05
13375,3,6.16
13376,3,6.06
13377,3,7.63
13378,0,6.06
13379,1,6.03
13380,2,6.04
13381,4,7.31
13382,4,7.23
13383,4,18.79
13384,0,6.03
13385,1,6.04
13386,3,6.17
13387,0,6.04
13388,4,6.25
13389,3,6.16
13390,2,6.04
13391,4,20.49
13392,4,35.17
13393,4,7.83
13394,4,6.25
13395,4,12.17
13396,0,6.03
13397,4,10.78
13398,1,6.05
13399,1,6.04
13400,3,6.27
13401,3,6.45
13402,3,6.89
13403,1,6.04
13404,1,6.04
13405,3,6.19
13406,3,6.12
13407,0,6.02
13408,2,6.06
13409,2,6.06
13410,2,6.14
13411,2,6.04
13412,0,6.04
13413,3,6.1
13414,2,6.05
13415,1,6.04
13416,2,6.09
13417,1,6.04
13418,0,6.03
13419,2,6.06
13420,4,14.62
13421,0,6.04
13422,4,11.92
13423,2,6.08
13424,1,6.04
13425,4,6.84
13426,1,6.04
13427,2,6.07
13428,1,6.04
13429,1,6.04
13430,3,6.29
13431,1,6.04
13432,2,6.06
13433,4,6.38
13434,0,6.03
13435,1,6.04
13436,1,6.04
13437,1,6.04
13438,0,6.03
13439,1,6.05
13440,4,8.15
13441,4,10.65
13442,2,6.04
13443,0,6.1
13444,3,6.13
13445,4,16.17
13446,1,6.03
13447,1,6.05
13448,3,6.1
13449,0,6.03
13450,1,6.04
13451,4,8.15
13452,0,6.03
13453,3,6.2
13454,4,6.64
13455,3,6.05
13456,4,35.99
13457,4,7.56
13458,3,6.1
13459,3,6.22
13460,3,6.31
13461,0,6.04
13462,2,6.06
13463,1,6.04
13464,3,6.08
13465,1,6.04
13466,1,6.04
13467,4,13.73
13468,0,6.03
13469,0,6.02
13470,3,6.05
13471,2,6.06
13472,0,6.03
13473,0,6.05
13474,0,6.04
13475,3,6.07
13476,0,6.03
13477,4,35.99
13478,0,6.03
13479,3,6.13
13480,2,6.08
13481,1,6.03
13482,0,6.03
13483,3,6.06
13484,0,6.02
13485,1,6.06
13486,0,6.05
13487,0,6.03
13488,0,6.01
13489,2,6.09
13490,3,6.2
13491,3,6.27
13492,4,6.38
13493,4,9.6
13494,0,6.04
13495,3,6.05
13496,0,6.02
13497,2,6.04
13498,3,6.05
13499,1,6.04
13500,3,6.19
13501,4,6.98
13502,1,6.03
13503,0,6.04
13504,2,6.03
13505,0,6.03
13506,1,6.04
13507,0,6.04
13508,2,6.04
13509,1,6.03
13510,4,7.77
13511,3,6.07
13512,0,6.04
13513,0,6.05
13514,1,6.04
13515,2,6.08
13516,2,6.05
13517,3,6.05
13518,0,6.02
13519,4,6.74
13520,0,6.04
13521,3,6.12
13522,0,6.04
13523,1,6.03
13524,0,6.03
13525,2,6.07
13526,4,7.44
13527,1,6.04
13528,1,6.15
13529,4,8.84
13530,4,6.75
13531,4,6.26
13532,4,9.58
13533,2,6.08
13534,1,6.09
13535,2,6.03
13536,4,6.59
13537,1,6.05
13538,2,6.05
13539,1,6.03
13540,2,6.05
13541,3,6.36
13542,2,6.04
13543,0,6.04
13544,3,6.09
13545,2,6.09
13546,3,6.34
13547,4,9.33
13548,2,6.05
13549,4,6.9
13550,2,6.09
13551,0,6.04
13552,0,6.04
13553,1,6.04
13554,0,6.02
13555,3,6.08
13556,1,6.04
13557,2,6.05
13558,0,6.04
13559,1,6.03
13560,2,6.04
13561,2,6.09
13562,3,6.14
13563,3,6.18
13564,0,6.05
13565,2,6.07
13566,1,6.05
13567,0,6.04
13568,0,6.04
13569,2,6.06
13570,3,6.22
13571,2,6.05
13572,4,7.58
13573,4,10.44
13574,4,8.07
13575,1,6.04
13576,3,8.79
13577,0,6.04
13578,2,6.04
13579,3,6.14
13580,1,6.05
13581,0,6.04
13582,1,6.05
13583,1,6.04
13584,4,6.34
13585,3,6.98
13586,4,6.42
13587,2,6.04
13588,1,6.04
13589,0,6.05
13590,3,6.29
13591,1,6.04
13592,2,6.06
13593,1,6.04
13594,3,6.1
13595,3,6.06
13596,1,6.05
13597,1,6.05
13598,0,6.03
13599,2,6.04
13600,0,6.09
13601,4,12.24
13602,0,6.07
13603,0,6.04
13604,2,6.04
13605,3,6.29
13606,4,6.71
13607,0,6.04
13608,4,8.27
13609,3,6.05
13610,2,6.07
13611,4,7.9
13612,2,6.09
13613,4,8.35
13614,1,6.03
13615,4,6.57
13616,1,6.05
13617,3,6.18
13618,1,6.05
13619,3,6.15
13620,1,6.03
13621,1,6.04
13622,0,6.03
13623,4,8.03
13624,0,6.04
13625,4,7.15
13626,0,6.03
13627,4,28.9
13628,3,6.29
13629,3,6.05
13630,4,12.4
13631,0,6.03
13632,0,6.03
13633,0,6.03
13634,0,6.05
13635,1,6.03
13636,0,6.02
13637,2,6.05
13638,1,6.05
13639,3,6.08
13640,4,25.69
13641,1,6.04
13642,1,6.05
13643,0,6.06
13644,3,6.03
13645,4,13.2
13646,3,6.13
13647,4,6.33
13648,3,6.1
13649,4,6.65
13650,1,6.04
13651,4,6.51
13652,0,6.04
13653,3,6.42
13654,3,6.1
13655,1,6.05
13656,3,7.72
13657,2,6.1
13658,2,6.08
13659,3,6.09
13660,2,6.05
13661,2,6.06
13662,4,35.27
13663,1,6.05
13664,0,6.05
13665,4,14.39
13666,0,6.03
13667,0,6.05
13668,1,6.04
13669,1,6.04
13670,3,6.2
13671,3,6.18
13672,0,6.05
13673,4,10.68
13674,3,6.49
13675,1,6.04
13676,0,6.03
13677,0,6.04
13678,3,6.05
13679,3,6.04
13680,3,6.15
13681,1,6.03
13682,3,6.13
13683,2,6.1
13684,2,6.04
13685,3,6.24
13686,3,6.08
13687,1,6.04
13688,4,7.07
13689,4,19.17
13690,3,6.09
13691,3,6.23
13692,1,6.04
13693,2,6.04
13694,0,6.04
13695,0,6.02
13696,0,6.04
13697,2,6.04
13698,3,6.07
13699,0,6.02
13700,0,6.03
13701,0,6.02
13702,2,6.04
13703,3,6.21
13704,1,6.04
13705,3,6.17
13706,2,6.05
13707,4,7.59
13708,0,6.05
13709,1,6.19
13710,2,6.04
13711,0,6.02
13712,1,6.03
13713,0,6.04
13714,3,6.25
13715,1,6.04
13716,3,6.05
13717,1,6.05
13718,0,6.03
13719,3,6.1
13720,1,6.05
13721,1,6.04
13722,2,6.04
13723,1,6.07
13724,1,6.04
13725,2,6.15
13726,3,6.54
13727,1,6.04
13728,0,6.03
13729,1,6.04
13730,0,6.04
13731,0,6.04
13732,3,6.11
13733,0,6.03
13734,0,6.04
13735,3,6.05
13736,1,6.07
13737,3,6.13
13738,3,6.29
13739,4,6.57
13740,1,6.04
13741,1,6.04
13742,4,7.13
13743,4,35.99
13744,4,17.06
13745,2,6.09
13746,3,6.13
13747,2,6.05
13748,4,16.01
13749,4,7.58
13750,1,6.03
13751,1,6.04
13752,1,6.05
13753,2,6.06
13754,2,6.06
13755,1,6.04
13756,0,6.03
13757,0,6.03
13758,0,6.03
13759,1,6.04
13760,2,6.05
13761,2,6.04
13762,3,6.14
13763,0,6.03
13764,4,8.05
13765,2,6.05
13766,2,6.04
13767,2,6.04
13768,4,18.71
13769,3,6.08
13770,1,6.03
13771,0,6.03
13772,3,6.51
13773,1,6.06
13774,2,6.12
13775,2,6.04
13776,1,6.14
13777,4,12.97
13778,4,9.91
13779,4,35.99
13780,1,6.04
13781,4,7.95
13782,0,6.04
13783,1,6.04
13784,2,6.07
13785,3,6.06
13786,0,6.04
13787,2,6.04
13788,3,6.1
13789,1,6.05
13790,1,6.05
13791,3,6.09
13792,1,6.04
13793,2,6.13
13794,3,6.35
13795,1,6.04
13796,0,6.05
13797,2,6.04
13798,2,6.05
13799,3,6.27
13800,1,6.04
13801,3,6.06
13802,1,6.05
13803,2,6.06
13804,0,6.04
13805,0,6.03
13806,0,6.03
13807,4,7.87
13808,4,23.28
13809,1,6.04
13810,1,6.04
13811,3,6.09
13812,2,6.05
13813,3,6.25
13814,4,8.58
13815,1,6.04
13816,4,11.71
13817,4,27.54
13818,2,6.04
13819,0,6.04
13820,2,6.06
13821,3,6.13
13822,0,6.04
13823,2,6.1
13824,1,6.04
13825,3,6.25
13826,4,7.15
13827,3,6.14
13828,0,6.04
13829,4,6.65
13830,2,6.04
13831,2,6.11
13832,2,6.05
13833,4,7.09
13834,2,6.03
13835,0,6.04
13836,2,6.04
13837,2,6.04
13838,4,34.27
13839,4,11.82
13840,2,6.05
13841,2,6.05
13842,1,6.04
13843,1,6.07
13844,3,6.12
13845,4,11.83
13846,1,6.08
13847,2,6.05
13848,0,6.05
13849,4,10.7
13850,3,6.08
13851,1,6.06
13852,4,10.5
13853,0,6.03
13854,0,6.04
13855,4,7.28
13856,1,6.04
13857,0,6.03
13858,0,6.08
13859,2,6.04
13860,3,6.27
13861,0,6.04
13862,2,6.04
13863,1,6.04
13864,2,6.09
13865,2,6.04
13866,3,8.05
13867,2,6.04
13868,0,6.02
13869,1,6.04
13870,4,7.59
13871,1,6.04
13872,4,10.13
13873,1,6.03
13874,3,6.11
13875,2,6.07
13876,4,6.33
13877,4,11.68
13878,4,6.78
13879,2,6.05
13880,3,6.34
13881,2,6.21
13882,3,6.1
13883,3,6.26
13884,4,9.62
13885,3,6.15
13886,1,6.05
13887,0,6.02
13888,0,6.03
13889,0,6.04
13890,3,6.12
13891,2,6.05
13892,1,6.04
13893,0,6.04
13894,3,6.16
13895,4,7.38
13896,4,8.29
13897,4,6.42
13898,1,6.05
13899,2,6.05
13900,3,6.1
13901,3,6.17
13902,3,6.29
13903,2,6.06
13904,1,6.05
13905,4,9.16
13906,0,6.08
13907,4,7.77
13908,2,6.05
13909,4,6.26
13910,2,6.05
13911,1,6.04
13912,0,6.04
13913,3,6.05
13914,4,6.88
13915,2,6.11
13916,3,6.23
13917,0,6.03
13918,0,6.05
13919,3,6.15
13920,1,6.04
13921,3,6.07
13922,1,6.04
13923,4,16.61
13924,4,20.87
13925,3,6.13
13926,1,6.05
13927,1,6.04
13928,3,6.43
13929,0,6.03
13930,0,6.03
13931,4,7.42
13932,1,6.06
13933,2,6.07
13934,2,6.05
13935,0,6.03
13936,1,6.03
13937,4,7.26
13938,1,6.04
13939,0,6.03
13940,3,6.08
13941,3,6.27
13942,4,8.31
13943,0,6.03
13944,0,6.04
13945,1,6.05
13946,1,6.04
13947,4,7.19
13948,2,6.05
13949,3,6.3
13950,4,8.76
13951,3,6.19
13952,0,6.03
13953,3,6.09
13954,4,6.46
13955,3,6.09
13956,3,6.1
13957,0,6.03
13958,4,6.32
13959,1,6.06
13960,2,6.04
13961,4,8.81
13962,4,8.13
13963,0,6.05
13964,2,6.06
13965,0,6.01
13966,0,6.07
13967,2,6.04
13968,4,8.6
13969,3,6.08
13970,2,6.05
13971,3,6.26
13972,3,6.13
13973,2,6.04
13974,3,6.22
13975,4,10.36
13976,4,7.17
13977,4,7.06
13978,2,6.04
13979,3,6.06
13980,1,6.03
13981,0,6.04
13982,2,6.04
13983,0,6.08
13984,2,6.04
13985,2,6.05
13986,2,6.07
13987,4,9.47
13988,1,6.04
13989,2,6.07
13990,1,6.03
13991,1,6.04
13992,4,6.35
13993,4,6.95
13994,1,6.04
13995,0,6.04
13996,4,8.74
13997,4,10.57
13998,4,9.84
13999,4,19.16
14000,4,35.99
14001,2,6.07
14002,4,17.42
14003,2,6.05
14004,1,6.04
14005,1,6.03
14006,2,6.06
14007,4,7.8
14008,3,6.18
14009,3,6.24
14010,2,6.1
14011,2,6.06
14012,2,6.03
14013,4,13.89
14014,0,6.04
14015,1,6.04
14016,3,6.21
14017,1,6.03
14018,4,8.92
14019,1,6.04
14020,3,6.45
14021,0,6.03
14022,1,6.08
14023,3,6.15
14024,0,6.03
14025,1,6.11
14026,1,6.03
14027,2,6.04
14028,1,6.04
14029,3,6.08
14030,3,6.23
14031,2,6.04
14032,1,6.04
14033,3,6.06
14034,4,6.41
14035,3,6.43
14036,1,6.05
14037,2,6.05
14038,0,6.04
14039,0,6.03
14040,2,6.04
14041,0,6.04
14042,3,6.06
14043,3,6.19
14044,3,6.05
14045,4,8.45
14046,0,6.02
14047,0,6.03
14048,4,13.56
14049,2,6.04
14050,2,6.07
14051,4,11.39
14052,3,6.22
14053,2,6.04
14054,4,6.4
14055,3,6.16
14056,1,6.05
14057,4,9.12
14058,3,8.89
14059,3,6.05
14060,2,6.04
14061,2,6.04
14062,1,6.04
14063,2,6.04
14064,4,8.12
14065,4,7.29
14066,0,6.04
14067,3,6.05
14068,0,6.02
14069,1,6.04
14070,4,8.85
14071,4,8.27
14072,3,6.09
14073,0,6.02
14074,0,6.05
14075,1,6.04
14076,0,6.04
14077,2,6.05
14078,2,6.05
14079,3,8.79
14080,4,7.79
14081,4,21.12
14082,4,6.77
14083,1,6.04
14084,4,30.35
14085,4,7.3
14086,2,6.06
14087,4,7.67
14088,4,10.59
14089,0,6.03
14090,0,6.03
14091,0,6.04
14092,4,14.7
14093,2,6.09
14094,1,6.05
14095,2,6.05
14096,0,6.03
14097,0,6.03
14098,4,7.28
14099,1,6.04
14100,2,6.11
14101,1,6.04
14102,1,6.03
14103,3,6.14
14104,2,6.04
14105,2,6.05
14106,2,6.07
14107,2,6.04
14108,3,6.35
14109,4,14.85
14110,3,6.56
14111,3,6.29
14112,4,14.73
14113,4,6.78
14114,3,6.06
14115,2,6.08
14116,0,6.04
14117,4,6.42
14118,0,6.04
14119,1,6.04
14120,2,6.1
14121,0,6.05
14122,4,7.08
14123,3,6.18
14124,4,7.62
14125,4,6.85
14126,3,6.12
14127,4,6.37
14128,1,6.04
14129,4,8.16
14130,2,6.07
14131,0,6.04
14132,4,6.28
14133,3,6.08
14134,3,6.21
14135,3,6.28
14136,1,6.05
14137,2,6.06
14138,0,6.03
14139,2,6.04
14140,2,6.07
14141,3,6.24
14142,2,6.05
14143,3,6.06
14144,2,6.06
14145,1,6.05
14146,0,6.03
14147,0,6.02
14148,2,6.07
14149,1,6.04
14150,1,6.03
14151,1,6.04
14152,2,6.04
14153,4,7.98
14154,4,9.53
14155,0,6.04
14156,1,6.05
14157,1,6.04
14158,3,8.72
14159,2,6.06
14160,4,6.43
14161,4,10.73
14162,3,6.07
14163,3,6.06
14164,0,6.03
14165,4,10.73
14166,4,10.28
14167,4,6.92
14168,0,6.04
14169,0,6.09
14170,0,6.04
14171,1,6.06
14172,1,6.04
14173,3,6.09
14174,1,6.04
14175,2,6.06
14176,4,7.58
14177,2,6.05
14178,4,7.02
14179,0,6.04
14180,1,6.04
14181,2,6.11
14182,3,6.15
14183,2,6.04
14184,3,6.06
14185,2,6.06
14186,2,6.06
14187,4,6.32
14188,4,32.99
14189,2,6.04
14190,4,9.65
14191,0,6.04
14192,1,6.04
14193,0,6.04
14194,0,6.05
14195,2,6.06
14196,4,10.13
14197,0,6.04
14198,2,6.04
14199,1,6.05
14200,4,7.52
14201,2,6.04
14202,0,6.04
14203,2,6.05
14204,2,6.15
14205,2,6.05
14206,3,6.04
14207,4,6.46
14208,3,6.05
14209,4,9.8
14210,2,6.1
14211,3,6.35
14212,0,6.02
14213,4,7.34
14214,0,6.04
14215,4,35.73
14216,0,6.03
14217,1,6.04
14218,2,6.04
14219,3,6.15
14220,2,6.09
14221,0,6.04
14222,2,6.06
14223,4,15.68
14224,3,6.14
14225,3,6.04
14226,2,6.06
14227,0,6.04
14228,4,10.57
14229,3,6.32
14230,2,6.07
14231,2,6.04
14232,4,13.82
14233,4,35.04
14234,4,11.64
14235,1,6.04
14236,2,6.04
14237,0,6.03
14238,3,6.21
14239,1,6.16
14240,4,7.86
14241,0,6.03
14242,1,6.05
14243,1,6.05
14244,2,6.05
14245,2,6.06
14246,2,6.07
14247,0,6.03
14248,3,6.1
14249,3,6.13
14250,0,6.04
14251,3,6.28
14252,3,6.18
14253,3,6.1
14254,4,29.27
14255,3,6.07
14256,1,6.04
14257,0,6.03
14258,3,6.08
14259,0,6.03
14260,4,34.75
14261,3,6.21
14262,0,6.04
14263,0,6.05
14264,2,6.04
14265,0,6.04
14266,0,6.01
14267,3,6.19
14268,4,14.06
14269,2,6.04
14270,4,10.6
14271,2,6.05
14272,1,6.03
14273,4,7.1
14274,4,7.21
14275,1,6.08
14276,2,6.04
14277,2,6.05
14278,0,6.06
14279,4,7.73
14280,3,6.08
14281,3,6.09
14282,4,6.5
14283,2,6.03
14284,4,8.5
14285,0,6.03
14286,1,6.05
14287,0,6.02
14288,4,6.79
14289,1,6.04
14290,4,7.86
14291,0,6.03
14292,1,6.04
14293,2,6.05
14294,4,16.88
14295,0,6.03
14296,2,6.06
14297,1,6.05
14298,1,6.03
14299,4,16.03
14300,0,6.03
14301,4,13.18
14302,3,6.44
14303,1,6.08
14304,1,6.1
14305,3,7.64
14306,2,6.1
14307,1,6.06
14308,3,6.08
14309,3,6.17
14310,1,6.06
14311,2,6.06
14312,4,6.5
14313,1,6.04
14314,4,7.38
14315,3,6.08
14316,4,7.63
14317,1,6.04
14318,2,6.08
14319,1,6.04
14320,4,29.6
14321,1,6.04
14322,2,6.06
14323,4,9.1
14324,0,6.04
14325,1,6.04
14326,0,6.03
14327,2,6.06
14328,1,6.04
14329,1,6.04
14330,4,13.42
14331,3,6.33
14332,3,6.09
14333,2,6.05
14334,2,6.09
14335,1,6.04
14336,1,6.04
14337,3,6.05
14338,0,6.04
14339,1,6.04
14340,3,6.26
14341,1,6.03
14342,0,6.03
14343,2,6.07
14344,1,6.05
14345,4,6.57
14346,3,6.51
14347,3,6.14
14348,1,6.03
14349,1,6.05
14350,0,6.03
14351,1,6.04
14352,1,6.04
14353,4,9.04
14354,4,7.88
14355,0,6.03
14356,4,11.22
14357,1,6.03
14358,2,6.04
14359,0,6.04
14360,2,6.06
14361,1,6.05
14362,0,6.03
14363,3,6.63
14364,4,10.77
14365,1,6.04
14366,4,7.73
14367,4,15.32
14368,0,6.03
14369,1,6.04
14370,4,6.64
14371,0,6.04
14372,2,6.05
14373,1,6.05
14374,4,8.06
14375,4,35.79
14376,4,7.63
14377,0,6.02
14378,0,6.03
14379,0,6.04
14380,4,11.8
14381,0,6.02
14382,3,6.07
14383,0,6.04
14384,4,6.36
14385,0,6.04
14386,0,6.04
14387,2,6.03
14388,3,6.39
14389,2,6.05
14390,2,6.11
14391,1,6.03
14392,0,6.03
14393,4,7.59
14394,0,6.03
14395,0,6.03
14396,3,6.08
14397,3,6.2
14398,1,6.13
14399,4,6.88
14400,3,6.07
14401,4,10.87
14402,2,6.05
14403,0,6.04
14404,2,6.04
14405,0,6.02
14406,4,8.13
14407,4,7.3
14408,3,7.85
14409,1,6.04
14410,1,6.06
14411,2,6.04
14412,2,6.04
14413,4,8.72
14414,2,6.05
14415,1,6.05
14416,4,6.35
14417,2,6.04
14418,0,6.03
14419,2,6.06
14420,3,6.2
14421,3,6.16
14422,4,8.07
14423,3,6.28
14424,2,6.05
14425,4,7.99
14426,1,6.05
14427,2,6.1
14428,2,6.07
14429,4,8.0
14430,3,6.16
14431,1,6.05
14432,0,6.04
14433,0,6.05
14434,4,9.66
14435,2,6.04
14436,4,7.59
14437,4,35.99
14438,1,6.03
14439,1,6.04
14440,2,6.04
14441,0,6.03
14442,2,6.05
14443,1,6.06
14444,3,6.21
14445,0,6.05
14446,0,6.04
14447,0,6.03
14448,3,6.07
14449,2,6.04
14450,1,6.03
14451,1,6.05
14452,2,6.06
14453,4,6.16
14454,1,6.04
14455,3,6.12
14456,3,6.07
14457,1,6.04
14458,2,6.06
14459,3,6.07
14460,1,6.05
14461,0,6.04
14462,0,6.03
14463,3,6.17
14464,4,7.17
14465,2,6.05
14466,0,6.04
14467,1,6.03
14468,2,6.07
14469,3,6.05
14470,3,6.11
14471,4,7.16
14472,4,7.97
14473,2,6.09
14474,0,6.04
14475,4,34.11
14476,3,6.08
14477,2,6.05
14478,4,8.76
14479,2,6.08
14480,1,6.04
14481,0,6.04
14482,0,6.03
14483,0,6.04
14484,3,6.36
14485,0,6.04
14486,1,6.09
14487,1,6.05
14488,1,6.04
14489,4,23.68
14490,0,6.04
14491,0,6.04
14492,3,6.49
14493,3,6.05
14494,4,7.51
14495,1,6.04
14496,4,33.05
14497,4,6.36
14498,0,6.03
14499,1,6.05
14500,3,6.06
14501,0,6.03
14502,2,6.06
14503,0,6.03
14504,1,6.06
14505,1,6.05
14506,1,6.06
14507,0,6.04
14508,4,7.81
14509,3,6.17
14510,2,6.04
14511,3,6.32
14512,1,6.04
14513,4,10.16
14514,0,6.05
14515,2,6.13
14516,4,6.34
14517,2,6.08
14518,1,6.05
14519,2,6.09
14520,2,6.04
14521,2,6.05
14522,2,6.04
14523,1,6.04
14524,2,6.05
14525,1,6.05
14526,2,6.1
14527,0,6.04
14528,3,6.12
14529,1,6.05
14530,1,6.04
14531,4,6.57
14532,0,6.03
14533,3,6.05
14534,2,6.06
14535,0,6.03
14536,2,6.04
14537,1,6.04
14538,1,6.05
14539,0,6.04
14540,0,6.04
14541,0,6.02
14542,0,6.03
14543,2,6.06
14544,3,6.24
14545,4,8.89
14546,3,6.17
14547,3,6.14
14548,4,13.15
14549,3,6.23
14550,1,6.05
14551,2,6.05
14552,2,6.04
14553,4,7.51
14554,0,6.05
14555,0,6.02
14556,4,13.17
14557,4,6.5
14558,4,7.24
14559,4,11.8
14560,2,6.05
14561,2,6.05
14562,4,6.39
14563,1,6.06
14564,3,7.28
14565,0,6.02
14566,1,6.04
14567,2,6.09
14568,4,11.88
14569,2,6.05
14570,4,9.85
14571,4,7.28
14572,0,6.02
14573,3,6.07
14574,0,6.04
14575,4,8.28
14576,4,8.78
14577,2,6.07
14578,3,6.24
14579,4,6.45
14580,1,6.04
14581,2,6.09
14582,0,6.04
14583,4,7.68
14584,0,6.06
14585,3,6.08
14586,4,19.0
14587,1,6.03
14588,3,6.09
14589,2,6.07
14590,1,6.04
14591,3,6.18
14592,2,6.08
14593,2,6.04
14594,4,11.84
14595,3,6.07
14596,2,6.04
14597,1,6.04
14598,3,6.09
14599,4,18.48
14600,1,6.04
14601,0,6.04
14602,0,6.14
14603,4,11.1
14604,0,6.03
14605,0,6.12
14606,3,6.39
14607,3,6.16
14608,0,6.03
14609,0,6.03
14610,0,6.03
14611,2,6.04
14612,1,6.04
14613,4,11.47
14614,3,6.25
14615,2,6.07
14616,3,6.09
14617,0,6.03
14618,0,6.03
14619,2,6.07
14620,2,6.09
14621,0,6.04
14622,0,6.03
14623,1,6.03
14624,4,8.32
14625,0,6.06
14626,1,6.04
14627,1,6.04
14628,1,6.04
14629,4,8.76
14630,4,18.06
14631,4,11.79
14632,2,6.05
14633,2,6.04
14634,4,8.39
14635,4,8.52
14636,0,6.03
14637,3,6.09
14638,3,6.19
14639,1,6.04
14640,3,7.76
14641,4,6.57
14642,4,9.42
14643,3,6.1
14644,0,6.04
14645,0,6.04
14646,3,6.09
14647,3,7.08
14648,1,6.04
14649,0,6.03
14650,3,6.2
14651,1,6.05
14652,0,6.02
14653,2,6.03
14654,0,6.04
14655,4,13.4
14656,0,6.04
14657,3,6.32
14658,1,6.04
14659,3,6.09
14660,2,6.05
14661,4,9.19
14662,1,6.03
14663,0,6.04
14664,2,6.07
14665,2,6.07
14666,4,8.94
14667,4,6.63
14668,1,6.05
14669,1,6.05
14670,0,6.04
14671,2,6.07
14672,2,6.05
14673,4,9.0
14674,2,6.05
14675,3,6.46
14676,1,6.04
14677,2,6.04
14678,2,6.04
14679,3,6.12
14680,4,8.36
14681,0,6.03
14682,4,13.82
14683,2,6.04
14684,4,10.73
14685,1,6.04
14686,1,6.04
14687,0,6.03
14688,2,6.06
14689,0,6.07
14690,2,6.05
14691,2,6.05
14692,3,6.17
14693,0,6.02
14694,3,6.21
14695,2,6.06
14696,1,6.04
14697,2,6.06
14698,2,6.04
14699,0,6.03
14700,3,6.16
14701,2,6.09
14702,1,6.04
14703,0,6.02
14704,1,6.05
14705,4,6.46
14706,1,6.07
14707,0,6.04
14708,0,6.03
14709,3,6.2
14710,4,35.99
14711,0,6.04
14712,1,6.04
14713,3,6.26
14714,0,6.04
14715,0,6.02
14716,0,6.03
14717,0,6.02
14718,0,6.03
14719,1,6.05
14720,4,6.79
14721,0,6.04
14722,2,6.05
14723,4,8.97
14724,4,31.5
14725,1,6.07
14726,4,11.53
14727,3,8.28
14728,3,6.17
14729,0,6.04
14730,1,6.05
14731,1,6.04
14732,1,6.04
14733,2,6.04
14734,3,6.75
14735,3,6.08
14736,1,6.04
14737,0,6.04
14738,2,6.07
14739,4,9.59
14740,0,6.04
14741,4,19.88
14742,3,6.15
14743,1,6.04
14744,1,6.03
14745,4,6.75
14746,3,6.16
14747,3,6.54
14748,1,6.06
14749,1,6.04
14750,2,6.04
14751,3,6.18
14752,4,9.32
14753,4,9.28
14754,3,6.09
14755,2,6.06
14756,4,7.67
14757,4,7.28
14758,3,6.28
14759,2,6.04
14760,0,6.04
14761,2,6.05
14762,2,6.04
14763,4,7.44
14764,2,6.06
14765,1,6.04
14766,2,6.05
14767,4,6.15
14768,3,6.12
14769,3,6.24
14770,4,8.99
14771,3,6.41
14772,4,8.52
14773,1,6.04
14774,1,6.05
14775,0,6.04
14776,3,6.13
14777,2,6.07
14778,1,6.04
14779,1,6.07
14780,3,6.07
14781,0,6.03
14782,2,6.07
14783,0,6.02
14784,4,30.48
14785,4,10.58
14786,2,6.09
14787,2,6.1
14788,1,6.04
14789,1,6.04
14790,0,6.04
14791,0,6.04
14792,1,6.03
14793,3,6.16
14794,0,6.02
14795,0,6.05
14796,0,6.03
14797,3,6.26
14798,4,9.76
14799,0,6.03
14800,2,6.06
14801,4,6.31
14802,1,6.03
14803,1,6.04
14804,4,11.2
14805,3,6.37
14806,1,6.05
14807,3,7.65
14808,1,6.04
14809,1,6.09
14810,1,6.05
14811,0,6.04
14812,1,6.03
14813,0,6.06
14814,3,6.05
14815,1,6.03
14816,3,6.08
14817,4,22.54
14818,2,6.05
14819,4,8.13
14820,1,6.05
14821,4,13.51
14822,3,6.09
14823,0,6.03
14824,3,6.77
14825,1,6.06
14826,0,6.05
14827,2,6.05
14828,0,6.1
14829,2,6.12
14830,0,6.03
14831,2,6.06
14832,1,6.05
14833,1,6.06
14834,2,6.05
14835,0,6.04
14836,1,6.04
14837,1,6.05
14838,3,6.11
14839,0,6.04
14840,1,6.04
14841,3,6.16
14842,0,6.04
14843,0,6.03
14844,2,6.04
14845,4,9.03
14846,0,6.02
14847,4,6.45
14848,3,6.19
14849,3,6.08
14850,3,6.19
14851,4,8.65
14852,1,6.03
14853,1,6.03
14854,1,6.05
14855,4,11.6
14856,3,6.09
14857,3,6.67
14858,4,8.57
14859,2,6.08
14860,2,6.06
14861,4,6.66
14862,2,6.08
14863,0,6.27
14864,1,6.05
14865,4,7.47
14866,3,6.1
14867,1,6.17
14868,0,6.03
14869,4,10.94
14870,4,6.56
14871,3,6.07
14872,0,6.03
14873,2,6.03
14874,1,6.03
14875,3,6.27
14876,0,6.02
14877,3,6.13
14878,2,6.05
14879,3,6.05
14880,0,6.02
14881,0,6.02
14882,2,6.06
14883,2,6.04
14884,4,7.11
14885,3,6.36
14886,3,6.16
14887,2,6.05
14888,0,6.04
14889,1,6.04
14890,2,6.13
14891,3,6.1
14892,3,6.25
14893,1,6.04
14894,0,6.04
14895,0,6.03
14896,4,35.99
14897,3,6.23
14898,0,6.05
14899,2,6.07
14900,3,6.08
14901,3,6.07
14902,1,6.04
14903,4,6.38
14904,4,7.85
14905,4,9.34
14906,4,34.26
14907,4,6.85
14908,3,6.1
14909,1,6.04
14910,1,6.05
14911,4,6.46
14912,0,6.05
14913,2,6.14
14914,4,35.9
14915,0,6.07
14916,3,6.16
14917,0,6.03
14918,3,6.09
14919,0,6.03
14920,2,6.06
14921,1,6.05
14922,2,6.46
14923,4,16.76
14924,0,6.02
14925,0,6.03
14926,3,6.1
14927,2,6.06
14928,0,6.04
14929,4,7.77
14930,0,6.05
14931,2,6.12
14932,2,6.04
14933,0,6.07
14934,0,6.03
14935,2,6.05
14936,4,6.4
14937,1,6.06
14938,4,35.2
14939,1,6.04
14940,1,6.03
14941,4,6.62
14942,2,6.03
14943,4,6.83
14944,1,6.06
14945,0,6.04
14946,4,7.19
14947,0,6.03
14948,3,7.16
14949,2,6.05
14950,4,8.44
14951,0,6.04
14952,1,6.04
14953,3,6.23
14954,2,6.26
14955,0,6.04
14956,4,6.93
14957,3,6.21
14958,4,8.36
14959,3,6.26
14960,0,6.05
14961,0,6.03
14962,2,6.08
14963,3,6.1
14964,1,6.07
14965,0,6.05
14966,3,6.17
14967,1,6.04
14968,1,6.07
14969,3,6.09
14970,2,6.07
14971,0,6.04
14972,1,6.05
14973,3,6.05
14974,0,6.04
14975,3,6.05
14976,4,17.7
14977,1,6.05
14978,3,6.1
14979,1,6.04
14980,4,8.52
14981,1,6.05
14982,1,6.04
14983,0,6.04
14984,3,6.09
14985,1,6.03
14986,3,6.15
14987,0,6.03
14988,2,6.05
14989,0,6.04
14990,2,6.04
14991,4,15.32
14992,4,6.92
14993,4,15.18
14994,3,6.08
14995,2,6.08
14996,1,6.03
14997,2,6.04
14998,3,6.63
14999,2,6.05
