Id,RiskTier,InterestRate
0,2,6.21
1,0,6.01
2,2,6.17
3,3,6.1
4,4,22.48
5,3,6.34
6,2,6.21
7,2,5.93
8,3,6.22
9,2,6.61
10,2,6.3
11,0,6.2
12,1,6.3
13,0,6.38
14,4,7.85
15,3,7.01
16,2,6.12
17,2,6.02
18,0,5.93
19,4,7.36
20,4,35.99
21,1,5.92
22,0,5.86
23,3,6.18
24,3,5.95
25,0,5.82
26,2,6.15
27,3,7.19
28,2,6.12
29,3,6.53
30,3,6.31
31,3,8.92
32,1,6.04
33,4,7.24
34,1,6.16
35,0,5.75
36,1,5.88
37,0,6.14
38,3,6.42
39,2,6.35
40,1,6.06
41,2,6.19
42,0,6.18
43,2,6.21
44,2,6.13
45,2,6.1
46,0,6.2
47,0,6.06
48,2,5.99
49,3,6.34
50,0,6.21
51,0,6.0
52,3,6.49
53,2,6.72
54,0,6.17
55,2,6.1
56,4,6.89
57,3,6.35
58,1,6.19
59,2,6.09
60,3,6.62
61,4,12.12
62,2,6.41
63,4,6.77
64,4,10.49
65,4,9.1
66,3,6.22
67,0,6.15
68,1,6.03
69,3,6.1
70,0,6.05
71,4,6.75
72,3,6.49
73,0,5.66
74,4,12.24
75,1,5.96
76,0,5.97
77,3,6.77
78,3,7.43
79,1,6.03
80,3,6.45
81,2,6.38
82,0,5.96
83,3,6.22
84,0,6.04
85,2,6.59
86,3,6.59
87,4,7.15
88,2,6.0
89,4,13.36
90,2,6.11
91,0,6.15
92,2,5.72
93,4,15.06
94,1,6.09
95,0,6.13
96,0,6.45
97,2,6.18
98,1,6.2
99,2,6.06
100,1,6.14
101,4,9.69
102,1,6.06
103,3,6.63
104,3,6.01
105,3,6.65
106,1,6.08
107,2,6.26
108,1,5.96
109,0,5.88
110,1,6.1
111,0,5.92
112,1,6.17
113,4,29.39
114,0,5.98
115,4,6.79
116,0,5.74
117,3,6.58
118,3,6.39
119,0,6.08
120,3,5.83
121,2,6.22
122,1,5.97
123,3,6.42
124,4,10.12
125,0,6.09
126,0,6.09
127,3,6.7
128,0,6.16
129,3,6.09
130,1,6.23
131,2,6.01
132,2,6.23
133,1,6.13
134,1,6.16
135,4,8.41
136,4,7.42
137,2,6.2
138,2,6.29
139,3,6.22
140,0,6.0
141,4,7.36
142,3,6.25
143,4,11.2
144,4,8.06
145,3,6.32
146,1,6.0
147,1,5.93
148,1,6.17
149,4,6.72
150,1,6.06
151,2,5.96
152,4,7.23
153,3,6.08
154,0,5.99
155,0,6.05
156,0,6.06
157,4,14.86
158,4,10.87
159,0,6.09
160,1,6.19
161,3,6.43
162,3,6.22
163,3,6.28
164,0,6.0
165,4,13.61
166,0,5.8
167,3,6.69
168,3,6.45
169,2,6.24
170,2,6.14
171,3,8.39
172,3,6.11
173,2,6.25
174,3,5.97
175,4,7.21
176,2,6.03
177,2,6.52
178,0,6.08
179,3,6.43
180,0,6.18
181,2,6.06
182,4,9.48
183,0,6.08
184,4,7.42
185,3,6.42
186,3,6.75
187,4,32.79
188,4,23.35
189,0,5.89
190,0,5.96
191,3,7.48
192,4,13.42
193,4,7.0
194,2,6.14
195,2,6.18
196,3,6.45
197,2,6.26
198,3,6.37
199,0,5.97
200,1,6.08
201,3,6.63
202,1,5.96
203,4,25.43
204,4,19.83
205,1,6.03
206,3,6.22
207,2,6.95
208,4,6.63
209,0,5.89
210,3,7.59
211,0,6.21
212,3,6.42
213,4,9.12
214,0,5.83
215,3,6.3
216,0,5.98
217,3,6.19
218,1,6.53
219,0,5.94
220,4,6.84
221,2,6.04
222,0,5.93
223,4,7.86
224,2,6.1
225,1,6.19
226,1,6.07
227,1,6.38
228,3,6.27
229,1,6.01
230,4,7.01
231,1,6.22
232,4,32.14
233,3,7.09
234,1,6.0
235,3,6.33
236,0,6.14
237,2,6.18
238,0,6.09
239,1,6.14
240,2,6.28
241,4,11.4
242,0,5.99
243,4,9.2
244,2,5.83
245,0,6.29
246,2,6.2
247,1,6.34
248,0,5.24
249,1,6.1
250,4,7.29
251,2,6.14
252,0,5.9
253,1,5.9
254,0,6.06
255,3,7.0
256,0,5.79
257,0,6.19
258,3,6.2
259,4,30.23
260,1,6.12
261,3,6.18
262,4,11.01
263,1,6.3
264,0,6.31
265,1,5.95
266,4,12.43
267,3,6.41
268,3,6.36
269,1,6.39
270,0,6.22
271,1,6.03
272,3,6.37
273,2,6.56
274,3,6.97
275,3,6.23
276,2,6.21
277,1,6.23
278,2,6.21
279,1,6.04
280,2,6.17
281,2,6.17
282,3,6.62
283,0,6.15
284,3,6.69
285,2,6.13
286,0,6.05
287,2,6.04
288,1,5.87
289,4,7.96
290,0,6.12
291,4,14.24
292,3,6.86
293,4,7.18
294,1,6.22
295,3,6.38
296,3,6.28
297,4,22.91
298,3,6.63
299,3,6.34
300,3,7.08
301,4,6.88
302,2,6.23
303,1,6.21
304,0,6.0
305,2,6.13
306,0,5.82
307,1,6.29
308,0,6.17
309,1,5.95
310,1,6.17
311,4,7.53
312,4,7.83
313,3,6.22
314,0,6.01
315,2,5.9
316,4,8.36
317,3,6.78
318,4,6.58
319,2,6.18
320,2,6.04
321,4,6.58
322,4,8.06
323,1,6.18
324,3,6.38
325,0,6.04
326,0,5.95
327,2,6.2
328,0,6.02
329,3,6.99
330,3,6.17
331,3,8.25
332,4,19.08
333,4,10.05
334,2,6.37
335,0,5.88
336,2,6.31
337,4,7.6
338,2,5.94
339,4,7.07
340,0,5.91
341,4,8.46
342,2,6.72
343,3,6.45
344,2,6.15
345,4,8.15
346,4,29.41
347,0,5.97
348,0,6.02
349,3,6.52
350,3,6.69
351,4,10.16
352,4,7.25
353,0,5.93
354,2,6.25
355,2,6.12
356,3,6.38
357,2,6.09
358,1,6.04
359,4,8.39
360,2,6.08
361,2,5.97
362,4,16.22
363,1,5.88
364,3,6.15
365,4,11.04
366,2,6.03
367,1,6.05
368,4,26.38
369,4,6.81
370,4,22.45
371,0,5.98
372,2,6.29
373,4,8.36
374,4,6.36
375,1,6.0
376,3,6.41
377,3,6.0
378,1,6.19
379,2,5.77
380,4,7.21
381,1,6.18
382,1,5.97
383,1,6.07
384,3,6.1
385,0,5.97
386,3,6.13
387,4,15.11
388,2,6.28
389,4,6.68
390,0,6.08
391,0,5.69
392,2,6.03
393,1,6.09
394,2,6.28
395,2,6.32
396,3,6.34
397,3,6.25
398,4,28.84
399,1,6.19
400,3,6.5
401,3,7.21
402,1,6.02
403,1,6.02
404,4,11.66
405,1,6.06
406,1,5.73
407,4,11.73
408,1,5.75
409,4,30.82
410,0,6.0
411,3,6.65
412,1,6.12
413,0,6.12
414,1,6.13
415,0,5.91
416,4,16.83
417,3,6.44
418,3,6.6
419,1,6.2
420,4,7.35
421,0,6.32
422,1,6.03
423,3,6.31
424,0,5.86
425,0,5.92
426,0,6.15
427,2,6.08
428,4,7.87
429,4,8.49
430,3,6.12
431,0,6.26
432,2,6.28
433,4,8.49
434,0,6.02
435,0,5.99
436,1,6.35
437,4,7.84
438,3,6.41
439,3,6.4
440,0,5.71
441,2,6.23
442,1,6.1
443,1,6.13
444,0,6.15
445,4,9.3
446,0,5.92
447,3,6.13
448,3,6.23
449,1,6.09
450,0,6.24
451,4,6.58
452,3,6.36
453,2,6.07
454,0,5.7
455,1,6.13
456,3,6.17
457,1,6.1
458,3,6.21
459,1,5.87
460,1,6.23
461,4,7.16
462,3,6.33
463,1,5.92
464,0,5.86
465,0,6.03
466,0,6.15
467,3,6.77
468,1,6.0
469,1,6.15
470,3,6.23
471,0,6.11
472,0,5.84
473,0,6.02
474,3,6.48
475,4,9.32
476,4,7.05
477,1,5.98
478,3,6.44
479,4,8.11
480,1,6.04
481,4,16.65
482,3,6.06
483,0,5.83
484,0,6.13
485,4,8.68
486,2,6.36
487,3,6.56
488,1,6.08
489,1,6.26
490,0,6.13
491,3,6.51
492,2,6.57
493,1,5.87
494,1,6.03
495,4,9.34
496,1,6.18
497,2,6.02
498,4,7.32
499,4,13.13
500,0,5.84
501,1,6.01
502,2,6.08
503,1,6.07
504,2,6.31
505,1,6.3
506,2,6.03
507,0,6.03
508,1,6.5
509,0,5.81
510,0,5.95
511,1,5.98
512,1,6.29
513,3,6.77
514,0,6.24
515,4,8.6
516,0,5.83
517,2,6.16
518,0,6.01
519,4,9.57
520,3,6.43
521,3,6.12
522,2,6.32
523,0,5.9
524,4,25.3
525,0,6.21
526,1,6.0
527,2,6.16
528,1,6.25
529,1,6.13
530,0,5.83
531,1,5.96
532,0,6.08
533,0,6.22
534,3,6.51
535,4,12.51
536,3,6.61
537,3,6.22
538,1,6.27
539,1,6.37
540,4,7.5
541,4,17.07
542,3,6.57
543,2,5.94
544,1,5.99
545,4,12.82
546,1,6.14
547,4,33.49
548,0,6.04
549,2,6.15
550,0,6.24
551,2,6.25
552,2,6.11
553,4,6.79
554,3,6.24
555,0,5.88
556,4,7.23
557,2,5.89
558,3,6.57
559,3,6.66
560,2,6.21
561,4,12.53
562,0,6.0
563,0,6.17
564,3,6.31
565,2,6.12
566,4,12.58
567,0,5.76
568,4,26.35
569,2,6.04
570,4,7.21
571,2,6.23
572,3,7.71
573,2,6.62
574,3,6.4
575,0,5.82
576,2,5.93
577,4,7.1
578,4,7.02
579,1,6.18
580,0,5.83
581,1,6.05
582,1,6.21
583,1,5.79
584,4,10.24
585,2,6.12
586,0,5.95
587,0,6.27
588,0,6.1
589,0,6.21
590,1,6.02
591,1,6.19
592,0,5.92
593,3,6.23
594,2,6.56
595,0,6.06
596,1,6.1
597,2,6.04
598,4,16.54
599,0,5.93
600,0,5.93
601,4,10.87
602,1,5.98
603,4,11.73
604,1,6.23
605,3,6.18
606,3,6.24
607,4,20.97
608,0,5.82
609,0,5.94
610,3,6.91
611,3,6.89
612,2,6.54
613,0,6.09
614,2,6.23
615,3,6.81
616,2,6.48
617,3,6.09
618,4,7.28
619,0,6.1
620,4,7.18
621,0,6.08
622,0,5.72
623,3,6.1
624,3,6.35
625,1,6.05
626,4,12.56
627,2,6.31
628,0,6.05
629,3,6.47
630,2,6.22
631,1,6.2
632,1,5.9
633,4,7.81
634,4,8.8
635,2,6.01
636,2,6.0
637,4,7.07
638,0,6.0
639,2,6.42
640,2,6.06
641,0,6.16
642,0,6.06
643,0,6.16
644,2,6.02
645,4,7.25
646,1,6.49
647,2,6.24
648,3,6.36
649,3,6.17
650,0,5.83
651,1,6.12
652,3,6.27
653,1,6.01
654,0,6.16
655,0,6.21
656,2,6.3
657,1,6.06
658,4,6.95
659,4,8.92
660,3,6.19
661,1,5.93
662,1,6.06
663,1,6.12
664,0,5.92
665,1,6.38
666,4,7.52
667,4,6.62
668,3,6.08
669,3,6.24
670,2,6.23
671,1,6.03
672,4,6.95
673,3,6.89
674,0,6.25
675,3,6.84
676,1,6.34
677,1,6.08
678,3,6.24
679,4,10.72
680,0,5.95
681,3,5.77
682,3,6.2
683,3,6.52
684,1,6.26
685,1,5.91
686,3,6.53
687,3,6.87
688,3,6.83
689,1,6.17
690,3,7.0
691,4,32.55
692,3,6.16
693,0,5.95
694,4,6.48
695,1,6.36
696,4,7.34
697,3,6.31
698,1,5.99
699,0,6.06
700,0,6.02
701,3,6.69
702,1,6.48
703,1,6.09
704,2,6.16
705,3,5.97
706,2,6.07
707,2,6.0
708,1,6.07
709,1,6.08
710,1,6.49
711,2,6.47
712,2,6.25
713,0,6.1
714,1,6.35
715,4,7.35
716,1,6.04
717,4,7.25
718,0,5.96
719,0,6.25
720,0,5.97
721,0,6.27
722,1,6.12
723,0,5.86
724,0,6.08
725,0,6.46
726,1,6.11
727,4,13.3
728,3,6.48
729,3,6.73
730,1,6.06
731,1,6.08
732,0,5.83
733,2,6.15
734,1,6.38
735,1,6.09
736,4,35.99
737,1,6.11
738,2,6.31
739,4,7.1
740,0,6.05
741,0,6.07
742,2,6.0
743,1,5.94
744,2,6.3
745,0,5.93
746,0,5.88
747,3,6.27
748,3,6.34
749,0,6.13
750,3,6.3
751,1,6.0
752,0,6.23
753,1,6.34
754,4,9.1
755,3,6.48
756,3,8.27
757,0,6.01
758,1,5.96
759,0,6.18
760,4,7.7
761,2,5.91
762,0,6.2
763,1,6.19
764,1,6.02
765,4,7.14
766,1,5.86
767,4,7.81
768,3,6.37
769,0,6.16
770,0,5.99
771,0,6.0
772,1,6.22
773,4,8.84
774,0,6.09
775,3,6.4
776,0,5.86
777,1,5.96
778,1,6.05
779,1,6.3
780,1,6.45
781,1,6.22
782,4,8.76
783,0,6.02
784,3,6.44
785,2,6.19
786,1,6.01
787,3,6.37
788,4,23.93
789,2,6.43
790,3,6.16
791,3,6.37
792,3,6.51
793,0,5.86
794,4,6.96
795,4,35.99
796,0,6.0
797,1,6.06
798,0,6.19
799,1,6.17
800,0,5.93
801,1,5.92
802,0,6.04
803,1,6.0
804,3,6.45
805,4,7.03
806,2,6.04
807,3,6.45
808,3,6.18
809,1,5.9
810,0,6.02
811,4,6.82
812,1,6.04
813,1,6.22
814,4,7.13
815,3,6.73
816,0,5.7
817,0,5.87
818,2,6.06
819,3,6.67
820,3,6.48
821,2,6.4
822,1,6.26
823,3,6.48
824,4,7.47
825,3,6.6
826,4,13.13
827,2,6.2
828,1,6.06
829,0,5.89
830,4,9.13
831,4,8.96
832,4,7.22
833,4,7.64
834,0,6.02
835,4,7.64
836,4,7.83
837,2,6.01
838,4,7.94
839,0,5.58
840,4,11.34
841,1,6.02
842,0,5.91
843,2,6.51
844,2,6.45
845,3,6.16
846,1,6.15
847,0,6.02
848,1,6.08
849,1,6.05
850,3,6.31
851,3,6.31
852,3,6.03
853,3,7.05
854,1,6.26
855,4,15.03
856,2,6.13
857,3,6.33
858,4,9.02
859,1,6.02
860,2,6.98
861,1,5.99
862,1,5.87
863,1,6.05
864,2,6.68
865,0,6.0
866,0,5.98
867,0,5.87
868,3,6.0
869,2,6.17
870,2,6.26
871,4,28.56
872,2,6.21
873,1,6.32
874,1,6.03
875,1,6.0
876,3,6.22
877,4,9.69
878,3,6.18
879,3,6.35
880,4,13.04
881,1,6.28
882,1,6.44
883,1,6.08
884,2,6.29
885,3,6.71
886,4,13.31
887,1,6.27
888,0,6.09
889,4,8.81
890,1,5.99
891,1,5.96
892,4,9.73
893,2,6.37
894,0,6.14
895,1,6.07
896,4,13.98
897,1,6.03
898,0,5.99
899,4,6.87
900,0,6.18
901,2,6.22
902,3,6.79
903,2,6.25
904,1,6.24
905,3,6.96
906,1,6.01
907,1,6.19
908,0,6.22
909,4,8.06
910,2,6.32
911,1,6.04
912,2,6.12
913,0,6.11
914,4,10.9
915,4,35.31
916,4,13.74
917,2,6.05
918,2,6.36
919,4,7.47
920,3,6.32
921,3,6.54
922,4,15.33
923,3,6.72
924,1,5.84
925,4,35.13
926,4,11.02
927,0,5.87
928,2,6.41
929,3,8.42
930,3,6.64
931,2,6.22
932,0,5.72
933,2,6.23
934,4,8.03
935,4,7.23
936,1,6.38
937,3,6.44
938,1,6.18
939,1,6.18
940,0,5.69
941,0,6.02
942,2,6.15
943,0,6.09
944,3,6.47
945,4,6.74
946,3,6.44
947,1,6.17
948,3,6.93
949,4,11.86
950,1,5.99
951,3,7.67
952,3,6.05
953,0,6.09
954,0,5.92
955,3,6.6
956,4,9.73
957,0,5.87
958,1,6.35
959,3,6.14
960,4,7.3
961,1,5.98
962,3,6.18
963,2,5.89
964,3,6.27
965,4,8.89
966,0,6.31
967,2,6.08
968,2,6.03
969,3,6.82
970,3,6.22
971,3,6.49
972,4,35.48
973,4,8.87
974,1,6.01
975,3,6.4
976,0,6.19
977,0,5.93
978,1,6.05
979,0,6.12
980,4,12.11
981,1,5.96
982,1,6.36
983,3,6.52
984,4,8.56
985,2,6.03
986,0,5.93
987,1,6.05
988,0,5.68
989,0,6.35
990,4,10.38
991,4,10.66
992,2,5.99
993,1,6.02
994,2,6.11
995,2,5.97
996,0,6.05
997,0,6.02
998,1,6.04
999,3,7.5
1000,1,5.96
1001,4,6.99
1002,0,6.01
1003,0,5.98
1004,1,5.99
1005,4,12.12
1006,1,6.04
1007,1,6.02
1008,4,11.88
1009,0,5.91
1010,3,6.36
1011,0,6.66
1012,3,6.89
1013,1,6.13
1014,1,5.82
1015,0,5.86
1016,1,5.95
1017,3,6.59
1018,3,6.18
1019,3,6.5
1020,4,6.78
1021,3,6.28
1022,2,6.34
1023,4,15.02
1024,3,6.03
1025,2,6.13
1026,4,7.05
1027,1,6.13
1028,3,6.35
1029,1,6.08
1030,2,6.22
1031,2,6.42
1032,1,6.1
1033,4,6.82
1034,2,6.24
1035,4,8.69
1036,2,6.25
1037,1,6.04
1038,1,6.51
1039,0,6.02
1040,4,14.53
1041,1,5.91
1042,1,6.14
1043,3,6.47
1044,3,6.61
1045,4,10.18
1046,4,9.9
1047,1,6.25
1048,3,6.29
1049,1,6.4
1050,2,6.11
1051,3,6.27
1052,1,6.15
1053,1,6.38
1054,0,6.13
1055,3,6.29
1056,0,5.76
1057,3,6.11
1058,2,6.11
1059,2,6.37
1060,1,6.39
1061,2,6.29
1062,4,6.64
1063,4,35.47
1064,2,6.08
1065,2,6.1
1066,3,6.23
1067,3,6.33
1068,3,6.18
1069,2,6.08
1070,2,6.04
1071,2,6.27
1072,4,7.78
1073,1,6.08
1074,4,16.98
1075,1,5.93
1076,2,5.99
1077,1,6.08
1078,1,6.28
1079,4,9.14
1080,3,6.66
1081,2,6.18
1082,3,6.17
1083,3,6.1
1084,1,6.08
1085,1,6.07
1086,3,6.52
1087,4,7.88
1088,4,8.37
1089,4,8.36
1090,3,6.32
1091,3,6.41
1092,4,12.13
1093,2,6.32
1094,4,10.41
1095,3,6.66
1096,3,6.58
1097,1,6.19
1098,0,5.93
1099,1,6.14
1100,3,6.08
1101,3,6.34
1102,0,6.14
1103,0,6.12
1104,2,6.27
1105,3,6.3
1106,1,6.03
1107,2,5.79
1108,1,6.09
1109,3,7.01
1110,1,6.14
1111,1,6.51
1112,0,5.85
1113,2,6.3
1114,1,5.92
1115,1,6.18
1116,1,6.18
1117,0,5.72
1118,1,6.35
1119,2,6.37
1120,0,5.97
1121,0,6.29
1122,3,6.27
1123,0,5.83
1124,2,6.33
1125,1,6.09
1126,4,9.05
1127,4,7.93
1128,1,6.05
1129,1,6.23
1130,4,7.99
1131,1,5.95
1132,4,25.74
1133,1,6.21
1134,3,6.41
1135,2,6.38
1136,2,6.17
1137,3,6.39
1138,1,6.01
1139,1,6.09
1140,3,6.25
1141,1,6.1
1142,3,6.77
1143,4,7.36
1144,2,6.2
1145,4,10.59
1146,4,10.43
1147,0,6.08
1148,2,6.37
1149,2,6.05
1150,3,9.84
1151,0,5.95
1152,1,6.22
1153,1,6.08
1154,1,6.28
1155,4,7.81
1156,0,6.08
1157,0,6.26
1158,4,9.68
1159,1,6.16
1160,2,5.96
1161,4,6.47
1162,4,7.35
1163,0,6.16
1164,1,6.02
1165,1,5.85
1166,2,6.09
1167,0,5.91
1168,3,5.98
1169,0,5.94
1170,4,9.32
1171,4,7.13
1172,3,5.94
1173,1,6.09
1174,2,6.56
1175,4,9.32
1176,4,27.22
1177,3,6.29
1178,2,5.97
1179,0,6.26
1180,0,6.02
1181,0,6.04
1182,3,6.97
1183,1,6.11
1184,4,12.81
1185,1,6.29
1186,0,5.94
1187,4,12.18
1188,4,19.47
1189,3,6.59
1190,3,6.3
1191,0,6.02
1192,1,6.15
1193,3,6.12
1194,1,6.16
1195,2,6.13
1196,2,6.11
1197,3,6.7
1198,1,6.17
1199,1,6.22
1200,2,5.98
1201,4,10.25
1202,1,6.07
1203,0,5.96
1204,2,6.19
1205,4,31.86
1206,3,6.61
1207,4,9.97
1208,3,6.42
1209,0,5.82
1210,2,6.35
1211,1,5.9
1212,2,6.08
1213,2,6.17
1214,4,11.11
1215,1,5.89
1216,1,6.12
1217,1,6.03
1218,0,6.0
1219,3,6.35
1220,2,6.38
1221,4,9.85
1222,2,6.11
1223,0,5.94
1224,3,6.53
1225,0,6.1
1226,1,6.03
1227,3,6.76
1228,2,6.2
1229,0,5.96
1230,3,6.52
1231,4,7.39
1232,1,5.89
1233,4,10.27
1234,2,6.18
1235,2,6.12
1236,0,5.88
1237,2,6.22
1238,1,6.28
1239,1,6.17
1240,3,6.18
1241,1,6.16
1242,1,6.11
1243,0,5.88
1244,3,6.56
1245,2,6.28
1246,3,8.81
1247,3,6.66
1248,4,13.29
1249,2,6.12
1250,4,6.79
1251,4,9.58
1252,2,6.22
1253,2,6.26
1254,0,5.86
1255,3,6.31
1256,0,6.13
1257,1,5.86
1258,0,6.07
1259,3,7.59
1260,3,6.38
1261,4,7.7
1262,0,6.25
1263,4,13.39
1264,2,6.32
1265,0,5.88
1266,4,8.74
1267,1,6.17
1268,1,6.13
1269,3,6.26
1270,4,8.87
1271,4,7.31
1272,3,6.18
1273,1,6.18
1274,2,6.11
1275,2,6.17
1276,4,10.9
1277,2,6.18
1278,4,6.82
1279,4,7.05
1280,1,6.09
1281,4,18.54
1282,1,6.19
1283,1,6.1
1284,1,5.73
1285,0,5.99
1286,2,6.18
1287,0,6.11
1288,3,6.29
1289,0,6.02
1290,1,5.95
1291,0,6.26
1292,0,5.78
1293,1,5.99
1294,4,7.18
1295,4,15.97
1296,2,6.17
1297,0,5.81
1298,2,6.25
1299,2,5.93
1300,1,6.06
1301,2,5.89
1302,0,5.99
1303,2,6.26
1304,4,19.51
1305,3,6.17
1306,4,8.65
1307,1,6.22
1308,3,6.09
1309,3,6.2
1310,3,6.49
1311,2,6.17
1312,0,5.96
1313,1,5.96
1314,3,6.33
1315,4,7.4
1316,0,6.59
1317,3,7.07
1318,1,6.0
1319,2,6.05
1320,3,6.05
1321,2,6.18
1322,0,5.94
1323,0,6.09
1324,4,7.73
1325,0,6.17
1326,1,5.9
1327,2,6.21
1328,3,6.17
1329,3,6.23
1330,2,6.12
1331,3,6.58
1332,4,35.74
1333,3,6.57
1334,0,6.02
1335,3,6.85
1336,3,6.7
1337,2,5.87
1338,1,6.09
1339,4,8.33
1340,3,6.83
1341,3,6.14
1342,2,6.19
1343,2,6.13
1344,3,6.56
1345,4,8.48
1346,4,9.96
1347,3,6.27
1348,0,6.09
1349,4,8.85
1350,1,5.96
1351,4,6.63
1352,0,6.24
1353,1,6.0
1354,1,6.01
1355,1,6.2
1356,2,6.24
1357,4,12.59
1358,4,7.51
1359,1,6.01
1360,3,6.91
1361,0,5.86
1362,1,5.97
1363,2,6.45
1364,0,5.99
1365,0,5.95
1366,4,9.24
1367,2,6.21
1368,0,5.98
1369,3,6.44
1370,2,6.1
1371,3,6.17
1372,1,6.47
1373,0,5.98
1374,0,5.89
1375,0,6.14
1376,3,6.83
1377,1,6.11
1378,4,9.41
1379,1,5.97
1380,0,6.09
1381,2,6.21
1382,3,6.7
1383,3,6.46
1384,0,6.08
1385,3,6.13
1386,1,6.31
1387,4,32.03
1388,1,6.31
1389,4,6.93
1390,3,6.92
1391,3,6.89
1392,2,6.15
1393,1,5.93
1394,3,6.45
1395,1,6.1
1396,3,6.3
1397,2,6.25
1398,2,6.05
1399,0,6.08
1400,4,9.1
1401,4,9.58
1402,2,6.32
1403,1,6.02
1404,0,6.03
1405,4,7.03
1406,0,6.18
1407,3,6.54
1408,3,6.08
1409,3,6.21
1410,4,29.9
1411,1,6.08
1412,1,6.17
1413,3,6.4
1414,3,6.18
1415,0,5.95
1416,4,7.25
1417,1,6.19
1418,2,6.19
1419,2,6.15
1420,0,5.95
1421,4,18.66
1422,0,5.84
1423,4,7.32
1424,1,6.34
1425,2,6.0
1426,4,9.1
1427,4,12.58
1428,0,5.86
1429,0,6.11
1430,0,6.05
1431,4,8.06
1432,4,9.86
1433,1,6.07
1434,0,5.97
1435,2,6.08
1436,4,17.02
1437,4,11.43
1438,1,5.96
1439,0,5.96
1440,1,6.19
1441,4,9.01
1442,0,5.94
1443,3,6.83
1444,0,6.03
1445,3,6.36
1446,4,6.17
1447,2,6.28
1448,3,6.3
1449,3,7.42
1450,2,6.37
1451,0,5.98
1452,3,8.37
1453,0,5.93
1454,3,6.33
1455,1,5.96
1456,4,10.22
1457,0,6.01
1458,1,6.34
1459,1,6.11
1460,0,6.1
1461,2,6.15
1462,0,6.12
1463,2,6.34
1464,3,6.15
1465,1,6.01
1466,3,6.91
1467,3,6.39
1468,1,6.15
1469,4,6.47
1470,3,6.1
1471,2,6.22
1472,1,6.26
1473,3,6.29
1474,3,6.24
1475,2,6.55
1476,3,6.57
1477,0,6.03
1478,0,6.21
1479,2,6.23
1480,2,6.18
1481,3,6.26
1482,1,6.3
1483,1,6.1
1484,2,6.3
1485,1,5.81
1486,0,5.76
1487,4,7.43
1488,1,6.0
1489,4,7.17
1490,3,6.64
1491,4,7.0
1492,2,5.97
1493,3,6.32
1494,4,7.37
1495,2,6.12
1496,3,7.58
1497,3,6.51
1498,3,6.4
1499,4,33.74
1500,3,6.49
1501,3,6.47
1502,3,6.9
1503,1,6.06
1504,4,6.92
1505,0,6.03
1506,2,6.06
1507,4,6.63
1508,0,5.96
1509,0,5.92
1510,3,6.67
1511,2,6.25
1512,3,6.21
1513,1,6.02
1514,1,5.93
1515,1,6.06
1516,1,6.11
1517,0,6.17
1518,4,15.53
1519,2,6.24
1520,1,6.04
1521,0,5.81
1522,4,23.93
1523,3,6.5
1524,0,6.09
1525,1,6.09
1526,4,12.59
1527,3,6.44
1528,2,6.1
1529,3,6.21
1530,0,6.08
1531,1,5.86
1532,1,5.95
1533,0,5.9
1534,2,6.65
1535,0,6.1
1536,2,6.14
1537,4,7.79
1538,2,6.13
1539,1,6.12
1540,4,7.75
1541,2,5.96
1542,0,5.87
1543,4,9.99
1544,0,6.0
1545,4,14.93
1546,4,19.16
1547,3,6.74
1548,4,12.93
1549,4,13.46
1550,4,7.06
1551,2,6.11
1552,0,5.88
1553,1,6.29
1554,2,6.15
1555,4,8.46
1556,4,11.7
1557,0,5.97
1558,2,6.26
1559,2,5.94
1560,2,6.22
1561,1,6.56
1562,1,5.88
1563,0,6.17
1564,1,6.03
1565,0,5.84
1566,3,7.62
1567,4,7.46
1568,4,6.94
1569,4,10.31
1570,3,9.34
1571,4,17.04
1572,1,5.92
1573,3,7.68
1574,3,6.62
1575,4,10.39
1576,3,6.34
1577,3,6.99
1578,0,5.95
1579,0,5.95
1580,2,6.54
1581,0,6.16
1582,0,6.2
1583,1,6.13
1584,1,5.98
1585,4,10.68
1586,3,7.81
1587,0,6.0
1588,4,7.7
1589,0,6.08
1590,0,5.88
1591,2,6.14
1592,1,6.39
1593,1,6.13
1594,2,6.27
1595,2,6.29
1596,2,6.53
1597,2,6.42
1598,2,6.1
1599,3,6.33
1600,1,6.18
1601,2,6.4
1602,3,6.14
1603,1,6.12
1604,2,5.87
1605,0,5.95
1606,4,8.07
1607,2,6.23
1608,1,5.88
1609,1,6.05
1610,1,5.94
1611,4,7.91
1612,1,6.1
1613,0,6.05
1614,2,6.24
1615,3,6.73
1616,0,5.8
1617,1,6.24
1618,1,6.12
1619,0,6.12
1620,3,6.28
1621,0,6.05
1622,1,5.93
1623,4,8.45
1624,4,11.31
1625,2,6.17
1626,1,6.2
1627,4,16.71
1628,4,7.03
1629,2,6.49
1630,3,6.11
1631,1,5.97
1632,3,6.3
1633,1,6.11
1634,1,6.07
1635,1,5.96
1636,1,5.95
1637,1,6.02
1638,0,5.97
1639,3,6.42
1640,3,6.59
1641,2,6.23
1642,3,6.27
1643,0,5.97
1644,3,6.99
1645,2,6.22
1646,1,5.97
1647,4,8.75
1648,3,6.05
1649,1,6.22
1650,0,5.94
1651,0,6.12
1652,3,6.44
1653,2,6.0
1654,1,6.15
1655,4,9.24
1656,0,6.14
1657,3,6.27
1658,0,5.95
1659,1,6.15
1660,3,6.53
1661,3,6.19
1662,2,6.28
1663,2,6.47
1664,0,6.04
1665,2,6.13
1666,2,6.29
1667,0,6.03
1668,0,6.38
1669,2,6.26
1670,0,6.12
1671,2,6.16
1672,3,6.26
1673,1,5.93
1674,4,8.05
1675,2,6.27
1676,0,5.95
1677,4,8.54
1678,3,6.16
1679,0,6.06
1680,3,6.24
1681,2,6.24
1682,3,6.72
1683,0,6.11
1684,3,6.39
1685,4,34.3
1686,1,6.13
1687,3,7.65
1688,3,6.31
1689,0,5.81
1690,0,6.09
1691,4,7.49
1692,0,5.88
1693,3,7.23
1694,0,5.81
1695,1,5.87
1696,3,7.44
1697,2,6.0
1698,2,6.19
1699,1,6.03
1700,4,26.48
1701,3,6.52
1702,2,6.17
1703,4,11.44
1704,0,5.92
1705,0,5.89
1706,1,6.44
1707,2,6.17
1708,4,7.56
1709,1,6.0
1710,4,7.97
1711,4,20.34
1712,3,6.96
1713,1,6.38
1714,0,6.0
1715,4,7.76
1716,1,6.43
1717,4,10.39
1718,0,6.03
1719,1,6.09
1720,2,6.18
1721,2,6.23
1722,0,5.79
1723,2,6.1
1724,2,6.47
1725,3,6.09
1726,1,6.16
1727,4,11.45
1728,0,5.68
1729,1,6.08
1730,0,6.06
1731,2,6.18
1732,0,5.76
1733,2,5.95
1734,2,6.06
1735,1,6.5
1736,3,6.42
1737,3,6.59
1738,2,6.13
1739,1,6.27
1740,0,5.37
1741,3,8.24
1742,0,5.95
1743,4,16.59
1744,2,6.25
1745,1,6.06
1746,2,6.03
1747,1,6.19
1748,1,6.18
1749,2,5.85
1750,4,9.31
1751,1,6.14
1752,1,6.0
1753,1,5.96
1754,1,5.91
1755,1,6.19
1756,2,6.48
1757,1,6.11
1758,3,6.38
1759,2,6.2
1760,3,6.69
1761,1,5.96
1762,0,6.11
1763,4,6.92
1764,4,7.43
1765,2,6.01
1766,4,22.94
1767,3,6.6
1768,2,6.37
1769,1,6.1
1770,1,6.21
1771,4,7.61
1772,2,6.28
1773,3,6.47
1774,2,6.39
1775,1,6.12
1776,0,6.27
1777,0,5.78
1778,0,5.85
1779,4,7.4
1780,4,23.99
1781,0,6.07
1782,0,6.0
1783,1,6.02
1784,2,6.1
1785,2,6.34
1786,3,6.09
1787,1,6.12
1788,2,6.13
1789,1,6.16
1790,1,6.17
1791,0,5.82
1792,3,6.2
1793,1,5.84
1794,1,6.29
1795,1,6.14
1796,0,6.29
1797,4,9.74
1798,2,6.55
1799,3,6.17
1800,3,6.64
1801,2,6.02
1802,4,9.27
1803,3,6.4
1804,2,6.39
1805,3,6.74
1806,2,6.01
1807,0,6.46
1808,0,6.01
1809,3,6.63
1810,0,6.1
1811,3,6.37
1812,0,5.96
1813,2,6.15
1814,2,6.35
1815,0,5.78
1816,2,6.19
1817,3,6.82
1818,0,6.16
1819,1,5.85
1820,2,6.39
1821,2,6.2
1822,2,6.41
1823,0,5.88
1824,1,5.93
1825,2,6.35
1826,2,6.14
1827,2,6.16
1828,0,6.11
1829,1,5.94
1830,0,6.19
1831,0,5.93
1832,1,6.0
1833,4,26.43
1834,0,6.05
1835,0,6.27
1836,3,6.28
1837,1,6.24
1838,3,6.39
1839,3,6.97
1840,3,6.37
1841,3,6.62
1842,3,6.53
1843,0,6.24
1844,2,6.05
1845,4,22.58
1846,4,9.38
1847,0,5.93
1848,3,6.59
1849,2,6.28
1850,1,6.19
1851,3,6.54
1852,4,6.8
1853,2,6.17
1854,2,6.53
1855,0,6.0
1856,3,6.86
1857,4,29.74
1858,0,5.89
1859,3,6.34
1860,3,6.18
1861,1,6.31
1862,1,5.99
1863,0,6.11
1864,0,6.36
1865,0,5.95
1866,3,6.5
1867,1,5.92
1868,1,6.08
1869,4,6.57
1870,0,6.08
1871,4,7.43
1872,1,6.07
1873,0,6.0
1874,0,5.9
1875,2,6.18
1876,3,7.35
1877,3,6.43
1878,3,6.05
1879,3,7.5
1880,2,6.11
1881,1,6.46
1882,4,9.39
1883,0,5.98
1884,1,6.24
1885,4,11.63
1886,4,6.99
1887,1,6.02
1888,1,5.98
1889,0,6.41
1890,3,6.3
1891,3,6.41
1892,0,6.04
1893,3,6.63
1894,3,6.54
1895,2,6.55
1896,4,22.4
1897,4,9.17
1898,3,6.63
1899,4,7.5
1900,1,5.99
1901,0,6.13
1902,4,32.68
1903,4,9.59
1904,1,6.32
1905,0,5.93
1906,4,14.65
1907,1,5.93
1908,4,11.77
1909,2,6.76
1910,4,10.61
1911,3,6.41
1912,3,6.65
1913,1,6.0
1914,1,6.27
1915,4,18.43
1916,3,6.25
1917,1,5.97
1918,3,6.29
1919,2,6.26
1920,1,6.3
1921,1,6.26
1922,3,6.29
1923,3,6.66
1924,3,6.53
1925,0,5.89
1926,2,6.23
1927,1,6.1
1928,2,6.25
1929,0,5.82
1930,2,6.33
1931,0,5.84
1932,4,12.15
1933,4,11.27
1934,1,5.98
1935,4,12.49
1936,3,6.58
1937,2,6.35
1938,0,6.46
1939,2,6.43
1940,1,6.17
1941,2,6.23
1942,1,6.1
1943,0,6.46
1944,1,6.25
1945,3,6.41
1946,3,6.49
1947,4,7.11
1948,0,5.87
1949,3,6.32
1950,4,11.76
1951,1,6.19
1952,4,17.17
1953,2,6.33
1954,3,6.28
1955,4,7.48
1956,2,6.29
1957,1,6.1
1958,0,6.0
1959,4,17.02
1960,1,6.07
1961,0,5.81
1962,2,6.31
1963,0,5.74
1964,3,6.51
1965,4,8.63
1966,0,6.0
1967,2,6.03
1968,1,5.93
1969,4,12.22
1970,3,6.35
1971,1,6.18
1972,3,7.32
1973,1,6.21
1974,0,5.71
1975,0,6.11
1976,3,6.39
1977,0,6.1
1978,1,6.04
1979,2,6.14
1980,2,6.43
1981,1,6.01
1982,4,11.66
1983,1,6.17
1984,4,8.86
1985,1,5.99
1986,1,6.08
1987,1,6.03
1988,0,6.1
1989,3,6.26
1990,0,6.13
1991,0,5.95
1992,4,6.8
1993,4,9.99
1994,3,6.8
1995,1,6.16
1996,0,5.86
1997,0,5.83
1998,3,6.63
1999,2,6.18
2000,1,6.26
2001,1,6.29
2002,2,5.7
2003,0,6.08
2004,1,6.28
2005,4,7.15
2006,1,6.12
2007,0,6.28
2008,0,6.12
2009,0,5.75
2010,1,5.78
2011,1,5.95
2012,3,6.4
2013,3,6.33
2014,4,14.31
2015,0,6.27
2016,3,6.82
2017,4,7.58
2018,0,5.89
2019,1,6.04
2020,0,6.19
2021,3,6.3
2022,2,6.1
2023,1,6.29
2024,3,6.33
2025,3,6.34
2026,1,6.17
2027,1,6.2
2028,2,6.12
2029,2,6.66
2030,0,6.4
2031,3,6.28
2032,3,6.68
2033,0,5.93
2034,4,6.93
2035,0,6.05
2036,0,5.69
2037,4,8.42
2038,1,6.1
2039,0,6.15
2040,4,7.66
2041,0,6.05
2042,1,5.91
2043,3,6.64
2044,1,6.02
2045,3,6.22
2046,1,6.5
2047,3,6.12
2048,3,6.56
2049,0,5.97
2050,2,5.95
2051,2,6.33
2052,3,6.56
2053,0,6.13
2054,1,6.08
2055,2,6.24
2056,3,6.36
2057,2,6.07
2058,2,6.38
2059,2,5.99
2060,4,7.81
2061,1,6.02
2062,3,6.44
2063,1,6.09
2064,0,6.31
2065,0,6.05
2066,3,6.47
2067,2,6.3
2068,3,7.91
2069,1,6.12
2070,2,6.18
2071,4,9.2
2072,2,5.9
2073,1,5.91
2074,4,16.94
2075,2,6.26
2076,1,6.21
2077,0,6.35
2078,0,5.93
2079,3,7.53
2080,1,6.46
2081,1,6.1
2082,2,6.22
2083,3,6.88
2084,0,5.41
2085,1,5.91
2086,2,6.08
2087,0,5.96
2088,3,8.7
2089,3,6.5
2090,4,11.16
2091,0,5.98
2092,3,6.67
2093,1,6.12
2094,3,6.41
2095,3,6.85
2096,4,9.57
2097,2,6.48
2098,2,6.03
2099,3,7.03
2100,0,5.81
2101,4,7.45
2102,3,6.79
2103,4,7.98
2104,0,6.1
2105,3,6.29
2106,2,6.08
2107,4,15.99
2108,4,9.09
2109,1,6.24
2110,2,6.15
2111,4,34.1
2112,2,6.21
2113,1,6.3
2114,2,6.05
2115,4,8.07
2116,1,5.86
2117,2,6.07
2118,0,6.01
2119,4,9.97
2120,1,6.14
2121,4,8.88
2122,1,6.32
2123,1,6.16
2124,3,6.7
2125,1,6.15
2126,2,6.05
2127,4,6.74
2128,2,5.77
2129,3,7.37
2130,3,6.23
2131,0,6.16
2132,0,6.14
2133,4,23.24
2134,3,6.3
2135,3,6.2
2136,2,6.25
2137,0,5.93
2138,1,6.06
2139,3,6.54
2140,4,21.59
2141,1,6.12
2142,3,6.53
2143,4,12.91
2144,1,6.0
2145,2,6.05
2146,4,7.39
2147,2,6.14
2148,4,30.59
2149,0,5.82
2150,4,7.01
2151,2,6.42
2152,3,6.29
2153,3,6.35
2154,1,6.1
2155,4,12.72
2156,0,6.04
2157,2,6.56
2158,2,6.47
2159,0,5.97
2160,2,6.0
2161,1,6.1
2162,4,9.63
2163,1,6.02
2164,3,7.73
2165,1,5.96
2166,4,6.85
2167,1,6.18
2168,4,17.38
2169,2,6.12
2170,0,5.96
2171,3,6.32
2172,4,7.51
2173,3,6.27
2174,2,6.53
2175,4,6.88
2176,2,6.03
2177,4,9.13
2178,2,6.12
2179,0,6.1
2180,2,6.34
2181,2,6.17
2182,1,6.04
2183,1,6.08
2184,3,6.49
2185,4,7.53
2186,0,5.97
2187,2,6.17
2188,4,7.44
2189,1,6.08
2190,0,5.82
2191,1,6.08
2192,1,6.08
2193,4,7.93
2194,3,6.3
2195,0,5.97
2196,2,5.93
2197,1,6.15
2198,4,7.68
2199,3,6.64
2200,4,33.63
2201,3,6.34
2202,3,6.57
2203,2,6.08
2204,3,6.3
2205,2,6.29
2206,3,5.9
2207,3,6.26
2208,3,6.13
2209,0,6.2
2210,1,5.94
2211,1,6.03
2212,4,8.74
2213,4,7.31
2214,3,6.08
2215,2,6.05
2216,3,6.4
2217,0,6.11
2218,3,6.5
2219,1,6.12
2220,3,7.9
2221,4,8.93
2222,3,6.08
2223,1,6.01
2224,1,6.58
2225,1,6.0
2226,3,6.26
2227,3,6.36
2228,1,6.32
2229,3,6.33
2230,1,6.21
2231,1,6.04
2232,1,6.03
2233,4,7.27
2234,3,6.54
2235,1,6.02
2236,4,7.44
2237,0,6.03
2238,2,5.98
2239,4,7.23
2240,2,6.17
2241,3,6.71
2242,1,5.82
2243,2,5.9
2244,0,5.88
2245,1,6.11
2246,2,6.14
2247,4,7.87
2248,1,5.88
2249,1,6.1
2250,3,6.37
2251,4,12.15
2252,2,6.24
2253,1,6.21
2254,1,6.06
2255,1,6.06
2256,3,6.72
2257,3,6.52
2258,2,6.0
2259,0,6.2
2260,2,6.4
2261,1,6.21
2262,2,6.1
2263,2,6.3
2264,1,6.06
2265,1,6.07
2266,3,6.89
2267,3,6.91
2268,3,6.68
2269,0,5.89
2270,3,6.81
2271,1,6.19
2272,1,6.09
2273,0,5.79
2274,1,6.07
2275,1,6.34
2276,3,6.15
2277,2,6.34
2278,3,6.68
2279,2,6.41
2280,3,7.48
2281,3,6.92
2282,4,10.24
2283,4,7.72
2284,1,6.1
2285,4,8.47
2286,3,6.36
2287,3,6.08
2288,2,6.08
2289,2,6.09
2290,0,5.93
2291,4,7.85
2292,0,5.92
2293,0,6.16
2294,0,6.02
2295,2,6.16
2296,3,6.25
2297,1,6.13
2298,3,6.47
2299,0,5.97
2300,4,11.24
2301,3,6.18
2302,1,5.85
2303,2,6.17
2304,4,8.92
2305,2,5.88
2306,3,8.66
2307,2,6.03
2308,4,6.7
2309,4,9.39
2310,2,6.15
2311,1,6.22
2312,1,6.37
2313,2,6.33
2314,2,6.26
2315,3,6.53
2316,2,5.98
2317,0,6.12
2318,1,6.22
2319,4,9.39
2320,0,6.07
2321,3,6.37
2322,1,6.05
2323,4,8.06
2324,0,6.19
2325,2,6.11
2326,1,6.04
2327,0,5.96
2328,1,6.18
2329,4,33.63
2330,3,6.52
2331,1,5.98
2332,1,6.25
2333,2,6.32
2334,4,8.65
2335,1,6.11
2336,0,5.92
2337,0,5.93
2338,0,5.91
2339,1,5.93
2340,3,6.44
2341,1,6.15
2342,4,15.81
2343,4,8.63
2344,0,6.0
2345,2,6.0
2346,4,34.83
2347,0,5.97
2348,2,6.32
2349,3,6.25
2350,4,11.29
2351,4,30.94
2352,1,5.89
2353,3,6.68
2354,3,6.93
2355,2,6.06
2356,0,6.03
2357,1,5.79
2358,3,6.59
2359,4,8.34
2360,1,6.21
2361,2,5.95
2362,0,5.99
2363,3,6.67
2364,0,6.08
2365,3,6.75
2366,3,6.63
2367,3,6.16
2368,3,6.36
2369,4,9.84
2370,3,6.35
2371,4,10.69
2372,0,6.33
2373,1,6.08
2374,2,5.86
2375,4,10.92
2376,2,6.43
2377,3,6.5
2378,4,7.23
2379,3,6.84
2380,4,8.96
2381,0,6.05
2382,4,13.61
2383,2,6.16
2384,3,6.31
2385,4,18.5
2386,1,6.09
2387,4,7.75
2388,3,6.39
2389,3,6.47
2390,2,6.33
2391,3,6.84
2392,1,6.0
2393,2,6.13
2394,1,6.0
2395,3,6.09
2396,0,6.11
2397,1,5.98
2398,4,9.13
2399,2,6.03
2400,0,6.2
2401,0,5.84
2402,1,6.05
2403,2,6.44
2404,1,6.18
2405,2,6.35
2406,4,7.31
2407,2,6.2
2408,3,6.82
2409,2,6.37
2410,1,6.32
2411,1,6.0
2412,4,10.61
2413,1,6.08
2414,4,7.93
2415,4,6.64
2416,0,5.88
2417,0,6.15
2418,0,5.96
2419,1,6.3
2420,2,5.97
2421,1,6.0
2422,2,6.2
2423,2,5.97
2424,1,5.99
2425,0,5.85
2426,2,6.39
2427,1,5.88
2428,2,6.09
2429,4,6.83
2430,1,6.09
2431,1,6.18
2432,1,6.22
2433,3,6.96
2434,1,6.24
2435,2,5.93
2436,0,6.11
2437,1,6.15
2438,2,6.18
2439,1,6.06
2440,1,6.12
2441,1,6.21
2442,1,5.91
2443,4,23.32
2444,1,6.04
2445,3,6.3
2446,0,6.29
2447,3,7.77
2448,3,6.5
2449,4,10.91
2450,4,14.35
2451,2,6.18
2452,0,5.92
2453,2,6.33
2454,1,6.28
2455,1,5.97
2456,4,12.77
2457,3,6.43
2458,3,6.27
2459,4,32.55
2460,3,7.06
2461,4,8.25
2462,0,6.06
2463,0,5.93
2464,0,6.07
2465,0,6.0
2466,2,6.01
2467,2,6.17
2468,4,8.47
2469,0,5.94
2470,4,6.93
2471,2,6.39
2472,4,7.88
2473,2,6.29
2474,4,14.06
2475,4,10.75
2476,2,6.15
2477,3,6.31
2478,1,5.92
2479,4,10.35
2480,1,6.13
2481,3,6.58
2482,4,11.38
2483,4,8.26
2484,0,6.27
2485,4,8.93
2486,3,6.09
2487,2,6.08
2488,1,6.19
2489,4,27.26
2490,1,6.04
2491,0,6.01
2492,1,6.03
2493,3,6.56
2494,3,6.34
2495,1,6.19
2496,2,6.24
2497,4,8.97
2498,4,7.07
2499,0,6.06
2500,3,6.73
2501,2,6.21
2502,2,6.21
2503,2,6.18
2504,2,6.08
2505,4,6.66
2506,0,5.91
2507,0,6.12
2508,0,6.2
2509,3,6.4
2510,3,7.03
2511,0,6.04
2512,1,6.12
2513,1,6.14
2514,0,5.93
2515,0,5.98
2516,0,5.92
2517,3,6.56
2518,4,7.39
2519,1,6.06
2520,3,6.74
2521,1,6.14
2522,3,6.25
2523,0,5.77
2524,0,6.11
2525,2,6.16
2526,4,7.25
2527,0,6.12
2528,4,8.05
2529,0,6.04
2530,1,5.97
2531,4,30.76
2532,2,5.99
2533,1,6.01
2534,2,6.14
2535,0,6.42
2536,1,6.11
2537,4,7.54
2538,4,7.45
2539,4,7.53
2540,1,6.07
2541,3,6.77
2542,1,6.17
2543,4,6.79
2544,4,11.9
2545,2,6.08
2546,3,6.35
2547,0,6.09
2548,3,6.15
2549,4,18.78
2550,0,6.28
2551,3,6.44
2552,0,6.02
2553,0,6.03
2554,4,10.45
2555,2,6.46
2556,2,6.04
2557,0,6.07
2558,1,6.3
2559,2,6.19
2560,0,6.05
2561,0,5.98
2562,1,5.81
2563,1,5.79
2564,2,6.0
2565,1,5.88
2566,4,23.53
2567,4,17.58
2568,3,6.45
2569,0,6.05
2570,1,5.98
2571,2,6.36
2572,1,6.11
2573,1,6.12
2574,3,6.32
2575,1,6.13
2576,1,6.06
2577,3,6.39
2578,0,6.01
2579,4,7.01
2580,2,6.18
2581,1,6.26
2582,0,5.94
2583,0,5.87
2584,3,6.51
2585,2,6.5
2586,0,6.13
2587,2,6.13
2588,1,6.11
2589,1,6.15
2590,1,6.03
2591,3,6.35
2592,4,6.72
2593,4,8.33
2594,4,10.25
2595,4,13.45
2596,4,6.7
2597,1,6.18
2598,3,6.24
2599,0,5.89
2600,2,6.39
2601,2,6.34
2602,0,6.11
2603,4,6.79
2604,2,6.23
2605,2,6.65
2606,0,5.99
2607,1,6.14
2608,4,6.81
2609,1,6.03
2610,1,6.12
2611,4,7.41
2612,3,6.57
2613,0,5.81
2614,2,5.95
2615,4,9.64
2616,0,6.22
2617,2,6.23
2618,3,6.48
2619,1,6.1
2620,4,35.99
2621,1,6.09
2622,2,6.27
2623,1,6.22
2624,2,6.09
2625,2,6.37
2626,3,6.72
2627,3,7.12
2628,2,6.1
2629,2,6.25
2630,2,6.29
2631,2,6.11
2632,4,7.17
2633,0,6.03
2634,1,6.12
2635,4,8.54
2636,4,7.81
2637,0,6.23
2638,4,6.22
2639,2,6.5
2640,2,6.16
2641,0,5.78
2642,4,9.59
2643,3,6.06
2644,1,6.23
2645,2,5.96
2646,2,6.2
2647,0,6.05
2648,0,5.84
2649,1,5.96
2650,2,6.21
2651,0,5.93
2652,3,5.83
2653,2,6.31
2654,4,12.74
2655,2,6.41
2656,1,5.86
2657,4,7.4
2658,4,7.66
2659,3,6.01
2660,2,6.3
2661,1,5.99
2662,2,6.17
2663,1,6.13
2664,2,6.07
2665,0,6.16
2666,3,6.47
2667,2,6.13
2668,0,6.27
2669,1,6.3
2670,2,6.12
2671,0,5.8
2672,0,5.9
2673,0,6.23
2674,1,6.02
2675,2,6.06
2676,2,6.17
2677,0,6.34
2678,4,17.88
2679,4,6.58
2680,4,8.88
2681,3,6.44
2682,3,6.23
2683,3,6.48
2684,0,5.53
2685,3,7.0
2686,2,6.07
2687,4,6.96
2688,4,14.52
2689,2,6.26
2690,1,6.04
2691,4,11.3
2692,2,6.08
2693,3,7.85
2694,4,11.21
2695,2,6.4
2696,2,6.07
2697,1,5.88
2698,3,6.49
2699,2,6.17
2700,0,6.01
2701,4,10.61
2702,3,6.41
2703,4,12.55
2704,1,6.01
2705,3,6.25
2706,0,6.12
2707,2,6.31
2708,2,6.05
2709,0,6.21
2710,4,6.68
2711,0,6.06
2712,3,6.25
2713,4,7.94
2714,3,6.84
2715,1,6.36
2716,4,9.49
2717,2,6.97
2718,0,6.08
2719,2,6.26
2720,4,35.7
2721,4,6.42
2722,0,6.01
2723,0,6.02
2724,3,6.64
2725,4,7.98
2726,3,6.66
2727,1,6.15
2728,3,6.36
2729,4,21.04
2730,1,6.06
2731,4,8.78
2732,4,7.16
2733,3,6.55
2734,2,6.65
2735,2,6.15
2736,2,6.28
2737,2,6.23
2738,0,6.32
2739,4,9.8
2740,3,6.16
2741,3,6.3
2742,3,6.58
2743,3,6.81
2744,2,6.04
2745,1,5.92
2746,0,6.07
2747,0,5.96
2748,1,5.96
2749,3,6.34
2750,3,6.47
2751,2,6.42
2752,0,6.17
2753,3,6.54
2754,2,6.37
2755,2,6.08
2756,3,6.79
2757,2,5.9
2758,4,7.3
2759,1,6.25
2760,2,6.24
2761,0,6.09
2762,2,6.14
2763,1,5.88
2764,3,6.95
2765,0,6.13
2766,2,5.93
2767,3,6.32
2768,3,6.32
2769,0,5.9
2770,0,6.05
2771,1,6.28
2772,4,9.21
2773,4,6.64
2774,1,6.04
2775,2,6.0
2776,3,6.25
2777,2,6.42
2778,2,6.19
2779,3,6.27
2780,4,6.7
2781,4,11.94
2782,0,5.95
2783,4,14.16
2784,4,10.62
2785,0,6.26
2786,4,12.19
2787,4,7.62
2788,4,11.08
2789,3,6.69
2790,4,8.01
2791,0,6.17
2792,2,6.11
2793,0,5.86
2794,4,15.44
2795,1,6.08
2796,0,6.15
2797,1,5.98
2798,0,5.92
2799,1,6.14
2800,0,6.07
2801,3,6.23
2802,1,6.03
2803,4,6.91
2804,0,5.79
2805,2,5.81
2806,4,32.61
2807,2,6.31
2808,0,5.92
2809,2,6.21
2810,3,6.72
2811,1,5.84
2812,3,6.21
2813,1,6.0
2814,3,6.41
2815,3,6.72
2816,0,5.88
2817,0,5.84
2818,4,8.56
2819,0,6.07
2820,1,6.02
2821,3,6.14
2822,0,6.16
2823,0,5.9
2824,0,5.99
2825,2,6.23
2826,3,6.26
2827,0,5.91
2828,0,6.28
2829,2,6.25
2830,2,6.0
2831,2,6.11
2832,2,6.23
2833,3,6.33
2834,2,6.32
2835,2,6.26
2836,4,7.15
2837,0,5.83
2838,3,6.21
2839,1,6.28
2840,3,6.89
2841,1,6.03
2842,4,8.77
2843,1,6.15
2844,2,6.36
2845,4,17.65
2846,1,6.01
2847,2,6.68
2848,3,7.02
2849,4,6.47
2850,1,6.12
2851,3,6.46
2852,2,6.06
2853,2,6.12
2854,2,6.23
2855,2,6.22
2856,3,6.27
2857,1,6.13
2858,2,6.41
2859,3,6.24
2860,1,6.32
2861,4,10.71
2862,1,5.94
2863,1,6.21
2864,3,6.04
2865,3,6.9
2866,1,6.31
2867,1,6.04
2868,4,7.26
2869,0,6.02
2870,4,6.81
2871,4,8.62
2872,4,18.98
2873,4,10.52
2874,3,7.03
2875,4,6.58
2876,3,6.56
2877,4,7.33
2878,0,6.01
2879,2,6.1
2880,4,19.02
2881,0,5.99
2882,0,6.01
2883,3,6.25
2884,0,6.06
2885,4,27.29
2886,0,5.96
2887,2,5.97
2888,4,14.35
2889,2,6.09
2890,2,6.18
2891,2,6.02
2892,3,6.66
2893,2,6.29
2894,4,6.62
2895,4,9.76
2896,3,6.34
2897,4,7.5
2898,2,6.17
2899,4,7.05
2900,4,30.18
2901,4,13.26
2902,1,6.2
2903,2,6.06
2904,1,6.04
2905,2,6.19
2906,4,7.07
2907,1,6.15
2908,1,6.18
2909,2,5.99
2910,2,6.39
2911,1,6.03
2912,4,11.07
2913,2,6.2
2914,3,6.31
2915,1,5.9
2916,1,6.05
2917,3,6.59
2918,1,6.1
2919,4,8.11
2920,4,7.1
2921,3,6.4
2922,3,6.72
2923,2,6.29
2924,2,6.08
2925,1,5.88
2926,2,6.25
2927,1,5.95
2928,1,5.9
2929,2,6.29
2930,0,6.05
2931,3,7.25
2932,3,6.28
2933,4,15.7
2934,3,6.15
2935,1,6.21
2936,4,9.3
2937,0,5.94
2938,0,6.01
2939,3,6.54
2940,0,6.23
2941,3,6.31
2942,1,6.23
2943,1,6.23
2944,1,5.98
2945,3,6.2
2946,1,6.27
2947,3,6.52
2948,2,5.97
2949,4,8.15
2950,1,5.99
2951,3,6.34
2952,4,11.73
2953,0,5.81
2954,3,6.44
2955,2,6.14
2956,1,6.13
2957,4,7.22
2958,2,6.35
2959,0,6.21
2960,1,6.27
2961,1,6.28
2962,2,6.35
2963,1,6.09
2964,1,6.22
2965,0,6.03
2966,4,7.65
2967,1,6.23
2968,3,6.38
2969,0,5.91
2970,0,5.99
2971,4,9.26
2972,0,6.0
2973,0,6.01
2974,2,6.1
2975,1,6.07
2976,1,6.08
2977,1,6.24
2978,0,6.02
2979,0,5.93
2980,3,6.46
2981,2,6.42
2982,3,6.37
2983,3,6.32
2984,0,6.17
2985,0,5.73
2986,3,7.08
2987,2,6.06
2988,4,8.62
2989,1,6.19
2990,0,5.86
2991,1,6.02
2992,3,6.15
2993,2,6.29
2994,1,5.95
2995,3,6.76
2996,1,6.33
2997,0,6.22
2998,3,6.48
2999,1,6.43
3000,0,6.19
3001,2,6.08
3002,0,5.92
3003,4,7.25
3004,0,6.08
3005,4,7.79
3006,3,6.65
3007,1,6.13
3008,1,5.93
3009,3,6.01
3010,1,6.28
3011,2,6.37
3012,1,5.99
3013,1,5.92
3014,4,6.12
3015,4,19.78
3016,3,6.71
3017,1,6.18
3018,0,5.91
3019,0,6.02
3020,2,6.18
3021,2,6.14
3022,2,6.45
3023,2,6.19
3024,0,6.01
3025,2,6.0
3026,4,9.3
3027,0,6.22
3028,3,6.13
3029,1,6.12
3030,0,6.14
3031,4,13.43
3032,2,6.15
3033,0,5.98
3034,0,6.1
3035,4,9.65
3036,1,6.32
3037,3,6.42
3038,2,6.37
3039,1,6.09
3040,2,5.9
3041,0,6.08
3042,2,6.11
3043,0,6.05
3044,3,7.07
3045,1,6.16
3046,3,6.8
3047,3,6.64
3048,2,5.75
3049,2,6.2
3050,3,6.55
3051,3,6.53
3052,3,6.32
3053,4,14.78
3054,1,6.05
3055,0,5.82
3056,0,6.11
3057,3,6.8
3058,2,6.49
3059,4,15.31
3060,4,6.94
3061,4,23.09
3062,3,7.01
3063,0,6.18
3064,2,6.44
3065,0,6.26
3066,1,5.96
3067,3,6.84
3068,1,6.16
3069,1,5.9
3070,4,7.01
3071,4,7.18
3072,0,6.05
3073,1,6.22
3074,2,6.39
3075,0,5.93
3076,4,8.51
3077,1,6.16
3078,0,5.95
3079,3,7.18
3080,2,6.46
3081,3,6.48
3082,0,5.83
3083,3,6.35
3084,1,6.06
3085,1,6.34
3086,0,6.02
3087,2,6.22
3088,3,6.41
3089,0,5.95
3090,3,6.41
3091,1,6.08
3092,4,7.53
3093,1,6.24
3094,3,6.72
3095,0,6.03
3096,1,6.06
3097,3,6.91
3098,0,6.23
3099,1,5.99
3100,4,12.37
3101,4,9.5
3102,0,6.04
3103,0,6.24
3104,3,6.51
3105,0,6.12
3106,4,16.45
3107,3,6.67
3108,1,6.06
3109,4,8.15
3110,3,6.35
3111,2,6.39
3112,2,6.42
3113,1,5.94
3114,1,5.95
3115,3,6.33
3116,2,5.92
3117,0,5.8
3118,0,6.26
3119,3,6.86
3120,1,6.09
3121,3,6.14
3122,4,9.84
3123,4,7.29
3124,0,6.15
3125,1,6.12
3126,1,5.97
3127,4,7.57
3128,3,6.62
3129,4,11.56
3130,4,9.65
3131,4,15.57
3132,3,6.86
3133,1,6.11
3134,4,7.79
3135,3,6.14
3136,1,6.15
3137,2,6.14
3138,1,6.06
3139,2,6.1
3140,4,11.72
3141,2,6.31
3142,2,6.22
3143,4,7.85
3144,4,6.94
3145,1,6.09
3146,1,6.14
3147,3,6.3
3148,1,7.03
3149,0,6.07
3150,0,6.08
3151,0,6.19
3152,4,20.85
3153,1,6.2
3154,0,6.09
3155,1,6.04
3156,1,5.96
3157,0,6.1
3158,1,6.26
3159,4,11.56
3160,3,6.47
3161,1,6.06
3162,3,5.93
3163,2,5.85
3164,1,6.25
3165,1,6.1
3166,0,6.11
3167,0,6.04
3168,2,6.08
3169,1,6.15
3170,0,6.08
3171,3,6.34
3172,2,6.98
3173,3,6.44
3174,0,6.25
3175,1,6.23
3176,1,6.07
3177,4,7.57
3178,0,6.05
3179,2,6.03
3180,2,6.11
3181,4,8.26
3182,1,6.08
3183,4,10.51
3184,3,6.35
3185,2,6.1
3186,1,5.87
3187,0,5.91
3188,0,5.9
3189,4,21.48
3190,2,6.45
3191,4,13.99
3192,2,6.27
3193,1,5.98
3194,0,6.05
3195,1,5.94
3196,2,6.17
3197,2,6.16
3198,1,6.17
3199,2,6.29
3200,2,6.13
3201,0,8.52
3202,1,6.42
3203,2,6.52
3204,0,6.09
3205,2,5.96
3206,4,11.24
3207,3,6.8
3208,1,6.12
3209,2,6.3
3210,0,5.63
3211,4,11.94
3212,4,6.89
3213,1,6.03
3214,3,6.32
3215,3,6.1
3216,4,6.95
3217,1,6.07
3218,0,6.31
3219,3,6.56
3220,0,5.86
3221,3,6.63
3222,1,6.16
3223,4,6.59
3224,3,5.97
3225,2,6.2
3226,4,35.99
3227,4,13.73
3228,0,6.05
3229,3,6.95
3230,1,5.95
3231,4,8.33
3232,2,6.15
3233,1,6.04
3234,1,5.95
3235,2,6.2
3236,0,6.07
3237,0,6.0
3238,1,6.06
3239,4,23.69
3240,3,6.9
3241,2,6.09
3242,3,6.27
3243,4,8.84
3244,3,6.16
3245,4,11.5
3246,2,6.1
3247,4,11.08
3248,0,6.18
3249,1,6.6
3250,4,16.63
3251,1,5.97
3252,4,29.34
3253,3,6.84
3254,2,6.21
3255,4,27.89
3256,2,6.34
3257,1,5.99
3258,4,7.08
3259,1,6.07
3260,1,6.24
3261,0,6.22
3262,4,8.5
3263,2,6.21
3264,2,6.07
3265,3,6.28
3266,0,5.95
3267,1,6.11
3268,4,12.7
3269,1,6.33
3270,3,6.0
3271,0,6.51
3272,4,7.92
3273,4,10.5
3274,3,6.26
3275,1,6.18
3276,2,6.1
3277,4,7.39
3278,2,6.2
3279,0,5.89
3280,2,6.06
3281,3,6.33
3282,1,6.18
3283,4,29.82
3284,2,6.25
3285,3,6.36
3286,4,6.83
3287,1,5.97
3288,2,6.1
3289,0,6.2
3290,2,6.18
3291,0,6.15
3292,0,5.69
3293,4,7.5
3294,3,6.3
3295,2,6.31
3296,2,6.06
3297,4,7.63
3298,3,6.15
3299,3,6.29
3300,0,6.39
3301,0,6.03
3302,1,5.89
3303,4,7.26
3304,2,6.32
3305,0,6.09
3306,0,6.22
3307,3,6.69
3308,4,8.62
3309,3,6.23
3310,2,6.8
3311,2,6.31
3312,2,6.05
3313,4,8.86
3314,1,6.02
3315,0,6.07
3316,1,6.16
3317,0,6.12
3318,4,7.23
3319,2,6.19
3320,4,12.82
3321,2,6.15
3322,4,26.12
3323,1,6.24
3324,3,6.45
3325,2,6.47
3326,1,6.63
3327,3,6.14
3328,2,6.12
3329,1,6.16
3330,1,5.85
3331,2,6.27
3332,4,35.12
3333,3,6.21
3334,3,6.7
3335,1,6.04
3336,1,6.38
3337,4,8.47
3338,4,35.99
3339,4,15.57
3340,3,6.55
3341,0,6.08
3342,0,6.09
3343,1,6.06
3344,4,6.83
3345,2,6.23
3346,0,5.97
3347,2,6.34
3348,0,6.04
3349,0,6.11
3350,4,6.66
3351,0,5.9
3352,0,5.97
3353,3,6.85
3354,0,5.93
3355,0,5.99
3356,3,6.41
3357,3,7.93
3358,1,6.41
3359,1,5.71
3360,2,5.96
3361,3,8.39
3362,1,6.15
3363,3,6.89
3364,2,6.05
3365,2,6.33
3366,4,15.88
3367,1,5.92
3368,1,5.96
3369,2,6.18
3370,1,6.23
3371,1,6.01
3372,4,7.91
3373,1,6.18
3374,4,25.16
3375,3,6.42
3376,3,6.27
3377,4,7.62
3378,0,6.0
3379,3,6.39
3380,1,6.19
3381,1,6.21
3382,2,6.22
3383,4,30.94
3384,1,6.04
3385,3,6.81
3386,2,6.08
3387,2,6.25
3388,3,6.51
3389,0,5.87
3390,1,6.26
3391,0,6.3
3392,3,5.2
3393,2,6.57
3394,2,6.31
3395,0,6.02
3396,3,6.05
3397,2,6.06
3398,4,17.71
3399,1,6.12
3400,3,6.4
3401,0,6.06
3402,4,13.99
3403,4,7.58
3404,3,7.41
3405,2,6.06
3406,1,6.19
3407,3,6.36
3408,3,6.12
3409,1,6.15
3410,2,6.1
3411,1,5.92
3412,3,6.31
3413,4,17.8
3414,4,10.43
3415,1,6.08
3416,1,5.94
3417,0,6.21
3418,3,6.66
3419,1,6.11
3420,3,6.5
3421,0,6.1
3422,3,8.94
3423,0,6.06
3424,4,27.17
3425,2,6.04
3426,1,6.11
3427,1,6.15
3428,1,6.13
3429,1,6.5
3430,3,6.63
3431,0,6.06
3432,0,6.18
3433,4,7.93
3434,2,6.0
3435,2,6.15
3436,4,18.31
3437,2,6.28
3438,4,6.7
3439,4,33.16
3440,1,6.25
3441,2,6.34
3442,0,5.99
3443,3,6.03
3444,2,6.25
3445,2,6.01
3446,1,6.12
3447,1,6.06
3448,1,6.01
3449,1,6.16
3450,3,6.37
3451,2,5.91
3452,3,7.57
3453,1,6.18
3454,1,6.18
3455,4,9.17
3456,1,6.09
3457,2,6.05
3458,2,6.47
3459,3,6.22
3460,0,6.01
3461,3,6.67
3462,1,5.93
3463,2,6.25
3464,3,6.17
3465,1,6.37
3466,3,6.38
3467,0,5.89
3468,1,5.97
3469,4,12.23
3470,3,6.21
3471,3,6.65
3472,0,5.78
3473,3,7.31
3474,3,6.64
3475,2,6.5
3476,3,6.17
3477,1,5.93
3478,3,5.88
3479,2,6.31
3480,4,8.46
3481,2,6.07
3482,1,6.3
3483,0,6.18
3484,2,6.06
3485,3,6.41
3486,4,14.72
3487,1,6.12
3488,4,7.52
3489,4,14.43
3490,4,9.56
3491,3,5.91
3492,1,6.17
3493,3,6.65
3494,3,6.15
3495,1,5.91
3496,4,9.47
3497,1,6.22
3498,0,5.89
3499,4,12.8
3500,0,6.14
3501,2,6.34
3502,2,6.07
3503,2,6.39
3504,1,6.03
3505,4,31.81
3506,3,6.79
3507,4,30.11
3508,2,6.38
3509,2,6.3
3510,1,6.08
3511,1,5.7
3512,2,6.3
3513,3,6.4
3514,0,5.86
3515,3,6.17
3516,2,6.0
3517,0,5.97
3518,1,6.14
3519,3,6.54
3520,0,5.99
3521,2,6.12
3522,0,5.9
3523,1,6.15
3524,0,5.86
3525,0,6.02
3526,0,6.15
3527,0,6.03
3528,4,8.47
3529,2,6.2
3530,4,10.46
3531,2,5.89
3532,3,6.43
3533,0,5.85
3534,2,6.03
3535,2,6.2
3536,3,6.82
3537,3,6.47
3538,1,5.92
3539,2,5.87
3540,1,6.04
3541,2,6.25
3542,1,6.02
3543,2,6.35
3544,2,6.41
3545,3,6.13
3546,2,5.8
3547,1,6.15
3548,4,7.8
3549,2,6.48
3550,0,6.02
3551,0,5.83
3552,2,6.08
3553,2,6.25
3554,2,6.66
3555,1,5.98
3556,1,6.07
3557,1,5.93
3558,0,5.79
3559,0,6.21
3560,0,6.18
3561,1,6.0
3562,3,6.87
3563,3,6.65
3564,0,6.35
3565,1,6.17
3566,3,6.51
3567,3,6.21
3568,1,6.08
3569,3,6.6
3570,4,18.18
3571,3,6.01
3572,2,6.42
3573,2,6.28
3574,1,6.08
3575,3,6.67
3576,4,7.34
3577,4,21.76
3578,2,6.26
3579,2,6.56
3580,3,6.11
3581,3,6.45
3582,4,11.95
3583,2,6.27
3584,3,6.36
3585,2,6.3
3586,0,6.19
3587,2,6.09
3588,1,5.89
3589,3,6.34
3590,3,6.01
3591,0,6.02
3592,2,6.13
3593,2,6.09
3594,0,6.23
3595,1,6.35
3596,0,6.33
3597,3,6.78
3598,2,6.22
3599,3,6.47
3600,1,6.3
3601,3,6.7
3602,0,5.85
3603,4,31.49
3604,0,5.91
3605,2,5.98
3606,4,7.56
3607,1,5.92
3608,4,11.89
3609,0,6.01
3610,2,6.29
3611,0,6.12
3612,3,6.79
3613,3,6.67
3614,0,6.03
3615,2,6.02
3616,0,5.91
3617,4,9.37
3618,4,8.4
3619,4,10.55
3620,2,6.11
3621,1,6.04
3622,4,7.25
3623,2,6.28
3624,1,6.02
3625,2,6.06
3626,3,6.11
3627,1,6.08
3628,0,5.82
3629,1,6.11
3630,1,6.15
3631,3,6.63
3632,3,6.84
3633,4,15.83
3634,3,6.52
3635,1,6.28
3636,2,5.97
3637,1,6.18
3638,0,5.7
3639,0,6.08
3640,2,6.36
3641,1,6.22
3642,0,6.03
3643,0,5.82
3644,4,6.53
3645,1,6.06
3646,1,5.83
3647,1,6.14
3648,4,25.38
3649,2,6.22
3650,1,6.16
3651,2,6.36
3652,2,5.89
3653,0,5.92
3654,3,6.37
3655,4,7.33
3656,1,6.09
3657,2,6.61
3658,0,6.13
3659,0,6.34
3660,3,7.0
3661,4,10.0
3662,1,6.24
3663,2,6.17
3664,3,6.51
3665,2,6.27
3666,1,6.19
3667,4,9.47
3668,0,5.94
3669,1,6.02
3670,3,6.11
3671,2,6.2
3672,1,5.98
3673,3,6.15
3674,0,5.96
3675,0,5.83
3676,0,6.13
3677,4,19.69
3678,2,6.1
3679,1,5.92
3680,1,5.85
3681,2,6.19
3682,1,6.17
3683,3,7.02
3684,0,6.05
3685,0,5.94
3686,4,6.89
3687,1,6.29
3688,1,6.26
3689,1,6.09
3690,3,7.26
3691,0,6.05
3692,1,5.97
3693,2,6.08
3694,3,6.65
3695,4,7.9
3696,3,6.49
3697,0,6.15
3698,1,6.34
3699,1,6.37
3700,1,6.14
3701,2,5.97
3702,3,6.9
3703,0,5.96
3704,2,6.07
3705,4,19.84
3706,3,7.39
3707,1,6.76
3708,3,5.88
3709,0,6.09
3710,3,6.21
3711,0,5.92
3712,1,6.09
3713,3,6.54
3714,4,10.19
3715,1,6.24
3716,4,13.31
3717,4,19.46
3718,2,6.52
3719,1,6.29
3720,0,6.35
3721,1,6.06
3722,0,6.06
3723,3,6.61
3724,4,10.66
3725,3,6.66
3726,1,6.1
3727,3,6.1
3728,2,6.2
3729,4,7.1
3730,2,6.2
3731,4,7.32
3732,2,6.21
3733,2,6.36
3734,0,5.98
3735,4,6.91
3736,3,6.39
3737,4,7.34
3738,2,6.51
3739,2,6.48
3740,1,5.89
3741,2,5.99
3742,4,9.86
3743,3,6.48
3744,0,6.21
3745,0,6.12
3746,4,12.27
3747,1,6.05
3748,4,6.8
3749,3,6.38
3750,4,8.59
3751,4,7.91
3752,1,6.16
3753,3,7.11
3754,0,6.3
3755,0,6.0
3756,0,5.84
3757,4,23.19
3758,4,11.57
3759,0,6.19
3760,2,5.92
3761,0,6.21
3762,1,6.29
3763,4,7.59
3764,2,6.2
3765,1,6.09
3766,4,12.46
3767,4,7.32
3768,3,6.8
3769,1,6.07
3770,4,7.21
3771,4,8.05
3772,1,6.13
3773,3,6.19
3774,0,5.81
3775,3,6.21
3776,1,5.99
3777,1,6.12
3778,3,7.31
3779,0,5.82
3780,3,7.77
3781,3,6.46
3782,1,6.13
3783,1,6.05
3784,1,6.11
3785,4,10.28
3786,0,6.06
3787,1,6.16
3788,4,29.52
3789,0,5.96
3790,3,6.48
3791,2,6.14
3792,2,6.19
3793,0,5.73
3794,1,6.29
3795,0,6.07
3796,1,6.33
3797,1,6.38
3798,2,6.18
3799,3,7.32
3800,2,6.23
3801,0,5.95
3802,3,6.39
3803,1,6.05
3804,0,5.95
3805,2,6.13
3806,3,6.46
3807,1,6.4
3808,4,8.99
3809,1,6.28
3810,2,6.22
3811,0,5.9
3812,2,6.14
3813,3,6.88
3814,1,6.1
3815,4,13.71
3816,2,6.09
3817,3,6.99
3818,2,6.01
3819,1,6.24
3820,0,5.92
3821,0,5.82
3822,2,6.1
3823,2,6.07
3824,4,7.5
3825,0,6.18
3826,1,5.92
3827,3,6.27
3828,3,6.75
3829,2,6.34
3830,0,5.77
3831,1,5.89
3832,0,5.83
3833,4,10.3
3834,3,6.57
3835,2,6.39
3836,3,6.19
3837,1,6.1
3838,3,6.92
3839,1,6.3
3840,3,5.9
3841,1,6.1
3842,4,9.7
3843,3,5.87
3844,3,6.28
3845,0,5.67
3846,3,6.57
3847,3,6.68
3848,1,6.15
3849,1,5.87
3850,3,6.48
3851,2,6.06
3852,1,5.95
3853,3,6.98
3854,3,7.0
3855,1,6.13
3856,1,6.24
3857,0,5.93
3858,0,6.08
3859,0,5.89
3860,2,6.37
3861,1,6.06
3862,3,6.2
3863,3,6.69
3864,2,6.0
3865,2,6.08
3866,3,7.62
3867,0,6.02
3868,0,5.81
3869,3,8.2
3870,4,10.71
3871,1,6.02
3872,3,6.9
3873,1,6.06
3874,2,6.07
3875,2,6.17
3876,0,5.88
3877,3,6.5
3878,4,15.63
3879,1,6.19
3880,0,6.17
3881,1,6.15
3882,2,6.22
3883,3,6.24
3884,0,5.99
3885,3,6.78
3886,1,6.1
3887,2,6.47
3888,4,8.11
3889,1,6.21
3890,0,5.76
3891,2,6.2
3892,4,29.68
3893,1,5.97
3894,3,6.43
3895,0,6.19
3896,1,6.36
3897,3,6.6
3898,1,6.04
3899,0,5.96
3900,1,6.19
3901,3,6.52
3902,4,7.09
3903,2,6.0
3904,1,5.99
3905,2,5.97
3906,0,5.95
3907,0,6.0
3908,2,6.15
3909,4,18.53
3910,0,6.16
3911,3,6.35
3912,3,6.51
3913,0,6.11
3914,2,6.23
3915,0,5.82
3916,3,6.97
3917,1,6.19
3918,1,6.15
3919,2,6.62
3920,3,5.96
3921,2,6.23
3922,0,5.91
3923,3,6.39
3924,0,6.1
3925,3,6.29
3926,4,22.94
3927,2,6.14
3928,2,6.16
3929,2,6.15
3930,4,7.57
3931,0,6.14
3932,3,6.24
3933,3,7.26
3934,0,5.9
3935,0,5.95
3936,0,6.15
3937,3,6.2
3938,1,6.28
3939,3,7.59
3940,3,6.24
3941,4,35.84
3942,1,5.98
3943,1,5.85
3944,4,9.64
3945,4,7.9
3946,0,5.86
3947,2,6.11
3948,2,6.09
3949,2,6.62
3950,4,33.38
3951,0,6.09
3952,3,6.25
3953,2,6.21
3954,4,10.73
3955,3,6.55
3956,1,6.14
3957,1,6.11
3958,2,6.18
3959,1,6.03
3960,3,6.11
3961,1,6.01
3962,3,7.79
3963,4,10.1
3964,4,6.99
3965,3,6.26
3966,0,6.17
3967,0,6.11
3968,0,5.94
3969,0,6.13
3970,3,7.13
3971,1,5.88
3972,2,5.93
3973,0,6.32
3974,4,21.7
3975,3,6.41
3976,1,5.96
3977,1,6.03
3978,2,6.23
3979,2,6.21
3980,4,8.75
3981,2,6.44
3982,2,6.24
3983,3,6.81
3984,3,6.68
3985,0,6.17
3986,0,5.81
3987,1,6.38
3988,2,6.31
3989,4,10.79
3990,4,8.18
3991,1,6.05
3992,1,6.01
3993,0,5.85
3994,1,6.25
3995,1,6.07
3996,4,7.89
3997,3,6.51
3998,3,6.54
3999,1,5.97
4000,0,6.06
4001,3,6.66
4002,1,6.14
4003,2,6.48
4004,1,6.17
4005,0,6.46
4006,3,6.76
4007,4,13.46
4008,2,6.01
4009,4,8.81
4010,4,7.55
4011,4,10.74
4012,1,6.11
4013,1,6.59
4014,4,9.93
4015,3,6.25
4016,4,7.76
4017,2,6.19
4018,3,6.12
4019,0,5.99
4020,1,5.97
4021,0,6.17
4022,1,6.09
4023,3,6.34
4024,2,6.72
4025,1,6.09
4026,0,6.08
4027,2,6.15
4028,3,6.61
4029,0,5.82
4030,1,6.2
4031,4,8.09
4032,0,6.12
4033,4,11.03
4034,4,11.98
4035,1,6.12
4036,4,13.65
4037,2,6.1
4038,1,6.0
4039,0,6.02
4040,1,6.25
4041,0,6.14
4042,1,6.17
4043,0,5.84
4044,3,6.75
4045,4,11.05
4046,2,6.29
4047,4,6.73
4048,1,6.11
4049,4,8.84
4050,1,6.09
4051,2,6.35
4052,3,6.14
4053,3,6.11
4054,0,6.03
4055,3,6.51
4056,4,7.59
4057,3,6.64
4058,2,6.48
4059,4,8.37
4060,3,6.27
4061,0,6.48
4062,0,6.06
4063,2,6.1
4064,0,6.12
4065,1,6.17
4066,1,6.2
4067,3,6.41
4068,3,6.42
4069,1,6.32
4070,0,5.98
4071,3,6.58
4072,1,6.04
4073,1,6.26
4074,0,6.33
4075,1,6.07
4076,2,6.19
4077,2,6.12
4078,2,6.09
4079,1,6.19
4080,1,6.16
4081,1,6.23
4082,4,6.57
4083,1,6.03
4084,0,6.08
4085,1,6.15
4086,3,6.32
4087,1,6.08
4088,2,6.1
4089,3,6.67
4090,3,6.7
4091,4,27.32
4092,2,6.17
4093,2,6.25
4094,0,6.17
4095,0,6.13
4096,3,6.17
4097,4,12.43
4098,3,6.19
4099,3,6.43
4100,3,6.23
4101,3,7.02
4102,4,8.42
4103,1,6.14
4104,4,12.13
4105,1,6.0
4106,1,6.02
4107,0,6.14
4108,3,6.67
4109,4,8.25
4110,0,6.13
4111,2,6.07
4112,2,6.13
4113,1,6.07
4114,4,6.91
4115,1,6.31
4116,3,7.29
4117,1,6.43
4118,0,6.01
4119,1,6.2
4120,2,5.96
4121,3,6.28
4122,2,6.37
4123,4,8.78
4124,3,6.14
4125,0,5.99
4126,1,6.27
4127,4,7.19
4128,3,6.58
4129,0,6.17
4130,0,5.87
4131,2,6.39
4132,1,5.97
4133,0,5.89
4134,0,6.3
4135,1,6.15
4136,2,6.75
4137,2,6.52
4138,3,6.23
4139,1,6.02
4140,3,6.13
4141,0,6.11
4142,1,6.38
4143,4,9.0
4144,2,6.1
4145,3,6.39
4146,3,6.21
4147,2,6.18
4148,4,9.17
4149,3,6.89
4150,0,5.99
4151,0,6.07
4152,4,13.25
4153,1,6.17
4154,2,6.19
4155,1,6.23
4156,3,6.43
4157,1,5.97
4158,3,6.2
4159,4,13.19
4160,2,6.31
4161,4,7.81
4162,1,6.07
4163,2,6.31
4164,0,6.26
4165,1,6.12
4166,4,6.82
4167,0,6.09
4168,2,6.35
4169,0,5.97
4170,0,6.2
4171,4,9.31
4172,1,6.42
4173,1,6.16
4174,2,6.16
4175,1,6.23
4176,4,8.15
4177,1,6.32
4178,1,6.15
4179,2,6.24
4180,4,8.23
4181,4,8.85
4182,2,6.1
4183,2,6.26
4184,0,5.92
4185,0,6.03
4186,3,7.33
4187,4,7.08
4188,1,6.09
4189,4,9.08
4190,0,5.84
4191,2,6.13
4192,1,6.06
4193,0,5.55
4194,4,8.24
4195,3,6.41
4196,2,6.1
4197,1,5.98
4198,1,6.12
4199,3,7.36
4200,0,5.95
4201,4,11.21
4202,3,6.54
4203,1,6.19
4204,1,6.17
4205,0,5.98
4206,0,6.11
4207,2,6.11
4208,2,5.98
4209,1,6.45
4210,1,5.95
4211,2,6.1
4212,4,6.6
4213,4,35.99
4214,4,9.62
4215,2,6.16
4216,1,6.0
4217,3,6.24
4218,1,6.29
4219,2,6.19
4220,0,6.24
4221,4,7.24
4222,2,6.09
4223,2,6.16
4224,3,6.4
4225,2,6.03
4226,4,8.07
4227,1,6.1
4228,3,6.3
4229,2,6.19
4230,1,5.86
4231,2,6.45
4232,1,6.39
4233,1,5.93
4234,0,6.12
4235,1,6.14
4236,1,5.84
4237,4,16.67
4238,3,6.45
4239,2,6.33
4240,4,34.53
4241,4,14.14
4242,1,6.08
4243,3,6.31
4244,1,6.24
4245,0,5.95
4246,4,10.64
4247,2,6.02
4248,3,6.54
4249,2,6.19
4250,2,6.2
4251,4,11.67
4252,0,5.97
4253,1,5.98
4254,3,6.28
4255,0,6.28
4256,0,5.92
4257,2,6.14
4258,2,6.45
4259,1,5.87
4260,2,6.58
4261,1,6.15
4262,4,8.74
4263,4,8.15
4264,3,6.5
4265,4,8.54
4266,0,6.22
4267,3,6.47
4268,2,6.21
4269,3,8.08
4270,3,7.48
4271,4,11.55
4272,2,6.21
4273,4,7.39
4274,2,6.15
4275,1,6.3
4276,4,17.98
4277,3,6.23
4278,0,5.97
4279,2,6.31
4280,1,5.81
4281,4,9.22
4282,3,6.06
4283,3,8.2
4284,3,6.35
4285,3,6.8
4286,3,6.68
4287,4,10.97
4288,4,8.94
4289,1,5.92
4290,1,5.99
4291,0,5.9
4292,3,6.54
4293,4,12.45
4294,4,9.28
4295,1,6.08
4296,1,6.19
4297,4,6.63
4298,3,6.78
4299,4,6.62
4300,4,8.28
4301,1,6.1
4302,4,8.82
4303,2,6.11
4304,3,6.37
4305,4,9.21
4306,1,5.97
4307,0,6.12
4308,1,5.99
4309,4,10.74
4310,3,6.3
4311,1,5.99
4312,3,6.28
4313,1,5.89
4314,3,6.86
4315,3,6.49
4316,0,5.9
4317,3,6.2
4318,0,6.11
4319,4,8.46
4320,3,6.13
4321,3,6.95
4322,2,6.68
4323,0,5.9
4324,1,6.24
4325,1,6.2
4326,4,7.23
4327,0,6.04
4328,3,5.93
4329,2,5.86
4330,4,7.04
4331,1,6.2
4332,4,7.59
4333,0,5.87
4334,0,5.9
4335,4,9.89
4336,1,6.14
4337,4,10.93
4338,0,6.08
4339,1,6.12
4340,4,9.97
4341,4,28.58
4342,2,6.29
4343,0,5.85
4344,2,6.15
4345,0,6.0
4346,0,6.23
4347,0,6.04
4348,2,6.12
4349,3,6.25
4350,2,6.39
4351,2,6.06
4352,0,5.93
4353,2,6.39
4354,3,6.35
4355,4,7.74
4356,1,5.96
4357,4,6.73
4358,1,6.09
4359,3,6.8
4360,1,6.02
4361,3,6.38
4362,0,6.37
4363,1,6.07
4364,4,7.32
4365,0,6.13
4366,2,6.02
4367,4,9.24
4368,3,6.24
4369,0,6.07
4370,1,6.11
4371,1,6.09
4372,2,6.06
4373,2,6.35
4374,1,6.01
4375,1,6.18
4376,2,6.11
4377,1,6.25
4378,1,6.11
4379,3,6.41
4380,4,34.43
4381,1,5.87
4382,2,6.12
4383,2,6.11
4384,4,29.67
4385,4,10.16
4386,1,6.06
4387,0,6.17
4388,3,6.49
4389,4,10.29
4390,0,5.99
4391,2,6.41
4392,2,6.12
4393,2,6.31
4394,3,6.51
4395,0,6.1
4396,4,8.28
4397,3,6.54
4398,4,11.04
4399,2,6.24
4400,3,6.86
4401,0,6.09
4402,1,5.98
4403,0,5.74
4404,0,6.26
4405,2,6.3
4406,0,6.11
4407,3,8.36
4408,3,6.16
4409,2,6.21
4410,3,6.64
4411,1,6.17
4412,3,6.23
4413,1,6.04
4414,0,6.13
4415,1,6.14
4416,1,6.06
4417,3,6.24
4418,3,6.39
4419,3,6.73
4420,2,5.92
4421,3,6.18
4422,3,6.35
4423,4,6.85
4424,1,6.12
4425,2,6.34
4426,2,6.27
4427,1,6.23
4428,1,6.13
4429,4,9.33
4430,2,6.33
4431,0,6.23
4432,4,7.07
4433,2,6.23
4434,2,6.02
4435,1,6.3
4436,4,10.89
4437,1,6.06
4438,4,8.99
4439,4,29.87
4440,4,8.29
4441,3,6.42
4442,0,5.86
4443,1,6.06
4444,1,5.92
4445,3,6.82
4446,1,6.07
4447,2,6.33
4448,2,5.65
4449,3,6.79
4450,0,5.61
4451,1,5.93
4452,1,6.11
4453,3,6.09
4454,1,6.43
4455,0,5.88
4456,2,6.21
4457,0,6.05
4458,0,5.86
4459,1,6.01
4460,1,6.45
4461,3,6.22
4462,3,6.5
4463,1,6.42
4464,3,6.57
4465,2,5.96
4466,4,7.37
4467,1,5.99
4468,4,27.44
4469,3,6.6
4470,1,6.23
4471,4,6.96
4472,2,6.43
4473,2,6.18
4474,4,7.26
4475,3,7.28
4476,0,5.89
4477,3,6.71
4478,4,7.66
4479,2,6.13
4480,4,27.96
4481,0,6.26
4482,3,6.47
4483,0,5.58
4484,1,6.4
4485,3,6.4
4486,3,6.87
4487,1,6.43
4488,2,6.33
4489,3,6.62
4490,4,7.63
4491,4,25.04
4492,1,5.93
4493,4,10.69
4494,3,6.39
4495,4,7.73
4496,1,6.03
4497,4,6.8
4498,2,6.18
4499,4,7.9
4500,1,6.04
4501,4,6.72
4502,4,8.72
4503,4,10.57
4504,3,6.05
4505,1,6.12
4506,0,6.33
4507,3,6.38
4508,2,6.18
4509,2,6.11
4510,2,6.25
4511,2,6.18
4512,1,6.16
4513,3,6.42
4514,3,6.16
4515,2,6.08
4516,1,5.95
4517,4,8.32
4518,3,8.24
4519,3,6.55
4520,4,11.06
4521,1,6.19
4522,3,6.32
4523,1,6.0
4524,1,6.63
4525,4,13.63
4526,0,6.06
4527,3,6.38
4528,0,6.12
4529,4,7.62
4530,3,6.19
4531,1,5.98
4532,0,6.06
4533,3,7.93
4534,1,6.03
4535,1,5.74
4536,3,6.26
4537,1,6.58
4538,4,9.73
4539,4,8.69
4540,0,5.98
4541,1,5.97
4542,3,6.24
4543,0,5.96
4544,2,6.1
4545,2,6.46
4546,0,5.93
4547,2,6.14
4548,1,6.09
4549,4,12.28
4550,1,6.14
4551,1,6.03
4552,2,6.45
4553,1,6.13
4554,3,6.08
4555,0,5.88
4556,4,7.61
4557,1,6.17
4558,4,15.5
4559,4,8.59
4560,0,6.14
4561,2,6.27
4562,3,6.63
4563,0,5.57
4564,0,6.1
4565,4,15.14
4566,4,6.87
4567,4,8.91
4568,1,5.91
4569,2,6.26
4570,1,5.93
4571,1,6.23
4572,4,12.84
4573,4,21.63
4574,2,6.32
4575,0,6.05
4576,1,6.1
4577,1,6.08
4578,3,6.76
4579,3,6.06
4580,4,17.99
4581,1,6.04
4582,4,14.91
4583,3,6.53
4584,2,6.33
4585,0,6.0
4586,3,6.57
4587,4,9.78
4588,0,6.04
4589,2,5.95
4590,4,7.86
4591,4,13.51
4592,0,5.83
4593,0,6.05
4594,4,8.69
4595,3,6.07
4596,0,6.06
4597,0,6.03
4598,4,8.17
4599,1,5.98
4600,1,5.87
4601,1,6.21
4602,0,6.0
4603,4,11.27
4604,0,5.98
4605,2,6.39
4606,1,6.03
4607,0,6.34
4608,1,6.22
4609,3,6.47
4610,2,6.17
4611,4,9.61
4612,2,6.1
4613,0,6.11
4614,0,6.17
4615,2,6.04
4616,1,5.82
4617,1,6.48
4618,4,6.9
4619,1,6.25
4620,4,11.41
4621,4,10.27
4622,4,11.7
4623,0,6.14
4624,4,8.56
4625,3,6.11
4626,2,6.16
4627,2,6.04
4628,2,6.13
4629,1,6.03
4630,0,5.84
4631,2,6.25
4632,3,6.12
4633,1,5.91
4634,1,6.04
4635,2,6.15
4636,4,10.42
4637,1,6.0
4638,4,6.96
4639,0,6.21
4640,4,7.0
4641,4,10.64
4642,1,6.12
4643,4,9.75
4644,1,6.08
4645,3,6.74
4646,3,6.25
4647,2,6.04
4648,2,6.27
4649,3,6.47
4650,4,7.62
4651,3,6.54
4652,4,10.21
4653,1,5.96
4654,2,6.03
4655,3,6.36
4656,1,6.11
4657,1,5.9
4658,2,6.12
4659,4,6.61
4660,2,6.01
4661,0,6.12
4662,3,7.43
4663,0,6.02
4664,4,7.4
4665,0,6.1
4666,4,11.02
4667,1,6.05
4668,2,5.92
4669,3,5.82
4670,3,6.31
4671,3,6.38
4672,2,6.38
4673,1,6.06
4674,3,6.75
4675,1,6.25
4676,4,7.85
4677,4,8.33
4678,3,6.75
4679,0,6.09
4680,0,6.03
4681,4,6.9
4682,1,5.99
4683,3,6.42
4684,4,32.56
4685,3,7.71
4686,0,6.96
4687,2,6.1
4688,0,6.17
4689,2,6.16
4690,1,5.93
4691,1,6.32
4692,0,6.06
4693,0,6.2
4694,0,5.99
4695,4,7.2
4696,3,6.67
4697,1,6.02
4698,3,6.69
4699,0,5.96
4700,3,6.49
4701,3,6.3
4702,1,6.03
4703,4,6.75
4704,3,6.56
4705,1,6.06
4706,1,6.02
4707,4,14.13
4708,2,6.19
4709,1,6.14
4710,2,6.39
4711,4,8.5
4712,2,6.34
4713,3,6.33
4714,3,6.08
4715,1,6.02
4716,1,5.85
4717,2,6.28
4718,4,6.77
4719,3,6.86
4720,3,8.08
4721,2,5.98
4722,4,35.99
4723,0,6.14
4724,2,6.18
4725,3,6.96
4726,1,6.03
4727,1,6.04
4728,3,6.58
4729,4,11.18
4730,2,6.28
4731,3,6.3
4732,1,6.08
4733,2,6.09
4734,4,6.61
4735,0,6.34
4736,0,6.01
4737,0,6.34
4738,1,6.29
4739,2,6.2
4740,1,6.21
4741,4,19.95
4742,2,6.31
4743,4,23.83
4744,2,6.29
4745,3,6.22
4746,2,6.11
4747,2,6.06
4748,2,6.14
4749,3,8.13
4750,4,8.92
4751,4,8.03
4752,1,5.93
4753,1,6.18
4754,0,5.92
4755,1,5.86
4756,4,8.22
4757,1,6.16
4758,0,6.14
4759,4,7.32
4760,2,6.17
4761,0,6.54
4762,4,10.68
4763,0,5.95
4764,3,6.64
4765,4,6.66
4766,0,5.98
4767,2,6.25
4768,4,10.92
4769,3,6.35
4770,3,6.69
4771,2,6.14
4772,0,6.09
4773,0,5.92
4774,0,6.08
4775,0,6.14
4776,4,8.64
4777,2,6.2
4778,4,6.86
4779,4,7.62
4780,3,6.47
4781,4,9.24
4782,0,6.12
4783,0,6.13
4784,1,6.41
4785,0,5.98
4786,4,7.48
4787,2,6.06
4788,3,6.04
4789,4,7.4
4790,3,6.28
4791,3,6.29
4792,4,18.18
4793,3,6.86
4794,3,6.24
4795,3,6.95
4796,2,6.09
4797,4,17.69
4798,1,6.27
4799,2,6.06
4800,2,6.11
4801,0,6.38
4802,3,6.7
4803,1,6.01
4804,2,6.02
4805,4,7.63
4806,0,6.27
4807,3,6.42
4808,3,6.02
4809,0,6.3
4810,2,6.19
4811,2,6.17
4812,3,6.11
4813,4,10.32
4814,2,6.27
4815,0,6.09
4816,3,6.39
4817,1,5.85
4818,4,17.92
4819,2,6.36
4820,2,6.25
4821,3,6.24
4822,1,6.22
4823,4,6.97
4824,3,6.37
4825,1,5.98
4826,0,6.09
4827,4,35.99
4828,3,6.16
4829,1,6.09
4830,4,7.23
4831,3,6.32
4832,4,7.45
4833,1,6.13
4834,2,6.23
4835,2,6.47
4836,3,7.16
4837,4,28.97
4838,0,6.29
4839,3,6.02
4840,3,6.5
4841,4,10.08
4842,2,6.33
4843,3,6.33
4844,4,8.45
4845,1,6.09
4846,3,6.37
4847,4,8.22
4848,1,5.99
4849,1,6.08
4850,1,5.98
4851,2,6.43
4852,3,6.42
4853,1,6.01
4854,0,5.93
4855,1,6.25
4856,1,6.26
4857,1,6.27
4858,1,6.18
4859,0,5.99
4860,3,6.27
4861,0,6.09
4862,4,7.58
4863,0,5.89
4864,3,6.66
4865,4,8.76
4866,1,6.31
4867,3,6.98
4868,0,6.24
4869,3,6.44
4870,3,6.37
4871,0,5.81
4872,0,5.99
4873,0,5.84
4874,3,6.02
4875,3,6.36
4876,2,6.27
4877,2,6.05
4878,1,6.37
4879,0,6.09
4880,3,6.15
4881,3,6.59
4882,1,6.02
4883,4,9.54
4884,3,6.29
4885,1,6.2
4886,0,6.11
4887,1,5.93
4888,2,6.29
4889,2,5.95
4890,0,6.05
4891,1,6.09
4892,2,5.96
4893,3,6.74
4894,0,6.2
4895,4,8.02
4896,4,10.5
4897,0,5.9
4898,0,6.39
4899,2,6.27
4900,1,6.39
4901,0,6.14
4902,0,5.96
4903,1,6.05
4904,3,6.38
4905,2,6.18
4906,4,13.51
4907,4,20.31
4908,2,6.32
4909,3,6.45
4910,4,7.23
4911,2,6.2
4912,2,6.04
4913,1,6.21
4914,2,6.14
4915,1,6.0
4916,2,6.09
4917,0,6.01
4918,4,6.72
4919,4,12.07
4920,1,6.07
4921,1,6.15
4922,1,6.11
4923,1,6.2
4924,1,5.99
4925,1,6.12
4926,1,6.14
4927,2,6.35
4928,0,6.21
4929,2,6.09
4930,3,6.32
4931,2,6.07
4932,0,5.9
4933,3,6.38
4934,1,6.13
4935,2,6.25
4936,0,6.02
4937,2,6.4
4938,3,6.47
4939,2,6.25
4940,0,5.84
4941,3,5.99
4942,3,8.07
4943,4,22.96
4944,4,7.16
4945,0,5.86
4946,0,6.27
4947,2,6.12
4948,1,6.18
4949,1,5.71
4950,0,6.01
4951,2,5.94
4952,3,6.44
4953,3,6.25
4954,0,5.74
4955,1,6.43
4956,3,6.99
4957,4,8.46
4958,4,7.49
4959,0,5.92
4960,0,5.89
4961,3,6.37
4962,1,6.02
4963,1,6.13
4964,3,6.13
4965,1,5.79
4966,0,6.0
4967,2,6.13
4968,4,6.6
4969,3,6.56
4970,4,10.65
4971,3,6.38
4972,0,5.96
4973,1,5.98
4974,2,5.89
4975,2,6.39
4976,1,6.19
4977,3,7.22
4978,0,5.96
4979,3,6.56
4980,3,6.54
4981,0,5.98
4982,3,6.92
4983,3,6.37
4984,3,6.57
4985,3,6.76
4986,4,11.13
4987,2,6.22
4988,4,8.81
4989,2,6.52
4990,1,5.99
4991,1,6.04
4992,0,6.0
4993,3,5.92
4994,4,6.97
4995,3,6.4
4996,4,15.74
4997,3,6.39
4998,2,6.41
4999,1,6.27
5000,1,6.09
5001,3,6.65
5002,1,6.21
5003,0,6.01
5004,1,6.2
5005,3,6.29
5006,4,15.52
5007,3,7.12
5008,1,6.22
5009,1,6.02
5010,1,6.23
5011,1,6.01
5012,4,29.08
5013,1,6.16
5014,0,6.0
5015,1,6.19
5016,4,9.3
5017,1,6.21
5018,2,6.39
5019,0,6.09
5020,1,6.2
5021,2,6.35
5022,1,5.99
5023,3,6.73
5024,1,6.03
5025,4,8.07
5026,0,6.05
5027,2,6.36
5028,2,6.13
5029,2,6.0
5030,1,6.26
5031,3,6.53
5032,3,6.6
5033,4,8.16
5034,3,6.59
5035,1,6.15
5036,0,5.92
5037,2,6.2
5038,1,6.13
5039,1,6.06
5040,1,6.07
5041,4,12.27
5042,3,6.27
5043,1,6.34
5044,4,6.75
5045,2,6.33
5046,3,6.5
5047,4,28.7
5048,3,6.57
5049,0,6.06
5050,0,6.21
5051,0,6.21
5052,1,6.4
5053,1,5.89
5054,0,6.06
5055,2,5.99
5056,0,6.33
5057,3,6.08
5058,3,6.18
5059,3,6.43
5060,1,6.02
5061,0,6.17
5062,0,5.94
5063,3,6.7
5064,4,9.2
5065,2,6.29
5066,0,5.85
5067,0,5.82
5068,3,6.56
5069,1,6.12
5070,4,8.07
5071,1,6.03
5072,4,7.89
5073,4,7.78
5074,0,6.07
5075,3,6.41
5076,4,11.92
5077,2,6.24
5078,1,5.79
5079,2,6.19
5080,3,6.14
5081,3,6.23
5082,4,8.91
5083,2,6.63
5084,4,7.26
5085,4,6.51
5086,4,9.14
5087,3,6.63
5088,3,6.77
5089,4,7.45
5090,2,6.16
5091,3,6.48
5092,1,6.15
5093,0,5.88
5094,4,11.13
5095,1,5.93
5096,3,6.55
5097,0,6.3
5098,4,7.92
5099,1,6.13
5100,2,6.18
5101,1,6.13
5102,4,14.7
5103,2,6.1
5104,1,6.13
5105,3,6.51
5106,0,5.87
5107,3,6.49
5108,0,6.14
5109,3,6.57
5110,1,6.07
5111,1,6.3
5112,2,5.92
5113,2,6.15
5114,1,6.15
5115,2,6.11
5116,3,6.44
5117,4,14.22
5118,3,6.34
5119,3,6.21
5120,0,6.17
5121,4,17.84
5122,2,6.22
5123,4,11.02
5124,2,6.23
5125,3,6.49
5126,3,6.19
5127,4,13.41
5128,4,6.73
5129,2,6.52
5130,2,6.43
5131,1,6.23
5132,4,9.02
5133,4,9.42
5134,4,12.37
5135,1,6.12
5136,1,6.14
5137,4,8.18
5138,1,6.08
5139,3,6.38
5140,1,6.24
5141,4,7.77
5142,3,6.94
5143,4,8.22
5144,3,7.23
5145,0,6.04
5146,2,6.18
5147,0,6.18
5148,2,6.06
5149,2,6.1
5150,1,6.03
5151,4,20.84
5152,1,5.87
5153,2,6.13
5154,2,6.01
5155,3,6.5
5156,3,7.82
5157,2,6.05
5158,1,5.94
5159,4,10.58
5160,0,5.94
5161,1,5.95
5162,0,5.95
5163,0,5.97
5164,0,5.88
5165,3,8.26
5166,1,6.13
5167,2,6.12
5168,1,6.38
5169,3,6.23
5170,4,8.92
5171,0,5.89
5172,1,6.01
5173,3,6.39
5174,1,6.38
5175,1,6.29
5176,4,9.31
5177,0,6.11
5178,0,5.92
5179,4,9.54
5180,0,5.97
5181,4,32.79
5182,4,12.62
5183,3,6.08
5184,3,6.15
5185,3,6.48
5186,3,6.1
5187,1,6.1
5188,2,6.2
5189,0,6.26
5190,4,9.15
5191,1,6.15
5192,2,6.3
5193,3,6.26
5194,3,6.47
5195,4,10.13
5196,2,6.17
5197,4,9.9
5198,2,6.17
5199,2,6.06
5200,0,6.01
5201,3,6.17
5202,4,8.87
5203,4,8.03
5204,2,6.14
5205,1,6.08
5206,3,6.63
5207,0,6.12
5208,3,6.37
5209,2,6.13
5210,1,6.02
5211,4,8.18
5212,1,5.93
5213,2,6.34
5214,1,6.77
5215,0,5.96
5216,3,7.93
5217,1,6.13
5218,3,6.35
5219,1,6.25
5220,0,5.81
5221,0,5.91
5222,2,6.17
5223,3,6.51
5224,2,6.36
5225,1,6.22
5226,1,6.27
5227,0,6.1
5228,1,6.16
5229,3,6.35
5230,1,6.39
5231,1,6.04
5232,3,6.78
5233,3,6.51
5234,0,6.01
5235,4,23.43
5236,2,6.03
5237,1,6.2
5238,1,6.15
5239,4,10.05
5240,3,6.86
5241,4,10.16
5242,0,6.09
5243,4,11.35
5244,0,6.22
5245,3,7.37
5246,4,9.6
5247,4,7.38
5248,0,6.26
5249,4,9.46
5250,2,5.84
5251,0,5.82
5252,2,6.02
5253,0,6.19
5254,0,6.12
5255,2,6.19
5256,4,23.07
5257,3,6.54
5258,4,8.61
5259,3,6.6
5260,3,6.48
5261,2,6.04
5262,2,5.97
5263,3,6.19
5264,0,5.92
5265,4,7.15
5266,2,6.12
5267,2,5.83
5268,3,6.86
5269,4,16.81
5270,2,6.07
5271,2,6.11
5272,2,6.13
5273,0,5.95
5274,2,6.12
5275,3,6.41
5276,1,5.98
5277,1,6.0
5278,0,6.19
5279,1,6.17
5280,3,6.19
5281,4,6.59
5282,1,6.0
5283,4,7.6
5284,1,5.96
5285,2,6.15
5286,4,30.96
5287,1,6.14
5288,0,6.45
5289,1,6.0
5290,0,5.89
5291,4,13.45
5292,3,6.49
5293,2,6.26
5294,1,6.03
5295,2,6.15
5296,3,6.42
5297,2,6.47
5298,4,11.58
5299,1,6.05
5300,0,5.8
5301,2,6.33
5302,2,7.16
5303,3,6.44
5304,4,7.17
5305,0,5.96
5306,3,6.55
5307,2,6.06
5308,3,6.65
5309,4,27.22
5310,0,6.17
5311,3,6.04
5312,3,6.26
5313,0,5.93
5314,0,6.03
5315,4,20.2
5316,3,6.45
5317,1,6.19
5318,4,9.06
5319,4,19.72
5320,4,7.47
5321,0,5.83
5322,2,6.0
5323,3,6.28
5324,4,26.89
5325,1,6.03
5326,0,5.79
5327,0,6.13
5328,1,6.02
5329,3,6.46
5330,1,6.07
5331,0,6.05
5332,4,7.41
5333,0,5.6
5334,0,6.14
5335,2,6.2
5336,3,7.17
5337,2,6.04
5338,2,6.22
5339,4,8.84
5340,1,6.07
5341,4,30.59
5342,2,6.08
5343,4,14.31
5344,2,5.96
5345,0,6.06
5346,3,6.33
5347,4,11.97
5348,1,6.1
5349,0,6.21
5350,0,6.01
5351,0,6.17
5352,1,6.31
5353,1,6.18
5354,2,6.11
5355,2,6.06
5356,4,33.76
5357,3,6.07
5358,2,6.33
5359,0,6.06
5360,3,6.5
5361,2,6.09
5362,2,5.95
5363,2,6.25
5364,1,6.22
5365,3,6.67
5366,1,6.04
5367,2,6.07
5368,0,6.13
5369,3,6.5
5370,0,6.02
5371,4,10.06
5372,3,6.65
5373,1,5.74
5374,1,6.06
5375,1,5.9
5376,4,35.19
5377,4,12.07
5378,2,6.11
5379,2,6.19
5380,4,8.19
5381,1,6.12
5382,2,6.35
5383,0,6.15
5384,2,6.22
5385,0,6.15
5386,4,7.6
5387,4,7.02
5388,4,10.12
5389,4,8.02
5390,1,6.2
5391,0,5.97
5392,1,5.95
5393,1,6.4
5394,3,6.59
5395,0,5.74
5396,0,5.96
5397,2,6.0
5398,4,6.57
5399,4,9.72
5400,0,6.17
5401,2,6.18
5402,3,6.25
5403,1,6.04
5404,3,6.87
5405,1,6.25
5406,1,6.18
5407,2,6.16
5408,3,6.52
5409,3,6.34
5410,4,7.5
5411,1,6.14
5412,2,6.15
5413,3,6.18
5414,4,28.95
5415,3,6.04
5416,0,5.92
5417,1,6.07
5418,1,5.83
5419,3,6.27
5420,1,6.34
5421,1,6.23
5422,0,5.73
5423,1,6.72
5424,4,9.18
5425,0,5.95
5426,4,10.27
5427,0,6.08
5428,3,6.73
5429,3,6.1
5430,1,6.19
5431,4,6.89
5432,2,6.17
5433,3,6.66
5434,0,5.78
5435,1,6.07
5436,4,20.05
5437,2,6.64
5438,4,10.0
5439,4,7.45
5440,2,6.02
5441,4,35.9
5442,0,6.08
5443,1,6.04
5444,1,6.27
5445,2,6.25
5446,2,6.14
5447,0,6.23
5448,2,6.15
5449,1,5.98
5450,2,6.6
5451,3,6.93
5452,4,8.67
5453,3,6.24
5454,2,6.07
5455,1,5.98
5456,3,6.58
5457,2,6.24
5458,1,5.98
5459,3,6.63
5460,3,6.43
5461,0,5.59
5462,1,5.96
5463,0,5.83
5464,1,6.06
5465,2,6.08
5466,3,6.54
5467,1,6.22
5468,0,5.72
5469,1,6.19
5470,3,6.62
5471,4,35.99
5472,2,5.88
5473,3,6.34
5474,4,7.43
5475,1,5.89
5476,4,6.97
5477,3,6.41
5478,3,6.27
5479,1,6.16
5480,0,5.92
5481,4,8.21
5482,1,5.99
5483,1,6.04
5484,1,5.95
5485,1,6.11
5486,0,6.12
5487,3,7.11
5488,3,6.3
5489,1,6.24
5490,4,8.01
5491,1,6.02
5492,2,6.2
5493,2,6.45
5494,3,6.72
5495,1,6.06
5496,1,6.07
5497,0,5.95
5498,3,6.16
5499,4,6.76
5500,0,5.81
5501,4,7.85
5502,1,5.96
5503,2,6.46
5504,3,6.65
5505,0,5.98
5506,1,5.96
5507,1,6.32
5508,0,6.11
5509,3,6.78
5510,3,6.77
5511,0,5.94
5512,0,6.08
5513,0,5.98
5514,4,7.33
5515,4,7.19
5516,2,6.67
5517,0,6.14
5518,4,7.4
5519,1,6.15
5520,4,7.53
5521,1,5.95
5522,0,6.08
5523,1,6.15
5524,0,5.91
5525,2,6.22
5526,1,5.88
5527,2,5.97
5528,0,5.96
5529,3,6.56
5530,3,6.49
5531,1,6.06
5532,3,6.5
5533,1,6.06
5534,4,6.91
5535,4,16.47
5536,4,9.57
5537,1,5.71
5538,1,6.15
5539,2,6.34
5540,0,6.07
5541,3,6.15
5542,4,10.09
5543,3,6.61
5544,3,6.28
5545,4,7.26
5546,0,6.08
5547,1,6.11
5548,3,6.15
5549,3,5.6
5550,2,6.03
5551,3,5.96
5552,4,7.55
5553,4,7.18
5554,0,5.94
5555,0,5.96
5556,2,6.08
5557,1,6.21
5558,2,6.12
5559,1,6.11
5560,4,12.93
5561,2,6.07
5562,4,9.15
5563,3,6.42
5564,2,6.45
5565,3,6.47
5566,0,6.06
5567,4,12.25
5568,1,6.01
5569,3,6.99
5570,1,6.15
5571,1,6.21
5572,2,6.23
5573,0,6.11
5574,3,8.0
5575,2,6.24
5576,3,6.21
5577,1,5.96
5578,3,6.75
5579,0,6.05
5580,0,6.16
5581,0,6.0
5582,2,5.97
5583,3,6.31
5584,2,6.03
5585,4,7.94
5586,0,6.06
5587,4,14.38
5588,2,5.92
5589,4,25.0
5590,0,5.88
5591,1,6.05
5592,1,6.64
5593,2,6.22
5594,2,6.21
5595,1,6.01
5596,1,6.15
5597,4,7.15
5598,1,6.12
5599,0,5.95
5600,3,6.75
5601,4,9.27
5602,2,6.0
5603,0,5.84
5604,3,6.39
5605,1,6.02
5606,3,6.48
5607,2,6.0
5608,1,6.44
5609,4,10.31
5610,2,6.03
5611,4,9.83
5612,0,6.27
5613,3,6.84
5614,2,6.13
5615,0,6.02
5616,1,6.35
5617,1,6.0
5618,2,6.25
5619,4,6.79
5620,0,6.2
5621,2,6.26
5622,4,7.11
5623,0,5.89
5624,2,6.03
5625,0,6.26
5626,4,7.95
5627,1,6.25
5628,4,8.06
5629,2,6.15
5630,0,6.15
5631,4,6.94
5632,3,6.1
5633,2,5.97
5634,1,6.26
5635,3,6.12
5636,4,20.56
5637,2,6.13
5638,3,6.57
5639,0,5.67
5640,4,7.87
5641,3,5.85
5642,2,6.18
5643,1,6.42
5644,3,6.47
5645,0,6.05
5646,0,5.82
5647,0,5.7
5648,1,6.25
5649,4,33.95
5650,0,5.9
5651,1,6.12
5652,4,10.34
5653,2,6.25
5654,3,6.23
5655,2,6.26
5656,3,6.33
5657,3,6.07
5658,1,6.44
5659,4,12.12
5660,4,8.67
5661,1,6.2
5662,3,6.28
5663,2,6.18
5664,3,6.38
5665,1,6.16
5666,0,5.64
5667,3,6.46
5668,3,6.36
5669,0,6.26
5670,4,31.66
5671,1,6.06
5672,2,6.11
5673,0,6.05
5674,3,7.09
5675,2,6.21
5676,2,6.4
5677,0,5.9
5678,2,5.9
5679,4,8.55
5680,2,6.21
5681,0,6.33
5682,1,6.14
5683,3,6.41
5684,0,6.07
5685,0,6.09
5686,1,6.17
5687,3,6.58
5688,4,8.47
5689,1,6.15
5690,3,6.37
5691,3,5.92
5692,1,6.04
5693,2,6.14
5694,0,6.11
5695,2,6.3
5696,2,6.43
5697,1,6.04
5698,3,6.67
5699,0,6.06
5700,1,6.09
5701,1,6.36
5702,0,6.04
5703,2,6.2
5704,1,6.21
5705,0,5.84
5706,2,6.34
5707,4,8.88
5708,2,6.34
5709,0,5.92
5710,2,6.06
5711,1,6.05
5712,4,7.09
5713,3,6.06
5714,2,6.18
5715,0,5.79
5716,1,6.5
5717,1,6.11
5718,0,6.06
5719,4,10.44
5720,1,6.13
5721,1,6.04
5722,2,6.14
5723,1,6.11
5724,1,6.02
5725,3,6.17
5726,1,5.84
5727,2,6.4
5728,4,6.78
5729,3,6.58
5730,4,8.31
5731,0,5.94
5732,3,6.22
5733,1,5.87
5734,1,6.13
5735,2,6.08
5736,1,5.94
5737,2,6.22
5738,3,7.03
5739,0,6.18
5740,2,6.64
5741,0,6.03
5742,4,19.82
5743,2,6.26
5744,0,5.94
5745,2,5.95
5746,2,5.96
5747,0,6.01
5748,3,6.36
5749,1,5.95
5750,3,6.97
5751,0,6.17
5752,3,6.36
5753,3,6.44
5754,3,6.27
5755,3,6.46
5756,1,6.16
5757,4,8.59
5758,0,6.03
5759,1,6.08
5760,2,6.17
5761,3,6.19
5762,1,6.0
5763,2,6.17
5764,3,6.47
5765,3,6.35
5766,4,8.63
5767,4,10.5
5768,1,5.98
5769,3,6.32
5770,0,6.06
5771,2,6.0
5772,2,6.28
5773,2,6.34
5774,2,6.27
5775,3,6.27
5776,1,6.01
5777,4,8.3
5778,2,6.17
5779,0,6.08
5780,1,6.0
5781,0,5.94
5782,3,5.81
5783,4,7.45
5784,3,6.73
5785,3,6.18
5786,4,11.49
5787,1,5.92
5788,0,5.86
5789,2,6.18
5790,0,6.01
5791,3,6.68
5792,4,17.09
5793,3,6.09
5794,0,6.14
5795,0,6.33
5796,4,8.69
5797,1,5.92
5798,2,6.34
5799,2,6.28
5800,3,6.39
5801,1,6.01
5802,4,30.81
5803,3,6.39
5804,3,6.48
5805,4,35.99
5806,0,6.09
5807,1,6.15
5808,3,6.19
5809,1,6.37
5810,4,12.39
5811,2,6.52
5812,1,6.02
5813,1,6.38
5814,2,6.36
5815,1,5.97
5816,1,5.97
5817,4,10.37
5818,1,6.01
5819,0,6.19
5820,3,7.35
5821,2,6.09
5822,2,6.27
5823,3,6.55
5824,0,6.07
5825,1,6.02
5826,1,6.16
5827,3,6.52
5828,0,6.13
5829,3,6.14
5830,3,6.28
5831,2,6.15
5832,3,6.32
5833,1,5.99
5834,2,6.22
5835,3,6.39
5836,1,6.1
5837,4,8.08
5838,1,6.11
5839,2,6.02
5840,1,6.09
5841,4,33.11
5842,3,6.53
5843,1,6.11
5844,4,9.94
5845,4,7.7
5846,0,5.95
5847,0,6.02
5848,3,6.28
5849,3,6.48
5850,1,6.09
5851,3,6.55
5852,0,6.48
5853,4,13.22
5854,1,6.1
5855,2,6.15
5856,4,7.56
5857,4,6.76
5858,3,8.42
5859,0,6.06
5860,0,6.15
5861,1,6.06
5862,0,6.26
5863,1,6.19
5864,1,5.9
5865,0,6.09
5866,0,5.97
5867,4,11.4
5868,0,6.08
5869,0,6.2
5870,1,5.77
5871,0,5.93
5872,4,26.21
5873,3,6.33
5874,1,5.93
5875,3,6.23
5876,3,6.35
5877,4,10.78
5878,4,7.52
5879,3,6.98
5880,2,6.42
5881,4,21.19
5882,0,6.13
5883,1,6.13
5884,1,6.07
5885,0,6.33
5886,0,6.03
5887,2,6.12
5888,4,6.88
5889,1,6.06
5890,2,5.97
5891,2,6.02
5892,1,5.89
5893,2,6.17
5894,0,5.93
5895,4,7.33
5896,3,8.09
5897,4,8.22
5898,0,6.13
5899,1,6.08
5900,0,6.06
5901,4,33.85
5902,0,6.22
5903,1,6.25
5904,3,5.87
5905,1,6.21
5906,4,9.67
5907,3,6.45
5908,4,34.31
5909,2,6.44
5910,1,6.24
5911,4,7.55
5912,2,6.22
5913,4,6.49
5914,3,6.44
5915,0,6.04
5916,3,6.93
5917,0,6.13
5918,1,6.24
5919,0,6.02
5920,1,6.04
5921,2,6.4
5922,2,6.4
5923,1,6.08
5924,1,6.08
5925,0,5.97
5926,4,9.95
5927,2,6.21
5928,1,6.39
5929,2,6.36
5930,3,6.38
5931,1,6.28
5932,2,6.38
5933,0,6.13
5934,1,6.26
5935,0,5.98
5936,2,6.33
5937,0,6.3
5938,2,6.24
5939,0,5.96
5940,4,7.17
5941,3,6.48
5942,4,13.18
5943,3,6.39
5944,4,6.33
5945,0,5.98
5946,3,6.26
5947,2,5.97
5948,2,6.09
5949,2,6.14
5950,4,9.36
5951,1,6.03
5952,2,6.02
5953,2,5.8
5954,4,10.2
5955,4,7.33
5956,2,5.92
5957,1,6.42
5958,0,5.81
5959,0,6.17
5960,1,6.11
5961,3,6.53
5962,0,5.99
5963,1,6.03
5964,4,8.82
5965,1,6.0
5966,1,5.91
5967,4,11.25
5968,3,5.75
5969,2,6.14
5970,0,5.99
5971,0,6.13
5972,3,6.11
5973,4,9.41
5974,2,6.63
5975,4,22.6
5976,0,5.87
5977,2,6.29
5978,1,6.04
5979,2,6.19
5980,2,6.3
5981,0,6.15
5982,3,6.16
5983,1,6.09
5984,3,6.49
5985,2,6.14
5986,3,6.31
5987,3,6.12
5988,3,7.96
5989,3,6.37
5990,1,6.05
5991,0,6.2
5992,3,6.93
5993,3,6.89
5994,4,7.12
5995,1,6.37
5996,4,7.13
5997,0,5.98
5998,1,6.3
5999,3,6.71
6000,2,6.25
6001,3,6.47
6002,3,6.19
6003,2,6.3
6004,2,6.15
6005,3,6.26
6006,4,35.99
6007,0,6.06
6008,1,6.11
6009,2,6.3
6010,0,6.13
6011,3,6.27
6012,4,11.35
6013,0,6.09
6014,2,6.38
6015,0,6.24
6016,0,5.96
6017,2,6.06
6018,4,7.12
6019,4,7.93
6020,3,6.1
6021,4,25.75
6022,4,20.01
6023,0,5.85
6024,3,7.18
6025,4,7.16
6026,1,6.03
6027,2,6.46
6028,3,6.96
6029,1,6.02
6030,0,6.31
6031,4,10.0
6032,1,6.07
6033,1,6.09
6034,2,6.09
6035,4,15.06
6036,1,6.11
6037,0,6.06
6038,0,6.12
6039,3,6.44
6040,3,6.78
6041,2,6.31
6042,3,6.24
6043,0,5.88
6044,0,6.01
6045,3,6.83
6046,3,7.98
6047,4,29.12
6048,0,6.14
6049,3,6.2
6050,1,5.93
6051,0,6.15
6052,3,6.37
6053,3,5.93
6054,1,6.21
6055,3,6.59
6056,0,6.01
6057,2,6.23
6058,4,6.76
6059,4,14.49
6060,4,6.64
6061,0,5.93
6062,1,6.35
6063,1,6.07
6064,4,7.12
6065,2,6.36
6066,3,6.02
6067,3,6.89
6068,0,5.97
6069,1,5.95
6070,1,6.02
6071,0,6.23
6072,1,5.83
6073,3,7.74
6074,4,8.29
6075,4,8.83
6076,1,6.09
6077,1,6.01
6078,2,6.24
6079,4,9.06
6080,1,6.11
6081,2,5.96
6082,0,5.95
6083,3,6.19
6084,3,6.2
6085,3,7.67
6086,4,19.47
6087,2,6.08
6088,2,6.34
6089,3,6.19
6090,2,6.1
6091,1,6.74
6092,1,6.03
6093,1,6.31
6094,3,6.35
6095,0,5.98
6096,3,6.07
6097,0,5.98
6098,1,6.04
6099,3,7.81
6100,3,5.93
6101,4,9.66
6102,1,6.07
6103,3,6.55
6104,0,5.98
6105,4,12.67
6106,2,6.12
6107,0,6.05
6108,0,5.79
6109,0,6.06
6110,2,6.21
6111,4,14.16
6112,0,6.08
6113,2,6.3
6114,2,6.13
6115,1,6.18
6116,0,6.0
6117,4,7.34
6118,2,6.24
6119,0,6.13
6120,2,6.09
6121,2,6.08
6122,1,5.97
6123,2,6.2
6124,0,5.95
6125,4,29.78
6126,1,6.11
6127,0,5.92
6128,2,6.17
6129,1,6.14
6130,3,6.09
6131,1,6.12
6132,1,6.34
6133,4,7.67
6134,3,6.54
6135,3,6.38
6136,0,6.05
6137,4,33.94
6138,4,8.12
6139,1,6.34
6140,4,13.91
6141,0,5.82
6142,2,6.29
6143,3,6.31
6144,3,6.24
6145,1,6.2
6146,3,6.03
6147,1,6.07
6148,2,6.12
6149,3,6.53
6150,1,6.22
6151,4,21.67
6152,1,6.01
6153,3,6.85
6154,1,6.16
6155,3,6.67
6156,4,7.35
6157,0,6.09
6158,2,6.07
6159,3,6.38
6160,4,12.29
6161,3,6.05
6162,3,6.48
6163,1,6.12
6164,4,7.74
6165,0,6.35
6166,2,6.26
6167,2,5.91
6168,1,6.28
6169,4,11.64
6170,3,6.68
6171,0,6.07
6172,4,18.33
6173,0,6.02
6174,2,6.2
6175,3,6.79
6176,2,6.03
6177,1,6.11
6178,3,6.15
6179,1,6.24
6180,1,6.01
6181,2,6.33
6182,3,7.21
6183,3,6.36
6184,1,6.06
6185,2,6.01
6186,1,6.05
6187,4,9.11
6188,0,5.97
6189,3,6.24
6190,2,6.18
6191,4,18.86
6192,3,7.07
6193,2,6.2
6194,4,9.25
6195,2,6.08
6196,2,6.26
6197,0,5.84
6198,4,9.73
6199,3,6.27
6200,3,6.29
6201,4,12.24
6202,1,6.19
6203,0,5.88
6204,2,6.07
6205,2,6.03
6206,3,5.95
6207,0,6.15
6208,1,5.94
6209,2,6.21
6210,0,5.95
6211,2,6.07
6212,0,6.04
6213,4,33.28
6214,4,13.61
6215,3,6.31
6216,1,6.29
6217,3,6.56
6218,0,6.08
6219,4,6.66
6220,4,35.73
6221,4,7.01
6222,2,6.23
6223,0,5.89
6224,3,6.47
6225,1,6.11
6226,2,6.12
6227,2,6.16
6228,2,6.31
6229,3,6.44
6230,3,6.32
6231,4,6.92
6232,0,5.74
6233,4,16.8
6234,4,7.87
6235,0,6.03
6236,4,34.92
6237,3,6.43
6238,3,6.62
6239,4,22.54
6240,1,6.62
6241,2,6.32
6242,1,5.93
6243,3,8.01
6244,4,7.26
6245,1,6.21
6246,0,6.03
6247,3,7.02
6248,0,6.36
6249,4,10.16
6250,0,5.54
6251,0,6.23
6252,4,9.97
6253,0,6.02
6254,4,10.23
6255,1,6.02
6256,2,5.85
6257,2,6.19
6258,0,6.16
6259,3,6.5
6260,0,6.18
6261,2,6.28
6262,3,6.29
6263,2,6.07
6264,2,5.95
6265,3,5.89
6266,2,6.04
6267,1,6.17
6268,0,5.86
6269,1,6.22
6270,0,6.19
6271,2,6.2
6272,4,8.65
6273,3,6.9
6274,0,5.92
6275,4,10.2
6276,0,6.0
6277,4,35.99
6278,4,8.34
6279,2,6.49
6280,4,9.64
6281,4,8.66
6282,4,9.9
6283,2,6.41
6284,1,6.22
6285,1,5.92
6286,3,6.78
6287,4,7.26
6288,3,7.0
6289,1,6.02
6290,0,5.9
6291,4,10.73
6292,1,6.02
6293,3,6.87
6294,3,6.29
6295,2,6.01
6296,2,6.1
6297,1,5.93
6298,4,22.28
6299,4,7.59
6300,3,6.42
6301,3,8.48
6302,1,6.4
6303,3,6.05
6304,1,6.35
6305,3,6.16
6306,4,7.54
6307,0,5.98
6308,4,8.08
6309,4,11.69
6310,1,6.11
6311,4,14.93
6312,0,5.67
6313,2,6.23
6314,3,6.57
6315,2,6.62
6316,4,25.96
6317,3,6.62
6318,4,6.82
6319,3,6.5
6320,1,6.16
6321,4,15.84
6322,2,6.34
6323,1,6.46
6324,1,6.12
6325,0,6.1
6326,3,6.07
6327,1,6.23
6328,1,6.37
6329,3,6.59
6330,4,7.79
6331,0,6.11
6332,3,7.2
6333,2,6.58
6334,3,6.66
6335,1,6.28
6336,1,5.89
6337,1,6.06
6338,1,6.04
6339,3,6.56
6340,3,6.03
6341,2,5.56
6342,3,7.02
6343,0,5.92
6344,2,6.47
6345,4,7.55
6346,0,5.95
6347,2,6.14
6348,1,6.78
6349,0,6.41
6350,4,6.52
6351,0,6.19
6352,3,6.15
6353,1,6.08
6354,1,6.17
6355,0,6.33
6356,0,5.9
6357,2,6.41
6358,0,6.09
6359,3,6.59
6360,0,6.07
6361,1,6.04
6362,4,7.31
6363,2,6.17
6364,2,6.59
6365,4,22.62
6366,2,6.22
6367,4,8.67
6368,0,5.82
6369,3,6.14
6370,3,6.16
6371,2,6.61
6372,3,6.29
6373,2,6.51
6374,2,6.28
6375,1,5.89
6376,2,6.27
6377,4,6.85
6378,1,6.25
6379,1,5.96
6380,4,12.1
6381,4,7.2
6382,1,6.15
6383,4,22.43
6384,0,6.37
6385,0,5.85
6386,3,6.51
6387,0,6.16
6388,1,6.27
6389,1,6.12
6390,2,6.02
6391,3,6.49
6392,3,7.14
6393,1,6.12
6394,3,7.08
6395,0,6.07
6396,4,7.98
6397,1,5.96
6398,1,6.17
6399,1,6.04
6400,4,7.57
6401,0,6.29
6402,3,6.45
6403,0,5.82
6404,4,9.3
6405,3,6.23
6406,3,6.25
6407,2,5.9
6408,1,6.13
6409,0,5.84
6410,2,6.36
6411,1,5.97
6412,3,6.5
6413,1,6.2
6414,4,8.06
6415,0,6.15
6416,0,6.24
6417,0,6.08
6418,0,6.22
6419,1,6.11
6420,2,6.03
6421,4,10.42
6422,2,6.13
6423,1,6.02
6424,4,13.0
6425,4,7.82
6426,3,6.74
6427,0,6.04
6428,2,5.97
6429,2,6.09
6430,2,6.45
6431,2,6.16
6432,3,6.54
6433,4,7.44
6434,0,6.13
6435,2,6.26
6436,2,6.42
6437,2,5.91
6438,1,5.89
6439,1,6.12
6440,0,6.03
6441,0,6.16
6442,3,6.77
6443,2,6.22
6444,2,5.98
6445,3,6.22
6446,3,6.36
6447,4,6.85
6448,0,5.98
6449,4,9.0
6450,0,6.04
6451,4,25.15
6452,1,6.25
6453,2,6.24
6454,4,7.44
6455,4,7.36
6456,4,7.39
6457,1,6.16
6458,3,6.24
6459,3,8.24
6460,2,6.4
6461,2,5.97
6462,0,6.23
6463,4,34.97
6464,3,6.26
6465,3,6.34
6466,0,5.98
6467,3,6.69
6468,0,6.09
6469,0,6.06
6470,1,6.0
6471,4,7.48
6472,4,9.96
6473,4,6.33
6474,3,6.44
6475,0,5.83
6476,1,5.97
6477,1,6.1
6478,3,6.53
6479,3,6.17
6480,0,6.18
6481,1,6.05
6482,0,5.82
6483,4,11.12
6484,1,5.99
6485,3,6.34
6486,3,6.25
6487,1,5.97
6488,3,6.17
6489,2,5.83
6490,1,6.22
6491,3,6.65
6492,0,6.11
6493,0,6.29
6494,4,9.99
6495,4,10.88
6496,4,6.66
6497,3,6.23
6498,2,6.28
6499,0,6.1
6500,1,5.87
6501,0,6.22
6502,0,6.06
6503,1,5.88
6504,2,6.15
6505,2,6.21
6506,3,6.64
6507,0,6.08
6508,4,9.87
6509,3,6.49
6510,3,6.31
6511,1,6.19
6512,1,6.06
6513,0,6.48
6514,1,5.74
6515,1,6.18
6516,0,6.11
6517,0,5.92
6518,3,6.26
6519,2,6.11
6520,4,12.07
6521,1,6.19
6522,2,6.12
6523,2,6.31
6524,2,6.08
6525,4,8.57
6526,0,5.79
6527,1,6.17
6528,3,6.22
6529,1,6.13
6530,1,5.99
6531,4,6.53
6532,0,5.9
6533,2,6.06
6534,2,6.28
6535,3,7.23
6536,4,7.15
6537,3,6.08
6538,1,5.88
6539,3,6.89
6540,3,6.2
6541,1,6.21
6542,3,6.33
6543,0,5.81
6544,1,6.1
6545,0,6.19
6546,0,6.17
6547,0,6.22
6548,1,5.76
6549,1,6.05
6550,2,5.85
6551,0,6.06
6552,0,5.86
6553,0,6.05
6554,1,6.16
6555,3,6.52
6556,2,5.86
6557,1,6.2
6558,2,6.05
6559,4,15.19
6560,0,5.99
6561,4,35.99
6562,0,5.92
6563,3,6.11
6564,0,6.2
6565,3,6.64
6566,4,7.81
6567,0,6.03
6568,1,5.92
6569,3,6.31
6570,2,6.16
6571,2,6.2
6572,1,6.01
6573,2,6.15
6574,1,6.01
6575,0,5.83
6576,0,6.04
6577,2,6.2
6578,1,6.32
6579,3,7.18
6580,2,6.01
6581,3,6.3
6582,2,6.28
6583,1,6.1
6584,2,6.29
6585,1,5.98
6586,3,6.76
6587,1,6.05
6588,0,5.71
6589,2,6.23
6590,3,6.65
6591,1,6.06
6592,2,6.19
6593,1,6.0
6594,4,10.31
6595,0,5.88
6596,4,12.21
6597,0,6.13
6598,1,6.27
6599,3,6.54
6600,1,6.04
6601,3,6.21
6602,4,7.16
6603,2,6.16
6604,2,6.36
6605,1,6.03
6606,3,6.39
6607,3,6.32
6608,3,6.41
6609,2,5.95
6610,1,5.9
6611,0,6.04
6612,3,6.57
6613,0,6.34
6614,3,6.32
6615,2,6.47
6616,1,5.88
6617,2,5.86
6618,4,7.19
6619,1,5.94
6620,4,7.36
6621,2,5.94
6622,1,6.01
6623,1,6.04
6624,0,5.76
6625,4,13.42
6626,3,6.05
6627,4,16.01
6628,4,6.95
6629,1,6.15
6630,4,8.72
6631,2,6.2
6632,1,6.12
6633,2,6.09
6634,4,7.25
6635,3,6.12
6636,0,6.26
6637,3,6.28
6638,0,6.07
6639,4,8.58
6640,3,5.91
6641,0,5.93
6642,0,5.93
6643,4,7.09
6644,1,6.15
6645,3,6.24
6646,2,6.17
6647,1,6.09
6648,2,5.91
6649,2,6.01
6650,2,6.49
6651,1,5.98
6652,1,6.13
6653,1,6.01
6654,3,6.67
6655,4,8.06
6656,3,6.5
6657,1,6.09
6658,3,6.33
6659,2,6.22
6660,0,6.03
6661,1,6.05
6662,4,9.36
6663,2,5.95
6664,4,7.43
6665,4,8.91
6666,1,6.13
6667,2,6.14
6668,0,5.88
6669,2,6.06
6670,1,6.24
6671,0,5.99
6672,1,6.33
6673,2,6.13
6674,1,6.09
6675,2,6.32
6676,3,6.73
6677,1,6.16
6678,3,6.2
6679,0,6.0
6680,4,7.4
6681,4,10.29
6682,2,6.12
6683,2,6.47
6684,4,8.22
6685,3,6.24
6686,0,6.28
6687,0,6.04
6688,0,6.92
6689,1,6.07
6690,3,7.1
6691,0,5.9
6692,0,5.97
6693,2,5.97
6694,2,6.32
6695,2,6.25
6696,4,6.62
6697,1,6.17
6698,1,6.1
6699,1,5.83
6700,2,6.19
6701,2,6.16
6702,2,6.1
6703,4,7.19
6704,4,20.72
6705,1,6.13
6706,0,5.83
6707,4,9.61
6708,3,6.04
6709,2,6.27
6710,3,6.25
6711,1,5.96
6712,2,5.96
6713,1,6.26
6714,4,7.86
6715,0,6.11
6716,1,6.12
6717,2,6.28
6718,3,6.55
6719,3,6.67
6720,3,6.41
6721,3,6.19
6722,2,6.11
6723,0,5.98
6724,3,6.48
6725,1,6.12
6726,0,6.05
6727,1,6.02
6728,3,6.59
6729,1,6.25
6730,0,5.97
6731,0,6.04
6732,2,6.5
6733,3,6.98
6734,3,6.36
6735,1,5.94
6736,3,6.12
6737,2,6.32
6738,3,6.26
6739,0,6.05
6740,0,6.14
6741,2,6.19
6742,1,5.93
6743,0,6.05
6744,1,6.0
6745,2,5.82
6746,2,6.27
6747,0,6.01
6748,0,6.18
6749,4,10.58
6750,4,9.01
6751,1,6.05
6752,0,6.0
6753,1,6.01
6754,0,6.16
6755,0,5.97
6756,4,7.78
6757,2,6.22
6758,1,6.1
6759,3,6.86
6760,2,6.4
6761,3,6.49
6762,3,6.44
6763,4,8.58
6764,3,6.49
6765,0,5.87
6766,4,8.54
6767,1,5.97
6768,1,5.99
6769,4,12.78
6770,2,6.0
6771,4,8.48
6772,0,6.03
6773,4,14.27
6774,0,5.93
6775,1,6.14
6776,1,6.26
6777,3,6.25
6778,0,5.95
6779,0,5.98
6780,3,6.26
6781,1,5.97
6782,2,6.06
6783,3,6.13
6784,0,6.31
6785,0,5.79
6786,3,7.34
6787,4,12.76
6788,2,5.96
6789,3,6.57
6790,3,6.11
6791,3,6.16
6792,1,5.8
6793,0,6.05
6794,3,6.21
6795,3,7.23
6796,3,6.99
6797,3,7.02
6798,1,6.09
6799,4,7.64
6800,3,6.37
6801,3,6.66
6802,0,6.24
6803,1,6.04
6804,0,6.04
6805,1,6.08
6806,3,6.61
6807,4,6.6
6808,3,6.7
6809,1,5.92
6810,1,6.33
6811,1,6.17
6812,4,8.92
6813,4,15.63
6814,0,6.52
6815,3,7.04
6816,2,6.76
6817,3,6.88
6818,2,6.05
6819,4,8.37
6820,3,6.23
6821,0,6.2
6822,4,9.41
6823,4,7.31
6824,0,6.14
6825,2,6.3
6826,0,6.1
6827,1,5.97
6828,3,6.9
6829,4,7.58
6830,1,6.24
6831,1,6.27
6832,2,5.97
6833,2,6.02
6834,3,6.1
6835,1,6.0
6836,3,6.61
6837,1,6.14
6838,1,6.11
6839,0,5.89
6840,3,6.38
6841,4,7.87
6842,4,9.3
6843,4,8.06
6844,3,6.32
6845,3,6.42
6846,4,7.25
6847,0,6.16
6848,4,8.22
6849,1,6.02
6850,4,6.59
6851,0,6.28
6852,3,6.42
6853,1,6.07
6854,1,6.03
6855,3,6.38
6856,4,7.74
6857,2,6.09
6858,4,6.92
6859,2,6.02
6860,0,5.91
6861,0,5.97
6862,1,6.27
6863,0,6.2
6864,2,6.29
6865,2,6.04
6866,3,7.0
6867,3,6.18
6868,1,6.21
6869,1,6.18
6870,0,5.82
6871,2,6.25
6872,1,6.0
6873,1,6.16
6874,4,16.19
6875,3,5.94
6876,4,10.51
6877,1,6.16
6878,1,6.44
6879,1,6.13
6880,3,6.54
6881,3,6.15
6882,3,6.42
6883,4,9.7
6884,4,12.48
6885,3,6.36
6886,0,5.92
6887,3,6.28
6888,4,12.3
6889,1,6.07
6890,3,6.92
6891,1,6.01
6892,0,5.7
6893,4,10.08
6894,4,7.29
6895,4,7.37
6896,0,6.06
6897,1,5.95
6898,4,7.39
6899,1,6.03
6900,0,6.14
6901,3,6.23
6902,3,6.7
6903,1,6.23
6904,4,8.63
6905,1,6.19
6906,2,6.24
6907,2,6.25
6908,4,7.56
6909,0,6.23
6910,1,6.02
6911,2,6.19
6912,2,6.45
6913,2,5.98
6914,4,13.7
6915,2,6.31
6916,1,5.97
6917,1,6.54
6918,3,6.17
6919,0,5.91
6920,4,35.99
6921,0,6.01
6922,4,9.09
6923,4,7.75
6924,0,5.89
6925,0,5.86
6926,3,6.61
6927,4,7.32
6928,4,13.65
6929,4,16.11
6930,3,5.88
6931,1,6.16
6932,1,6.18
6933,3,6.54
6934,2,6.2
6935,2,6.19
6936,4,7.55
6937,0,6.15
6938,3,6.4
6939,4,17.34
6940,3,6.92
6941,3,6.88
6942,0,5.98
6943,4,7.64
6944,0,6.0
6945,1,6.1
6946,4,7.21
6947,0,6.11
6948,3,6.16
6949,4,7.35
6950,3,6.8
6951,0,6.11
6952,3,6.94
6953,0,6.25
6954,4,6.62
6955,1,6.16
6956,3,6.52
6957,2,6.07
6958,0,6.19
6959,2,6.18
6960,1,6.23
6961,2,6.12
6962,0,5.9
6963,3,6.44
6964,1,6.02
6965,3,6.74
6966,3,6.47
6967,1,6.05
6968,0,5.78
6969,0,6.03
6970,4,13.28
6971,3,6.49
6972,2,6.41
6973,3,6.74
6974,1,6.18
6975,1,6.39
6976,1,6.17
6977,3,6.53
6978,2,6.23
6979,4,10.83
6980,2,6.27
6981,3,6.09
6982,4,8.27
6983,4,9.13
6984,0,6.05
6985,1,6.04
6986,1,6.12
6987,2,6.12
6988,1,6.21
6989,2,6.14
6990,4,7.63
6991,4,7.61
6992,3,6.21
6993,2,6.35
6994,1,6.17
6995,0,5.88
6996,4,10.98
6997,1,5.92
6998,4,7.11
6999,3,6.18
7000,1,6.09
7001,2,6.07
7002,1,6.12
7003,1,6.03
7004,2,6.08
7005,0,6.06
7006,1,6.04
7007,4,7.63
7008,1,6.07
7009,0,6.01
7010,1,6.17
7011,0,6.05
7012,2,6.23
7013,4,9.57
7014,1,6.19
7015,2,5.96
7016,3,6.27
7017,1,5.71
7018,2,5.87
7019,2,6.64
7020,3,6.38
7021,4,13.0
7022,2,5.96
7023,1,6.22
7024,3,7.14
7025,2,6.16
7026,3,6.73
7027,2,6.17
7028,1,6.14
7029,3,6.56
7030,4,6.75
7031,1,6.05
7032,4,10.3
7033,0,5.93
7034,3,6.53
7035,0,6.06
7036,0,5.89
7037,4,11.54
7038,3,6.31
7039,1,6.01
7040,1,6.3
7041,4,21.17
7042,4,13.71
7043,4,7.17
7044,0,6.0
7045,4,15.99
7046,1,6.14
7047,2,6.27
7048,0,5.97
7049,0,6.17
7050,1,5.88
7051,3,6.68
7052,4,28.19
7053,3,6.75
7054,1,6.23
7055,3,6.42
7056,4,7.79
7057,3,7.95
7058,3,6.33
7059,1,6.02
7060,0,5.94
7061,3,6.35
7062,2,6.67
7063,2,6.16
7064,4,9.38
7065,1,6.2
7066,2,6.15
7067,1,6.31
7068,1,6.17
7069,2,6.11
7070,1,6.53
7071,4,26.47
7072,4,7.51
7073,4,9.66
7074,4,8.84
7075,0,6.17
7076,1,6.11
7077,3,6.0
7078,1,5.94
7079,2,6.1
7080,3,6.42
7081,2,6.11
7082,1,5.84
7083,0,6.07
7084,1,6.03
7085,1,6.31
7086,1,6.18
7087,2,6.31
7088,1,6.02
7089,0,5.96
7090,1,5.94
7091,2,6.43
7092,1,6.01
7093,4,35.45
7094,3,6.25
7095,0,5.82
7096,2,6.49
7097,3,6.28
7098,3,6.32
7099,0,5.95
7100,0,5.97
7101,0,6.02
7102,0,6.02
7103,3,6.77
7104,3,6.52
7105,1,6.23
7106,4,9.09
7107,2,5.98
7108,1,6.03
7109,4,6.75
7110,1,6.2
7111,4,7.74
7112,2,6.14
7113,2,6.3
7114,2,6.38
7115,0,5.95
7116,3,6.27
7117,0,6.03
7118,2,6.07
7119,0,5.87
7120,3,6.88
7121,1,6.02
7122,2,6.07
7123,0,5.97
7124,3,6.31
7125,3,6.36
7126,1,6.18
7127,4,10.43
7128,1,6.12
7129,2,6.15
7130,2,5.99
7131,2,6.29
7132,1,5.91
7133,1,5.62
7134,1,6.23
7135,0,6.15
7136,2,6.19
7137,0,6.07
7138,4,7.2
7139,2,6.21
7140,3,6.59
7141,0,6.38
7142,4,9.55
7143,1,6.04
7144,0,5.86
7145,4,30.89
7146,4,7.67
7147,0,6.04
7148,1,6.26
7149,0,6.06
7150,0,5.64
7151,3,6.4
7152,0,6.06
7153,1,6.01
7154,2,6.18
7155,4,8.67
7156,3,6.34
7157,4,8.9
7158,3,6.41
7159,2,6.23
7160,3,6.33
7161,2,6.38
7162,1,6.13
7163,1,6.37
7164,4,14.94
7165,0,5.91
7166,2,6.45
7167,3,6.22
7168,4,7.42
7169,3,6.6
7170,3,6.4
7171,3,6.24
7172,0,6.01
7173,3,7.89
7174,4,13.29
7175,2,6.32
7176,4,8.57
7177,0,6.02
7178,1,6.45
7179,0,6.12
7180,2,6.16
7181,3,6.28
7182,3,6.3
7183,3,6.43
7184,4,7.45
7185,2,6.45
7186,0,6.05
7187,1,6.24
7188,3,6.34
7189,1,5.88
7190,1,6.04
7191,4,11.9
7192,2,6.33
7193,2,6.4
7194,1,6.09
7195,4,7.24
7196,1,6.27
7197,3,6.03
7198,1,6.0
7199,2,6.11
7200,3,6.84
7201,4,6.49
7202,0,6.18
7203,4,14.0
7204,2,5.99
7205,3,6.63
7206,4,7.43
7207,4,9.14
7208,1,6.02
7209,4,6.77
7210,4,35.78
7211,4,9.37
7212,4,7.18
7213,3,6.78
7214,3,6.31
7215,0,6.29
7216,1,5.95
7217,2,6.13
7218,4,7.37
7219,1,5.97
7220,2,6.34
7221,0,6.05
7222,4,8.21
7223,2,6.45
7224,0,6.17
7225,1,6.07
7226,3,6.72
7227,3,6.24
7228,0,5.96
7229,3,6.23
7230,1,6.23
7231,2,6.09
7232,0,5.94
7233,2,6.35
7234,2,6.44
7235,3,6.43
7236,2,6.65
7237,1,6.15
7238,4,22.92
7239,0,6.06
7240,1,6.0
7241,3,6.54
7242,2,6.32
7243,4,7.29
7244,0,6.02
7245,1,6.29
7246,2,6.46
7247,2,6.37
7248,3,6.56
7249,4,7.98
7250,2,6.07
7251,4,12.38
7252,4,9.44
7253,2,6.44
7254,0,5.93
7255,2,6.39
7256,3,6.3
7257,1,6.2
7258,0,6.02
7259,4,9.84
7260,4,6.68
7261,4,12.15
7262,2,5.95
7263,2,6.32
7264,2,6.32
7265,0,5.94
7266,4,17.34
7267,2,6.15
7268,1,6.15
7269,3,6.32
7270,0,6.0
7271,1,6.14
7272,0,5.82
7273,4,19.58
7274,2,6.33
7275,4,19.56
7276,0,6.23
7277,2,6.22
7278,1,6.26
7279,4,6.57
7280,0,5.99
7281,0,5.82
7282,1,5.95
7283,0,5.85
7284,3,6.27
7285,4,8.31
7286,3,6.36
7287,0,6.08
7288,3,6.52
7289,1,5.97
7290,3,8.07
7291,0,5.95
7292,0,5.96
7293,1,6.51
7294,1,6.15
7295,2,6.28
7296,1,6.04
7297,4,7.03
7298,4,8.8
7299,0,6.11
7300,4,11.99
7301,4,7.59
7302,2,6.14
7303,2,6.04
7304,4,7.5
7305,3,7.6
7306,2,6.11
7307,1,6.3
7308,3,6.14
7309,4,23.15
7310,4,17.46
7311,2,6.04
7312,0,6.03
7313,0,5.99
7314,3,6.33
7315,4,13.84
7316,0,5.82
7317,4,6.64
7318,3,6.96
7319,0,6.06
7320,1,6.08
7321,0,6.13
7322,1,6.13
7323,3,6.22
7324,3,7.17
7325,3,8.01
7326,4,6.39
7327,2,6.25
7328,1,5.88
7329,0,5.99
7330,4,7.66
7331,3,6.28
7332,4,6.9
7333,0,5.94
7334,2,6.28
7335,2,6.31
7336,1,6.1
7337,3,6.83
7338,1,6.09
7339,1,5.94
7340,3,6.3
7341,4,6.79
7342,1,6.01
7343,1,6.19
7344,4,23.95
7345,4,9.01
7346,1,6.3
7347,3,6.84
7348,1,5.93
7349,3,6.93
7350,3,7.05
7351,3,5.96
7352,4,35.99
7353,2,6.25
7354,1,5.95
7355,3,6.23
7356,3,6.25
7357,2,6.04
7358,4,6.8
7359,0,6.07
7360,4,7.38
7361,1,5.98
7362,2,6.15
7363,4,6.8
7364,3,6.27
7365,4,11.46
7366,1,6.13
7367,0,5.86
7368,3,6.26
7369,3,6.32
7370,1,5.89
7371,1,6.23
7372,3,6.27
7373,4,8.16
7374,3,6.34
7375,1,5.93
7376,4,20.22
7377,2,6.28
7378,0,6.06
7379,3,8.92
7380,4,9.85
7381,2,5.92
7382,1,5.96
7383,1,6.16
7384,0,5.8
7385,3,6.6
7386,3,6.38
7387,1,6.23
7388,1,6.07
7389,2,6.03
7390,3,6.78
7391,2,6.42
7392,2,6.09
7393,0,6.02
7394,0,5.88
7395,2,6.89
7396,0,5.93
7397,3,6.42
7398,4,12.89
7399,0,5.86
7400,2,5.98
7401,1,6.11
7402,1,6.2
7403,4,33.45
7404,4,8.57
7405,3,6.15
7406,3,6.35
7407,3,6.34
7408,4,9.59
7409,3,6.5
7410,2,6.11
7411,2,5.83
7412,1,6.23
7413,0,5.89
7414,2,5.98
7415,3,6.63
7416,2,6.29
7417,2,6.85
7418,1,6.22
7419,3,6.34
7420,3,6.58
7421,2,6.3
7422,3,7.01
7423,1,6.05
7424,4,7.0
7425,0,6.14
7426,2,5.92
7427,1,6.09
7428,1,6.25
7429,3,6.61
7430,3,6.28
7431,3,8.12
7432,2,6.22
7433,1,6.04
7434,2,6.07
7435,2,6.05
7436,3,6.57
7437,4,9.19
7438,2,6.07
7439,3,6.08
7440,2,6.2
7441,3,6.3
7442,3,7.05
7443,4,10.82
7444,1,6.28
7445,4,8.17
7446,4,7.5
7447,4,7.49
7448,2,5.86
7449,3,8.25
7450,4,8.33
7451,4,10.69
7452,1,6.22
7453,1,6.03
7454,3,6.81
7455,4,10.0
7456,0,5.94
7457,2,6.35
7458,1,5.99
7459,4,24.86
7460,4,19.12
7461,1,5.99
7462,3,6.25
7463,4,7.41
7464,2,6.37
7465,1,6.2
7466,2,5.76
7467,0,6.07
7468,3,6.55
7469,3,6.7
7470,0,5.75
7471,4,7.48
7472,2,6.57
7473,1,6.0
7474,3,6.15
7475,4,14.63
7476,0,5.85
7477,0,6.03
7478,4,7.53
7479,3,6.25
7480,2,6.45
7481,1,6.07
7482,1,6.12
7483,4,7.11
7484,3,6.48
7485,2,6.07
7486,0,6.07
7487,3,6.16
7488,4,11.43
7489,0,6.14
7490,4,13.27
7491,0,5.99
7492,4,11.08
7493,1,6.07
7494,2,6.11
7495,4,7.69
7496,3,6.16
7497,0,5.81
7498,3,6.78
7499,4,13.39
7500,0,6.24
7501,4,18.42
7502,0,6.04
7503,3,6.48
7504,2,6.22
7505,1,6.01
7506,2,6.11
7507,1,6.19
7508,2,6.15
7509,0,5.68
7510,0,6.22
7511,3,6.75
7512,2,6.19
7513,0,6.02
7514,0,6.19
7515,0,5.92
7516,4,8.45
7517,0,6.09
7518,0,6.15
7519,4,19.19
7520,3,6.29
7521,1,6.01
7522,4,18.57
7523,3,6.71
7524,4,10.4
7525,3,7.41
7526,4,6.92
7527,2,5.98
7528,3,6.16
7529,1,5.99
7530,3,6.38
7531,3,6.25
7532,0,5.85
7533,3,6.69
7534,3,6.03
7535,3,6.51
7536,3,6.29
7537,2,6.22
7538,0,6.01
7539,4,11.32
7540,2,5.98
7541,1,6.13
7542,3,6.78
7543,0,6.02
7544,4,13.01
7545,3,6.18
7546,0,6.14
7547,1,6.5
7548,2,6.15
7549,3,6.17
7550,3,6.7
7551,4,8.81
7552,1,6.13
7553,0,6.12
7554,0,6.15
7555,2,6.5
7556,3,6.39
7557,3,6.32
7558,2,6.14
7559,1,6.12
7560,4,7.42
7561,3,6.62
7562,1,6.02
7563,0,6.14
7564,1,5.89
7565,1,5.9
7566,3,5.88
7567,1,6.28
7568,1,6.35
7569,0,5.99
7570,1,6.21
7571,1,6.01
7572,4,7.13
7573,0,5.95
7574,2,6.15
7575,1,6.01
7576,1,5.97
7577,4,10.43
7578,3,6.5
7579,3,6.57
7580,4,9.78
7581,2,6.21
7582,0,5.96
7583,3,6.13
7584,1,6.03
7585,0,5.85
7586,1,6.19
7587,3,6.44
7588,0,6.1
7589,3,6.4
7590,3,6.21
7591,2,6.1
7592,1,6.44
7593,1,5.98
7594,2,6.21
7595,4,7.37
7596,2,6.1
7597,3,6.63
7598,3,6.32
7599,3,5.85
7600,3,6.5
7601,1,6.05
7602,3,6.38
7603,1,6.12
7604,2,6.23
7605,2,6.63
7606,2,6.14
7607,1,6.19
7608,0,6.09
7609,0,6.17
7610,3,6.33
7611,4,10.81
7612,4,7.2
7613,0,6.14
7614,4,11.01
7615,2,6.21
7616,3,6.19
7617,0,6.15
7618,3,6.45
7619,3,6.06
7620,3,6.42
7621,4,7.63
7622,1,5.99
7623,0,5.91
7624,1,6.04
7625,0,6.17
7626,0,5.92
7627,3,7.23
7628,0,5.89
7629,1,6.06
7630,2,6.25
7631,0,5.68
7632,2,6.2
7633,4,7.28
7634,3,6.07
7635,1,6.13
7636,4,10.34
7637,4,7.49
7638,1,6.16
7639,0,5.92
7640,2,6.05
7641,0,6.1
7642,0,5.96
7643,3,6.43
7644,1,6.27
7645,0,6.07
7646,1,6.31
7647,4,9.48
7648,2,7.06
7649,4,14.27
7650,0,6.01
7651,2,6.41
7652,0,6.0
7653,3,6.66
7654,2,6.02
7655,4,6.32
7656,4,30.59
7657,2,5.94
7658,0,6.13
7659,1,5.94
7660,0,6.07
7661,3,6.99
7662,4,12.78
7663,1,5.97
7664,3,6.36
7665,0,6.0
7666,0,5.98
7667,2,6.14
7668,2,6.35
7669,0,6.21
7670,1,6.2
7671,1,6.06
7672,0,5.99
7673,2,6.45
7674,0,6.12
7675,4,8.7
7676,2,6.15
7677,0,6.0
7678,2,6.03
7679,3,7.51
7680,3,6.33
7681,0,5.88
7682,1,6.0
7683,1,5.96
7684,4,31.22
7685,1,5.91
7686,1,6.0
7687,3,5.82
7688,3,6.1
7689,0,6.24
7690,0,5.82
7691,1,6.52
7692,1,6.15
7693,3,6.68
7694,2,6.0
7695,0,6.0
7696,1,6.15
7697,4,7.51
7698,4,10.34
7699,1,5.7
7700,1,6.07
7701,2,6.1
7702,3,6.7
7703,0,5.86
7704,4,9.43
7705,4,12.16
7706,3,6.21
7707,2,6.26
7708,1,6.06
7709,2,6.26
7710,3,6.61
7711,0,6.18
7712,1,6.0
7713,4,6.89
7714,4,8.36
7715,0,6.06
7716,0,6.09
7717,3,6.36
7718,0,6.0
7719,2,6.17
7720,0,5.88
7721,4,10.95
7722,2,6.11
7723,1,6.03
7724,2,6.35
7725,4,15.25
7726,1,6.21
7727,4,33.05
7728,1,5.88
7729,0,6.17
7730,0,6.17
7731,3,7.79
7732,0,5.94
7733,1,6.2
7734,2,6.25
7735,3,6.53
7736,2,6.15
7737,1,6.21
7738,2,6.39
7739,0,5.69
7740,1,5.9
7741,1,6.08
7742,2,6.43
7743,2,6.0
7744,0,6.09
7745,1,5.74
7746,0,5.89
7747,1,6.04
7748,2,6.36
7749,3,6.34
7750,2,6.05
7751,0,5.89
7752,2,6.13
7753,0,6.0
7754,1,6.08
7755,4,8.87
7756,4,13.09
7757,3,6.15
7758,3,6.53
7759,2,5.96
7760,4,6.91
7761,2,6.36
7762,2,6.35
7763,3,6.41
7764,3,6.9
7765,0,6.07
7766,4,26.7
7767,0,5.74
7768,1,5.95
7769,0,5.89
7770,3,6.57
7771,0,5.8
7772,2,6.19
7773,3,6.74
7774,4,7.32
7775,2,6.2
7776,1,5.99
7777,0,6.09
7778,1,6.03
7779,2,5.93
7780,3,6.46
7781,0,5.92
7782,1,6.2
7783,4,10.46
7784,4,16.08
7785,1,6.04
7786,1,6.14
7787,3,6.24
7788,4,9.72
7789,2,6.24
7790,2,6.26
7791,2,6.09
7792,1,6.24
7793,4,7.38
7794,1,5.86
7795,1,6.02
7796,2,6.29
7797,1,6.04
7798,4,7.85
7799,0,6.06
7800,3,6.78
7801,1,6.08
7802,2,6.21
7803,2,6.09
7804,1,6.23
7805,3,6.29
7806,2,5.77
7807,1,5.92
7808,4,6.79
7809,3,6.49
7810,2,6.27
7811,2,6.19
7812,4,35.99
7813,0,5.79
7814,2,6.02
7815,2,6.39
7816,4,34.06
7817,4,6.88
7818,1,6.2
7819,4,8.76
7820,2,6.17
7821,3,7.03
7822,0,6.07
7823,4,31.98
7824,2,6.22
7825,3,7.35
7826,4,23.33
7827,0,5.97
7828,2,6.22
7829,3,6.36
7830,3,6.59
7831,3,6.41
7832,2,6.1
7833,4,8.43
7834,1,6.34
7835,4,11.41
7836,2,6.15
7837,2,5.93
7838,4,27.83
7839,0,6.19
7840,0,5.73
7841,3,7.03
7842,2,6.31
7843,2,6.32
7844,4,7.73
7845,3,6.29
7846,1,5.86
7847,2,6.33
7848,3,6.3
7849,0,5.78
7850,1,5.96
7851,4,6.62
7852,2,5.96
7853,3,6.53
7854,1,6.03
7855,1,6.41
7856,0,6.1
7857,1,6.09
7858,3,6.7
7859,0,5.88
7860,2,6.09
7861,1,6.19
7862,4,23.71
7863,4,12.53
7864,2,6.19
7865,4,13.69
7866,4,11.79
7867,3,6.39
7868,3,6.85
7869,3,5.89
7870,0,6.2
7871,3,6.73
7872,2,6.01
7873,0,5.96
7874,0,5.89
7875,3,6.41
7876,1,6.33
7877,1,6.22
7878,2,6.2
7879,1,5.97
7880,0,6.13
7881,2,5.99
7882,0,6.03
7883,1,5.99
7884,0,5.94
7885,0,6.11
7886,3,6.34
7887,1,5.84
7888,3,6.63
7889,4,12.18
7890,4,12.1
7891,0,5.94
7892,3,6.35
7893,0,6.21
7894,1,6.28
7895,0,6.15
7896,4,10.99
7897,0,5.9
7898,3,6.34
7899,1,6.19
7900,2,6.17
7901,2,6.42
7902,0,6.01
7903,4,13.75
7904,3,6.21
7905,3,6.77
7906,1,5.9
7907,2,6.19
7908,3,6.8
7909,4,8.13
7910,3,7.06
7911,0,6.06
7912,2,6.27
7913,2,6.5
7914,0,6.14
7915,1,6.0
7916,4,6.59
7917,1,6.06
7918,3,6.38
7919,4,7.1
7920,1,6.13
7921,3,7.58
7922,0,5.83
7923,3,6.53
7924,3,6.22
7925,0,5.94
7926,2,6.09
7927,3,6.97
7928,4,35.99
7929,0,5.91
7930,4,11.82
7931,1,6.4
7932,2,6.12
7933,3,6.28
7934,2,6.59
7935,3,6.24
7936,3,6.34
7937,1,6.17
7938,4,11.04
7939,3,6.48
7940,2,6.46
7941,2,6.15
7942,1,6.71
7943,1,6.39
7944,0,5.79
7945,4,9.29
7946,1,6.06
7947,2,6.29
7948,4,8.7
7949,4,7.78
7950,4,8.11
7951,3,6.14
7952,4,6.53
7953,4,10.74
7954,2,6.2
7955,0,6.25
7956,1,6.07
7957,2,6.3
7958,0,6.17
7959,2,6.08
7960,1,6.06
7961,0,5.95
7962,3,6.89
7963,4,7.4
7964,3,7.91
7965,4,20.52
7966,2,6.07
7967,3,6.52
7968,1,6.24
7969,1,6.04
7970,1,6.14
7971,1,6.01
7972,2,6.27
7973,1,6.17
7974,4,10.84
7975,1,6.03
7976,2,6.24
7977,3,6.53
7978,2,6.16
7979,3,6.33
7980,4,7.53
7981,1,5.9
7982,1,6.21
7983,4,13.78
7984,4,14.53
7985,4,11.11
7986,0,6.21
7987,4,9.84
7988,3,6.32
7989,1,5.84
7990,3,6.27
7991,3,6.26
7992,2,6.06
7993,3,6.32
7994,4,11.54
7995,1,6.46
7996,4,7.55
7997,3,6.47
7998,3,6.42
7999,1,6.18
8000,3,6.22
8001,4,7.45
8002,4,8.68
8003,2,6.37
8004,4,7.08
8005,1,6.13
8006,1,6.05
8007,1,6.16
8008,4,33.7
8009,1,6.24
8010,2,6.41
8011,0,6.29
8012,1,6.06
8013,2,6.07
8014,3,6.67
8015,0,6.04
8016,1,6.21
8017,0,5.93
8018,2,6.46
8019,0,5.99
8020,4,11.16
8021,2,6.29
8022,0,6.15
8023,2,6.06
8024,3,6.07
8025,4,27.16
8026,3,6.47
8027,3,6.07
8028,3,6.46
8029,1,6.22
8030,3,6.48
8031,3,6.06
8032,0,6.0
8033,3,6.41
8034,1,5.95
8035,2,6.18
8036,2,5.98
8037,3,6.55
8038,4,7.72
8039,1,6.06
8040,3,5.75
8041,0,6.39
8042,3,6.32
8043,3,6.26
8044,1,5.85
8045,1,6.18
8046,1,6.03
8047,3,6.33
8048,1,6.03
8049,0,5.98
8050,3,7.55
8051,4,8.94
8052,3,6.38
8053,4,10.42
8054,0,5.92
8055,0,6.15
8056,1,6.17
8057,3,6.01
8058,3,7.22
8059,2,6.06
8060,2,6.15
8061,2,6.22
8062,0,5.91
8063,2,6.33
8064,4,7.8
8065,3,6.28
8066,2,6.15
8067,1,6.4
8068,3,6.68
8069,3,6.42
8070,4,15.38
8071,2,6.42
8072,1,6.21
8073,3,6.72
8074,2,6.04
8075,4,12.24
8076,4,6.86
8077,2,6.48
8078,2,6.03
8079,3,6.91
8080,4,11.23
8081,1,6.15
8082,0,6.01
8083,0,6.05
8084,4,11.2
8085,0,6.24
8086,2,6.55
8087,3,6.59
8088,2,6.08
8089,2,5.98
8090,4,9.39
8091,0,6.29
8092,2,6.04
8093,4,15.86
8094,2,6.51
8095,0,5.93
8096,0,5.98
8097,4,7.18
8098,2,6.15
8099,4,8.38
8100,1,5.98
8101,2,6.15
8102,3,6.17
8103,4,6.81
8104,2,6.17
8105,0,6.15
8106,2,6.11
8107,4,35.01
8108,3,6.71
8109,4,7.21
8110,1,6.09
8111,2,6.25
8112,2,6.33
8113,0,5.95
8114,4,11.13
8115,3,6.53
8116,4,19.39
8117,1,6.02
8118,2,6.04
8119,3,6.22
8120,3,6.29
8121,3,6.23
8122,1,6.07
8123,1,5.98
8124,3,6.83
8125,0,6.06
8126,4,7.44
8127,0,5.88
8128,1,5.96
8129,2,6.1
8130,1,5.94
8131,3,6.59
8132,2,5.81
8133,1,6.06
8134,2,6.02
8135,0,6.19
8136,1,6.14
8137,4,7.56
8138,4,6.93
8139,1,6.04
8140,2,6.26
8141,2,6.23
8142,1,6.08
8143,1,6.07
8144,4,10.77
8145,1,6.2
8146,3,6.39
8147,0,5.8
8148,3,6.52
8149,4,32.86
8150,1,6.24
8151,4,11.83
8152,4,6.68
8153,1,5.9
8154,4,32.6
8155,0,5.71
8156,0,6.08
8157,3,7.34
8158,0,6.02
8159,2,6.32
8160,0,6.26
8161,4,7.7
8162,3,6.82
8163,2,6.28
8164,3,6.54
8165,4,11.53
8166,0,6.21
8167,2,6.42
8168,1,5.88
8169,3,6.63
8170,4,10.1
8171,4,6.68
8172,3,6.26
8173,2,6.29
8174,3,6.6
8175,4,7.07
8176,3,6.35
8177,3,6.56
8178,0,5.81
8179,1,6.28
8180,3,6.99
8181,3,6.03
8182,3,7.65
8183,1,5.97
8184,3,6.2
8185,1,5.99
8186,1,6.28
8187,0,6.42
8188,2,6.23
8189,4,9.41
8190,0,6.06
8191,1,5.96
8192,3,6.85
8193,0,6.27
8194,1,6.24
8195,4,7.21
8196,1,6.09
8197,1,6.03
8198,4,11.68
8199,3,6.3
8200,0,5.94
8201,2,6.21
8202,2,6.42
8203,0,6.0
8204,0,6.09
8205,4,34.7
8206,1,6.0
8207,2,5.91
8208,3,6.28
8209,0,6.01
8210,0,5.81
8211,3,6.03
8212,3,6.5
8213,1,5.97
8214,1,5.95
8215,2,6.32
8216,1,6.15
8217,1,6.2
8218,2,6.29
8219,0,6.21
8220,0,5.91
8221,0,6.04
8222,0,6.28
8223,2,6.35
8224,3,6.19
8225,3,6.67
8226,3,6.39
8227,1,6.14
8228,1,6.08
8229,3,6.37
8230,3,6.8
8231,2,5.95
8232,4,7.52
8233,2,6.24
8234,0,5.89
8235,4,8.03
8236,4,8.91
8237,3,6.66
8238,4,8.83
8239,0,6.0
8240,3,6.17
8241,0,6.0
8242,1,6.34
8243,2,6.08
8244,3,6.63
8245,2,6.02
8246,1,6.2
8247,2,6.28
8248,1,6.12
8249,0,5.95
8250,1,6.0
8251,1,6.11
8252,3,7.02
8253,2,6.04
8254,1,6.35
8255,0,6.14
8256,1,6.01
8257,4,6.58
8258,3,6.36
8259,3,6.19
8260,3,6.13
8261,2,6.17
8262,1,6.25
8263,3,6.34
8264,0,5.95
8265,0,5.87
8266,2,6.11
8267,1,6.17
8268,0,6.0
8269,1,6.15
8270,3,6.33
8271,0,6.12
8272,1,6.08
8273,4,11.45
8274,4,6.72
8275,3,6.33
8276,3,6.41
8277,1,6.14
8278,4,6.45
8279,2,6.5
8280,1,6.2
8281,2,5.95
8282,3,6.06
8283,3,6.34
8284,0,6.02
8285,0,5.97
8286,0,6.34
8287,2,5.97
8288,0,6.11
8289,4,29.42
8290,4,15.6
8291,0,5.9
8292,1,5.9
8293,3,6.38
8294,0,5.84
8295,4,8.45
8296,4,13.61
8297,0,5.95
8298,2,6.12
8299,0,6.2
8300,0,5.9
8301,1,5.99
8302,3,6.47
8303,1,6.52
8304,2,5.98
8305,0,5.93
8306,1,6.14
8307,4,29.79
8308,3,6.3
8309,3,6.34
8310,2,6.12
8311,1,6.07
8312,4,7.69
8313,2,6.27
8314,3,7.48
8315,4,12.7
8316,2,6.23
8317,4,9.79
8318,1,5.99
8319,4,10.68
8320,4,7.43
8321,1,5.96
8322,2,6.19
8323,0,6.04
8324,2,5.78
8325,4,9.96
8326,4,9.43
8327,2,6.84
8328,3,6.17
8329,2,6.21
8330,2,6.44
8331,3,6.29
8332,1,6.09
8333,3,6.21
8334,3,6.72
8335,4,24.57
8336,1,6.13
8337,2,5.97
8338,0,5.94
8339,1,6.1
8340,4,11.35
8341,4,9.78
8342,4,6.84
8343,1,6.0
8344,3,6.76
8345,1,6.21
8346,0,6.15
8347,1,6.19
8348,3,6.31
8349,1,6.09
8350,3,6.63
8351,3,6.61
8352,0,5.87
8353,2,6.25
8354,4,6.65
8355,1,6.16
8356,1,6.09
8357,1,6.38
8358,4,21.16
8359,2,6.22
8360,2,6.5
8361,2,6.11
8362,3,6.24
8363,3,6.51
8364,1,6.18
8365,3,6.31
8366,3,6.87
8367,1,6.41
8368,1,6.3
8369,1,6.2
8370,3,6.59
8371,3,6.81
8372,4,10.4
8373,4,11.7
8374,4,10.04
8375,0,6.39
8376,1,6.21
8377,2,6.17
8378,0,6.16
8379,1,6.14
8380,0,5.8
8381,1,6.1
8382,1,6.06
8383,4,7.49
8384,3,6.64
8385,0,5.92
8386,2,6.07
8387,4,7.71
8388,3,6.96
8389,2,6.46
8390,0,6.0
8391,2,6.23
8392,4,9.77
8393,0,6.2
8394,2,6.13
8395,4,8.32
8396,1,6.39
8397,0,6.27
8398,3,6.37
8399,1,6.17
8400,0,6.0
8401,0,5.72
8402,2,5.85
8403,4,8.39
8404,1,6.05
8405,0,6.71
8406,1,5.94
8407,0,5.82
8408,0,6.1
8409,4,7.12
8410,0,6.44
8411,3,6.36
8412,0,5.98
8413,2,6.0
8414,4,11.89
8415,3,6.21
8416,3,6.49
8417,0,5.88
8418,3,6.22
8419,1,5.77
8420,1,6.03
8421,4,10.43
8422,1,6.2
8423,4,35.99
8424,3,6.34
8425,3,6.53
8426,1,5.9
8427,3,6.04
8428,4,9.81
8429,1,6.25
8430,4,7.92
8431,2,5.94
8432,0,6.21
8433,1,6.19
8434,1,6.16
8435,4,9.12
8436,2,6.13
8437,1,6.19
8438,1,6.0
8439,4,13.29
8440,2,6.02
8441,3,6.96
8442,1,6.19
8443,4,11.53
8444,1,6.2
8445,1,6.25
8446,3,6.57
8447,3,6.17
8448,3,6.8
8449,2,6.14
8450,3,6.59
8451,2,6.13
8452,4,7.81
8453,4,20.27
8454,1,6.13
8455,3,6.05
8456,2,6.2
8457,2,6.02
8458,0,6.07
8459,2,6.08
8460,1,5.76
8461,3,6.58
8462,3,6.07
8463,3,6.55
8464,2,6.17
8465,3,6.4
8466,4,10.63
8467,1,6.21
8468,2,6.27
8469,1,6.01
8470,3,6.78
8471,3,6.95
8472,3,9.86
8473,2,6.34
8474,3,6.26
8475,4,7.64
8476,1,5.84
8477,3,6.22
8478,0,5.94
8479,3,6.55
8480,4,17.99
8481,1,6.3
8482,2,6.02
8483,1,6.02
8484,1,6.11
8485,4,8.42
8486,0,5.86
8487,1,6.14
8488,3,6.3
8489,3,6.17
8490,3,6.37
8491,2,6.39
8492,0,6.08
8493,1,6.08
8494,0,5.92
8495,3,6.52
8496,3,6.48
8497,4,16.29
8498,0,5.98
8499,4,7.16
8500,0,5.96
8501,4,8.37
8502,4,10.65
8503,2,6.17
8504,3,6.04
8505,3,6.34
8506,0,6.02
8507,0,5.93
8508,1,6.17
8509,4,27.71
8510,2,6.1
8511,2,6.09
8512,2,6.09
8513,2,5.93
8514,0,6.12
8515,1,5.99
8516,1,5.87
8517,2,6.25
8518,1,5.91
8519,0,6.18
8520,2,5.95
8521,2,6.63
8522,0,6.01
8523,1,6.33
8524,0,5.99
8525,0,6.12
8526,1,6.1
8527,0,5.98
8528,2,6.87
8529,2,6.13
8530,1,5.97
8531,3,5.93
8532,2,6.06
8533,4,10.39
8534,0,5.95
8535,4,10.76
8536,0,6.09
8537,0,6.02
8538,3,6.18
8539,1,6.04
8540,3,6.87
8541,0,5.84
8542,0,6.04
8543,1,6.29
8544,3,6.43
8545,0,5.74
8546,0,5.99
8547,1,6.06
8548,0,5.81
8549,0,5.95
8550,4,12.92
8551,4,11.89
8552,1,5.9
8553,1,6.26
8554,1,6.2
8555,4,16.96
8556,2,6.59
8557,2,6.25
8558,4,6.32
8559,1,6.05
8560,1,6.08
8561,2,5.99
8562,1,5.97
8563,0,6.31
8564,4,7.97
8565,3,6.24
8566,2,6.62
8567,3,7.1
8568,4,10.08
8569,0,6.12
8570,1,5.95
8571,3,6.58
8572,1,6.07
8573,1,6.1
8574,0,6.02
8575,1,6.01
8576,0,5.93
8577,4,7.5
8578,2,6.16
8579,3,6.59
8580,1,6.04
8581,1,6.13
8582,3,6.32
8583,1,6.65
8584,2,6.19
8585,4,12.36
8586,4,7.91
8587,0,5.99
8588,4,7.5
8589,2,6.02
8590,0,6.01
8591,0,6.04
8592,1,6.02
8593,2,6.14
8594,4,16.92
8595,0,5.84
8596,0,5.88
8597,1,6.1
8598,2,5.82
8599,0,6.08
8600,0,6.19
8601,2,6.11
8602,2,6.23
8603,3,6.52
8604,1,6.03
8605,1,6.02
8606,0,5.85
8607,2,6.18
8608,4,13.95
8609,4,12.68
8610,4,10.73
8611,4,17.13
8612,4,7.21
8613,1,5.97
8614,1,6.22
8615,1,5.86
8616,2,6.34
8617,4,10.23
8618,4,32.37
8619,0,6.29
8620,4,8.28
8621,3,6.31
8622,0,6.27
8623,2,6.55
8624,3,6.66
8625,1,6.31
8626,2,6.16
8627,1,6.01
8628,3,6.24
8629,3,6.13
8630,3,6.87
8631,0,6.11
8632,0,5.85
8633,0,6.09
8634,4,8.58
8635,2,6.14
8636,1,6.02
8637,4,10.08
8638,2,6.35
8639,4,9.34
8640,0,6.19
8641,2,6.08
8642,1,6.23
8643,0,6.24
8644,3,6.42
8645,3,6.46
8646,4,12.29
8647,2,5.86
8648,3,6.53
8649,3,6.17
8650,1,5.98
8651,0,6.17
8652,3,6.94
8653,1,5.97
8654,3,6.48
8655,0,6.23
8656,3,6.41
8657,2,6.22
8658,4,10.58
8659,4,6.8
8660,4,7.56
8661,4,9.21
8662,0,5.78
8663,3,6.21
8664,2,6.43
8665,2,6.33
8666,4,7.96
8667,4,33.36
8668,1,6.14
8669,4,12.1
8670,1,6.32
8671,4,8.07
8672,3,6.17
8673,0,5.72
8674,2,6.11
8675,4,9.6
8676,3,6.6
8677,1,5.97
8678,0,6.07
8679,2,6.18
8680,3,6.11
8681,0,6.21
8682,4,7.93
8683,0,6.05
8684,2,6.17
8685,4,14.15
8686,1,6.26
8687,1,6.21
8688,4,7.41
8689,1,6.04
8690,1,6.02
8691,2,6.15
8692,1,6.26
8693,1,5.91
8694,0,6.16
8695,2,6.38
8696,2,6.11
8697,0,6.12
8698,0,6.07
8699,1,6.17
8700,2,5.95
8701,1,6.02
8702,1,6.14
8703,0,5.96
8704,4,7.72
8705,1,6.27
8706,2,6.23
8707,3,7.8
8708,4,21.14
8709,1,6.22
8710,0,5.91
8711,1,6.04
8712,2,5.99
8713,4,6.83
8714,3,6.59
8715,0,6.24
8716,2,6.46
8717,1,6.05
8718,2,6.13
8719,4,11.57
8720,4,9.69
8721,4,35.22
8722,3,6.58
8723,1,6.06
8724,3,6.16
8725,4,7.33
8726,4,28.42
8727,3,6.36
8728,1,5.91
8729,1,6.27
8730,4,6.65
8731,2,6.1
8732,1,5.98
8733,1,6.28
8734,2,6.19
8735,1,5.91
8736,1,6.16
8737,3,6.43
8738,4,24.28
8739,0,6.36
8740,4,7.34
8741,4,7.09
8742,1,6.14
8743,4,12.11
8744,1,6.59
8745,4,10.38
8746,4,13.6
8747,2,6.14
8748,3,6.6
8749,1,6.08
8750,1,5.83
8751,2,6.03
8752,3,6.6
8753,4,10.74
8754,4,8.49
8755,0,6.23
8756,2,6.19
8757,2,6.47
8758,0,6.01
8759,0,5.91
8760,3,6.08
8761,3,6.28
8762,4,10.89
8763,2,6.09
8764,2,6.13
8765,1,6.2
8766,1,5.84
8767,3,6.23
8768,4,21.21
8769,1,6.28
8770,0,5.92
8771,2,6.06
8772,4,9.36
8773,4,31.93
8774,1,6.11
8775,2,6.42
8776,3,6.55
8777,3,6.95
8778,1,6.08
8779,3,6.42
8780,4,34.4
8781,0,6.2
8782,3,6.73
8783,4,11.4
8784,2,6.48
8785,3,6.67
8786,3,6.36
8787,0,5.88
8788,3,6.32
8789,1,6.07
8790,2,6.13
8791,3,6.26
8792,0,6.01
8793,0,6.2
8794,4,18.54
8795,3,6.41
8796,1,6.28
8797,3,6.22
8798,4,35.99
8799,0,6.27
8800,3,6.7
8801,4,8.84
8802,1,6.01
8803,0,6.48
8804,2,6.44
8805,4,6.53
8806,2,6.1
8807,2,6.03
8808,0,6.01
8809,0,6.01
8810,4,8.14
8811,2,6.07
8812,1,5.93
8813,1,5.97
8814,2,6.19
8815,3,6.62
8816,4,16.88
8817,0,6.0
8818,0,5.79
8819,2,6.12
8820,2,6.66
8821,1,6.03
8822,3,6.74
8823,4,9.53
8824,1,5.84
8825,4,17.89
8826,3,6.94
8827,1,6.09
8828,1,6.32
8829,3,6.56
8830,3,6.6
8831,1,6.03
8832,3,6.63
8833,2,6.09
8834,1,6.09
8835,2,6.34
8836,4,7.84
8837,0,6.23
8838,3,6.48
8839,1,6.13
8840,1,5.87
8841,2,6.1
8842,3,6.78
8843,4,7.22
8844,2,6.28
8845,1,6.1
8846,4,12.63
8847,1,5.99
8848,0,6.04
8849,1,6.15
8850,3,6.23
8851,0,5.98
8852,1,6.17
8853,3,6.34
8854,4,35.99
8855,3,6.21
8856,4,26.95
8857,0,6.17
8858,3,6.17
8859,2,5.78
8860,3,6.68
8861,3,6.3
8862,1,5.88
8863,3,6.01
8864,0,6.02
8865,1,5.96
8866,1,6.1
8867,1,6.09
8868,0,6.78
8869,2,6.5
8870,4,8.69
8871,1,5.89
8872,4,11.21
8873,3,6.58
8874,4,7.92
8875,1,6.23
8876,1,6.5
8877,4,10.4
8878,2,6.08
8879,3,6.78
8880,4,17.14
8881,1,6.16
8882,0,5.98
8883,0,6.23
8884,4,13.66
8885,0,6.28
8886,4,7.38
8887,1,6.34
8888,4,8.93
8889,2,6.11
8890,2,6.03
8891,2,6.32
8892,2,5.9
8893,0,6.02
8894,3,6.14
8895,0,6.1
8896,0,5.87
8897,4,8.62
8898,1,6.01
8899,4,11.81
8900,1,6.18
8901,3,6.29
8902,4,24.31
8903,1,6.27
8904,2,6.55
8905,2,6.33
8906,3,5.93
8907,3,7.06
8908,2,5.97
8909,1,6.2
8910,2,6.05
8911,4,6.94
8912,4,8.51
8913,1,6.31
8914,3,6.24
8915,3,6.49
8916,0,6.26
8917,1,6.23
8918,2,6.0
8919,4,35.08
8920,1,5.95
8921,4,7.29
8922,3,6.19
8923,3,6.09
8924,2,6.07
8925,1,6.2
8926,0,6.03
8927,0,5.85
8928,4,11.85
8929,4,7.71
8930,4,8.23
8931,1,6.11
8932,4,13.5
8933,0,6.12
8934,1,6.07
8935,1,6.11
8936,0,6.17
8937,0,5.9
8938,2,6.5
8939,1,5.89
8940,2,5.82
8941,2,6.32
8942,1,6.13
8943,2,6.15
8944,2,6.29
8945,3,6.05
8946,3,6.05
8947,0,5.82
8948,2,5.99
8949,3,6.45
8950,3,6.66
8951,1,6.03
8952,3,6.81
8953,3,6.43
8954,4,7.12
8955,2,5.74
8956,1,6.02
8957,3,6.21
8958,0,5.9
8959,2,6.11
8960,3,6.38
8961,0,6.07
8962,2,6.1
8963,2,6.29
8964,0,5.97
8965,1,6.08
8966,1,6.34
8967,3,6.1
8968,0,5.89
8969,4,35.98
8970,0,6.07
8971,2,6.36
8972,4,8.54
8973,4,7.23
8974,2,6.0
8975,2,6.0
8976,1,6.05
8977,2,6.13
8978,1,6.08
8979,0,6.29
8980,3,7.28
8981,3,6.19
8982,4,8.72
8983,4,33.87
8984,2,6.22
8985,3,6.37
8986,4,10.19
8987,1,6.18
8988,2,6.16
8989,1,6.06
8990,3,6.24
8991,4,13.8
8992,3,6.41
8993,4,33.98
8994,0,5.83
8995,1,6.07
8996,1,5.99
8997,3,6.3
8998,3,6.49
8999,4,6.64
9000,3,6.36
9001,3,6.2
9002,4,10.26
9003,0,5.91
9004,0,5.87
9005,3,6.36
9006,3,6.73
9007,0,6.13
9008,3,6.78
9009,1,6.11
9010,3,6.1
9011,4,8.34
9012,2,5.87
9013,1,6.39
9014,3,6.4
9015,0,6.02
9016,4,9.01
9017,0,6.5
9018,2,5.97
9019,1,6.03
9020,0,6.1
9021,3,6.4
9022,4,28.67
9023,0,5.93
9024,4,13.21
9025,4,6.72
9026,2,6.08
9027,2,6.19
9028,1,6.17
9029,1,6.01
9030,2,6.37
9031,3,6.57
9032,1,6.49
9033,1,6.19
9034,2,5.91
9035,4,15.23
9036,0,6.21
9037,3,7.38
9038,3,6.38
9039,2,6.14
9040,3,6.05
9041,4,7.11
9042,4,35.14
9043,2,6.31
9044,1,6.09
9045,1,6.52
9046,2,6.14
9047,0,6.18
9048,1,6.16
9049,1,6.19
9050,2,5.93
9051,1,6.18
9052,0,6.05
9053,4,18.42
9054,1,6.2
9055,3,6.64
9056,3,6.03
9057,1,6.02
9058,0,6.21
9059,2,6.23
9060,3,6.49
9061,0,5.88
9062,0,6.02
9063,3,6.19
9064,0,5.99
9065,0,6.04
9066,4,7.88
9067,3,7.06
9068,0,6.31
9069,3,5.99
9070,1,6.21
9071,4,9.02
9072,1,6.02
9073,2,6.34
9074,4,8.46
9075,1,6.13
9076,0,5.85
9077,1,6.21
9078,2,6.3
9079,3,6.48
9080,3,5.94
9081,0,6.03
9082,3,6.63
9083,2,6.28
9084,3,6.46
9085,1,6.11
9086,3,6.41
9087,0,5.82
9088,2,6.39
9089,4,6.36
9090,4,6.9
9091,0,6.13
9092,2,6.39
9093,0,5.89
9094,0,6.13
9095,4,10.9
9096,4,11.77
9097,3,9.39
9098,2,6.38
9099,4,11.34
9100,3,6.36
9101,2,6.2
9102,1,6.22
9103,3,7.04
9104,1,6.21
9105,4,8.32
9106,4,8.41
9107,3,6.45
9108,0,6.12
9109,3,6.46
9110,1,6.06
9111,2,6.02
9112,4,10.39
9113,4,7.24
9114,2,6.4
9115,2,6.08
9116,3,6.3
9117,3,6.39
9118,2,6.25
9119,1,5.85
9120,1,6.06
9121,1,6.11
9122,3,10.21
9123,1,6.14
9124,4,9.45
9125,1,5.94
9126,2,5.94
9127,1,6.18
9128,1,6.24
9129,2,6.21
9130,4,6.96
9131,0,6.11
9132,2,6.16
9133,3,6.22
9134,2,6.38
9135,0,5.97
9136,4,14.5
9137,2,6.16
9138,0,6.19
9139,3,6.32
9140,2,6.06
9141,1,6.11
9142,4,11.74
9143,0,6.13
9144,1,6.35
9145,1,6.13
9146,1,5.97
9147,0,5.91
9148,4,9.71
9149,2,6.07
9150,4,9.54
9151,4,10.17
9152,4,10.56
9153,2,6.16
9154,0,6.14
9155,1,6.19
9156,0,6.05
9157,4,14.38
9158,1,6.05
9159,3,6.72
9160,3,7.2
9161,4,6.28
9162,1,5.86
9163,0,5.82
9164,3,5.94
9165,4,35.99
9166,3,6.5
9167,4,7.68
9168,0,5.73
9169,2,5.93
9170,1,6.01
9171,4,13.38
9172,1,6.2
9173,3,7.2
9174,4,9.81
9175,3,6.56
9176,0,6.14
9177,1,6.1
9178,2,6.33
9179,0,6.05
9180,0,5.75
9181,3,6.53
9182,1,6.49
9183,1,5.93
9184,0,5.98
9185,4,7.42
9186,0,6.13
9187,1,6.26
9188,3,6.74
9189,2,6.19
9190,1,6.21
9191,0,6.29
9192,4,9.2
9193,2,5.9
9194,4,6.96
9195,3,6.42
9196,2,6.2
9197,0,6.4
9198,2,6.2
9199,3,6.22
9200,4,18.75
9201,4,32.5
9202,3,6.32
9203,3,6.28
9204,4,6.87
9205,4,8.18
9206,1,6.28
9207,4,35.99
9208,3,6.95
9209,1,6.07
9210,1,5.88
9211,4,7.74
9212,1,5.96
9213,0,6.14
9214,3,6.57
9215,4,7.2
9216,2,6.41
9217,0,6.05
9218,0,5.98
9219,2,6.11
9220,4,7.25
9221,3,6.07
9222,3,6.43
9223,2,6.25
9224,2,6.28
9225,3,6.36
9226,0,5.87
9227,0,5.98
9228,2,6.17
9229,1,6.22
9230,3,6.6
9231,0,6.0
9232,1,5.96
9233,4,9.96
9234,1,5.97
9235,2,6.16
9236,2,6.02
9237,4,8.39
9238,0,5.99
9239,1,6.17
9240,3,8.48
9241,2,6.08
9242,3,6.46
9243,3,6.23
9244,4,7.92
9245,0,5.97
9246,1,6.22
9247,2,6.17
9248,4,6.79
9249,0,5.56
9250,2,6.29
9251,0,5.95
9252,4,7.82
9253,0,5.97
9254,2,6.23
9255,2,6.11
9256,1,6.07
9257,3,6.25
9258,4,7.17
9259,2,6.31
9260,1,6.23
9261,2,6.4
9262,2,6.17
9263,4,9.28
9264,2,6.21
9265,3,6.17
9266,3,6.92
9267,0,6.2
9268,2,6.26
9269,4,8.17
9270,3,6.22
9271,4,9.26
9272,1,6.17
9273,1,5.93
9274,3,6.12
9275,1,6.15
9276,2,6.07
9277,0,5.73
9278,2,6.31
9279,3,6.34
9280,4,7.11
9281,0,5.81
9282,1,6.05
9283,0,6.09
9284,2,6.25
9285,0,6.24
9286,1,6.46
9287,2,6.29
9288,4,10.58
9289,0,5.89
9290,4,10.27
9291,2,6.03
9292,2,6.22
9293,0,6.24
9294,2,6.06
9295,0,5.78
9296,2,6.27
9297,3,6.66
9298,4,16.58
9299,2,6.92
9300,3,6.29
9301,4,7.63
9302,4,7.3
9303,4,17.6
9304,0,5.81
9305,2,6.53
9306,2,6.28
9307,1,5.94
9308,3,6.49
9309,4,12.43
9310,3,6.93
9311,2,6.15
9312,3,6.54
9313,2,6.04
9314,1,5.92
9315,1,6.04
9316,4,7.91
9317,0,5.94
9318,0,5.77
9319,3,6.3
9320,0,6.07
9321,2,6.07
9322,2,6.01
9323,3,6.04
9324,0,6.1
9325,4,11.25
9326,1,6.09
9327,0,6.11
9328,0,5.84
9329,3,6.39
9330,4,7.53
9331,0,5.83
9332,0,6.04
9333,1,6.28
9334,2,6.19
9335,3,7.04
9336,1,6.2
9337,2,6.32
9338,2,6.4
9339,3,7.02
9340,3,6.65
9341,4,7.57
9342,0,6.26
9343,0,6.07
9344,0,5.74
9345,2,6.14
9346,2,6.27
9347,2,6.14
9348,3,7.76
9349,0,5.9
9350,0,6.02
9351,3,6.38
9352,1,6.03
9353,3,6.36
9354,2,6.18
9355,1,6.22
9356,0,6.08
9357,2,6.05
9358,1,6.05
9359,2,6.38
9360,2,5.97
9361,1,6.21
9362,1,6.37
9363,0,5.97
9364,0,6.15
9365,3,6.57
9366,1,6.03
9367,2,6.18
9368,0,5.79
9369,1,6.28
9370,2,6.16
9371,0,6.12
9372,0,6.06
9373,0,5.98
9374,1,5.99
9375,0,5.87
9376,2,6.29
9377,3,6.23
9378,1,6.0
9379,0,6.04
9380,4,6.96
9381,3,6.34
9382,4,11.09
9383,2,6.12
9384,4,15.27
9385,2,6.12
9386,4,8.0
9387,4,16.62
9388,3,6.34
9389,3,6.92
9390,1,6.1
9391,2,6.7
9392,3,6.5
9393,3,6.55
9394,0,5.85
9395,0,6.34
9396,0,6.06
9397,0,6.06
9398,3,6.56
9399,3,6.25
9400,2,6.49
9401,3,6.37
9402,3,6.42
9403,1,6.05
9404,2,6.28
9405,3,6.3
9406,3,5.94
9407,3,6.51
9408,1,5.95
9409,1,6.14
9410,3,8.53
9411,0,5.95
9412,4,7.16
9413,1,6.0
9414,3,6.33
9415,1,6.03
9416,1,6.03
9417,1,6.08
9418,1,6.03
9419,3,6.33
9420,3,7.09
9421,1,6.14
9422,0,5.93
9423,2,6.52
9424,1,5.94
9425,0,6.09
9426,0,5.71
9427,2,6.2
9428,4,8.03
9429,4,12.17
9430,1,6.16
9431,2,6.17
9432,0,6.06
9433,2,5.99
9434,0,5.86
9435,1,6.23
9436,4,8.91
9437,0,6.17
9438,3,6.55
9439,2,6.32
9440,4,29.84
9441,1,6.1
9442,2,6.03
9443,4,7.46
9444,0,5.84
9445,4,13.8
9446,2,6.45
9447,1,6.28
9448,3,6.12
9449,3,6.25
9450,4,16.03
9451,3,6.39
9452,3,6.43
9453,0,5.88
9454,1,5.95
9455,1,6.18
9456,4,8.65
9457,3,6.56
9458,1,6.03
9459,4,8.11
9460,4,8.3
9461,1,6.0
9462,4,17.86
9463,4,7.55
9464,1,5.8
9465,1,6.01
9466,0,6.08
9467,2,5.94
9468,1,6.19
9469,4,8.09
9470,4,7.39
9471,0,6.11
9472,0,6.2
9473,0,6.14
9474,0,5.94
9475,0,6.11
9476,2,6.06
9477,3,7.01
9478,3,6.49
9479,3,6.69
9480,4,12.0
9481,0,5.93
9482,4,7.85
9483,0,5.98
9484,1,6.14
9485,3,6.27
9486,2,6.21
9487,2,6.22
9488,2,6.37
9489,4,14.1
9490,3,6.39
9491,0,5.79
9492,1,5.89
9493,0,6.18
9494,0,6.16
9495,1,6.01
9496,2,6.3
9497,4,9.29
9498,0,5.94
9499,1,6.04
9500,3,6.37
9501,0,5.88
9502,2,6.35
9503,2,6.15
9504,3,6.72
9505,3,7.9
9506,1,6.12
9507,2,5.99
9508,4,28.02
9509,3,6.32
9510,2,6.19
9511,2,6.37
9512,2,6.04
9513,4,9.71
9514,3,6.61
9515,2,6.06
9516,3,6.38
9517,2,6.36
9518,1,6.07
9519,3,6.39
9520,1,6.1
9521,3,6.35
9522,0,5.94
9523,1,6.26
9524,2,6.17
9525,4,15.94
9526,4,6.39
9527,3,6.28
9528,2,6.28
9529,2,6.13
9530,3,6.69
9531,3,6.8
9532,0,6.1
9533,3,6.48
9534,4,6.93
9535,1,6.04
9536,2,6.1
9537,2,5.92
9538,1,5.89
9539,2,6.34
9540,1,6.06
9541,4,9.09
9542,1,6.04
9543,4,9.69
9544,0,6.09
9545,2,6.2
9546,1,6.02
9547,0,6.41
9548,1,6.17
9549,1,5.93
9550,3,6.46
9551,4,6.77
9552,0,5.71
9553,3,6.55
9554,4,9.4
9555,3,6.04
9556,1,6.11
9557,2,6.05
9558,3,6.62
9559,0,5.96
9560,3,6.89
9561,1,6.06
9562,3,5.83
9563,2,6.31
9564,2,6.03
9565,3,6.31
9566,1,6.14
9567,1,5.92
9568,2,6.16
9569,4,11.46
9570,4,35.99
9571,2,6.15
9572,2,6.03
9573,2,6.51
9574,3,6.63
9575,3,6.68
9576,1,6.02
9577,4,21.31
9578,1,5.86
9579,3,7.12
9580,0,5.99
9581,3,6.6
9582,1,6.1
9583,2,6.21
9584,2,6.41
9585,3,7.58
9586,2,6.26
9587,0,6.03
9588,3,6.19
9589,1,6.14
9590,2,6.32
9591,4,8.95
9592,1,6.01
9593,2,6.29
9594,1,6.22
9595,1,6.02
9596,3,6.36
9597,4,20.08
9598,2,6.31
9599,3,6.56
9600,3,6.55
9601,4,7.25
9602,2,6.05
9603,2,6.26
9604,3,6.15
9605,2,6.16
9606,0,5.86
9607,0,6.1
9608,1,6.0
9609,1,6.01
9610,4,11.8
9611,0,6.0
9612,4,21.22
9613,4,7.22
9614,2,6.41
9615,4,7.62
9616,2,6.22
9617,2,6.2
9618,3,6.45
9619,2,6.15
9620,2,6.17
9621,2,6.48
9622,3,6.07
9623,2,6.16
9624,1,6.13
9625,1,6.08
9626,4,17.57
9627,3,8.62
9628,2,6.03
9629,4,9.43
9630,3,6.74
9631,0,5.99
9632,2,6.37
9633,0,6.14
9634,1,6.07
9635,0,5.99
9636,1,6.31
9637,3,6.38
9638,0,6.07
9639,4,13.07
9640,1,6.2
9641,4,7.6
9642,0,5.99
9643,2,6.2
9644,0,5.75
9645,2,6.41
9646,3,7.12
9647,4,6.97
9648,3,6.7
9649,4,7.05
9650,0,5.98
9651,1,6.13
9652,0,6.28
9653,3,6.19
9654,3,6.98
9655,1,6.22
9656,4,8.44
9657,2,6.01
9658,4,27.15
9659,3,6.51
9660,0,6.3
9661,0,6.2
9662,1,6.17
9663,2,6.37
9664,4,7.62
9665,1,6.18
9666,1,6.04
9667,1,6.09
9668,1,5.9
9669,0,5.9
9670,3,6.19
9671,4,6.61
9672,1,6.44
9673,1,5.89
9674,1,6.37
9675,3,6.29
9676,2,6.16
9677,1,5.99
9678,1,6.15
9679,4,7.62
9680,0,6.02
9681,3,6.69
9682,3,6.41
9683,3,6.45
9684,1,6.08
9685,4,10.05
9686,1,6.05
9687,3,6.53
9688,1,6.1
9689,4,35.99
9690,1,5.97
9691,1,6.11
9692,4,17.51
9693,0,5.99
9694,2,6.32
9695,4,18.47
9696,1,6.1
9697,0,6.02
9698,3,6.26
9699,2,6.05
9700,3,6.04
9701,2,5.87
9702,0,5.92
9703,1,5.95
9704,0,5.89
9705,2,6.34
9706,4,9.52
9707,2,6.47
9708,2,6.26
9709,3,6.39
9710,0,5.92
9711,4,13.53
9712,0,5.87
9713,4,11.18
9714,1,6.03
9715,2,5.94
9716,1,6.19
9717,3,6.62
9718,4,11.33
9719,1,6.1
9720,4,11.28
9721,1,6.04
9722,2,6.24
9723,1,6.01
9724,4,6.92
9725,4,14.59
9726,1,5.91
9727,1,5.94
9728,1,5.86
9729,1,6.01
9730,2,6.27
9731,0,5.87
9732,1,6.12
9733,1,6.01
9734,3,7.94
9735,2,6.22
9736,4,9.07
9737,1,6.19
9738,1,6.34
9739,3,6.14
9740,1,6.56
9741,4,8.3
9742,4,6.51
9743,0,5.97
9744,4,12.57
9745,1,6.09
9746,0,6.16
9747,2,5.98
9748,4,8.93
9749,1,5.99
9750,0,6.07
9751,0,6.22
9752,0,5.94
9753,4,15.81
9754,1,6.15
9755,3,6.49
9756,2,6.46
9757,1,6.06
9758,4,8.38
9759,4,8.43
9760,3,6.36
9761,4,11.51
9762,0,6.1
9763,3,5.9
9764,0,6.05
9765,2,6.37
9766,1,6.05
9767,2,6.26
9768,2,6.3
9769,4,6.88
9770,1,6.26
9771,2,6.11
9772,0,6.1
9773,4,6.78
9774,0,5.95
9775,1,6.17
9776,0,6.09
9777,4,8.4
9778,3,6.39
9779,2,6.33
9780,3,6.78
9781,3,6.88
9782,4,9.01
9783,1,6.02
9784,3,6.58
9785,1,5.93
9786,3,6.37
9787,1,6.01
9788,4,6.64
9789,2,6.19
9790,0,5.95
9791,3,6.67
9792,1,6.03
9793,3,6.14
9794,2,6.34
9795,1,6.33
9796,0,5.92
9797,1,6.02
9798,2,6.28
9799,2,6.16
9800,0,6.21
9801,3,6.02
9802,2,6.23
9803,1,5.93
9804,3,6.21
9805,4,7.09
9806,3,6.52
9807,1,6.23
9808,4,6.92
9809,1,5.97
9810,4,22.83
9811,4,12.11
9812,2,6.08
9813,1,6.22
9814,0,6.32
9815,2,6.16
9816,3,6.29
9817,2,6.19
9818,4,6.39
9819,2,6.0
9820,3,6.45
9821,1,6.24
9822,0,5.97
9823,3,6.05
9824,3,6.34
9825,0,6.06
9826,3,6.41
9827,0,5.9
9828,1,6.1
9829,2,6.11
9830,2,6.14
9831,2,5.93
9832,2,6.38
9833,2,6.26
9834,3,6.35
9835,0,6.08
9836,2,6.1
9837,2,6.27
9838,4,25.37
9839,4,6.91
9840,4,7.25
9841,3,6.52
9842,1,5.89
9843,2,6.09
9844,1,6.04
9845,4,7.63
9846,4,7.55
9847,1,6.31
9848,0,5.78
9849,0,6.18
9850,1,6.09
9851,0,5.93
9852,4,18.44
9853,4,7.05
9854,0,6.17
9855,0,6.04
9856,1,6.09
9857,3,6.54
9858,4,6.69
9859,0,5.96
9860,4,8.22
9861,3,6.46
9862,3,6.22
9863,4,7.35
9864,2,5.94
9865,2,5.75
9866,4,7.6
9867,3,6.22
9868,2,6.47
9869,1,5.81
9870,3,6.68
9871,1,6.15
9872,4,35.99
9873,2,6.5
9874,0,6.12
9875,2,5.94
9876,1,6.12
9877,4,9.71
9878,1,5.97
9879,0,6.17
9880,4,8.35
9881,1,6.06
9882,2,6.02
9883,4,11.92
9884,2,6.33
9885,4,7.09
9886,0,6.03
9887,0,5.91
9888,3,6.2
9889,2,6.48
9890,3,6.56
9891,0,6.37
9892,4,6.57
9893,4,12.54
9894,2,6.15
9895,0,5.89
9896,2,6.28
9897,1,6.03
9898,0,5.72
9899,2,6.09
9900,2,6.15
9901,1,6.19
9902,3,6.44
9903,1,6.49
9904,3,6.24
9905,0,6.11
9906,3,6.33
9907,4,13.04
9908,2,5.97
9909,2,6.54
9910,3,6.19
9911,1,6.04
9912,2,6.3
9913,1,6.18
9914,3,6.55
9915,3,6.25
9916,4,7.55
9917,4,14.27
9918,4,6.16
9919,3,6.34
9920,0,6.14
9921,4,21.86
9922,1,5.88
9923,1,6.05
9924,3,6.12
9925,2,6.1
9926,0,6.29
9927,2,6.2
9928,3,6.41
9929,2,6.28
9930,2,6.3
9931,4,31.94
9932,3,6.18
9933,4,7.21
9934,4,6.59
9935,3,6.28
9936,3,6.39
9937,0,5.97
9938,2,6.16
9939,3,6.58
9940,0,5.82
9941,2,6.25
9942,4,10.38
9943,3,7.83
9944,2,6.24
9945,2,6.03
9946,2,6.66
9947,2,6.1
9948,1,6.09
9949,4,6.55
9950,1,6.18
9951,3,6.43
9952,0,5.91
9953,4,10.12
9954,1,6.03
9955,3,6.35
9956,1,6.12
9957,0,5.91
9958,4,8.03
9959,0,5.92
9960,3,6.56
9961,4,25.45
9962,1,5.86
9963,3,6.05
9964,4,7.05
9965,1,6.29
9966,1,5.94
9967,2,6.18
9968,0,6.31
9969,2,5.86
9970,1,5.99
9971,3,6.38
9972,3,6.3
9973,1,6.16
9974,2,6.45
9975,0,6.09
9976,1,6.26
9977,4,14.65
9978,0,6.11
9979,3,6.38
9980,2,6.61
9981,2,5.9
9982,1,6.4
9983,1,5.99
9984,2,6.35
9985,4,22.03
9986,0,6.06
9987,4,6.96
9988,1,6.23
9989,1,5.94
9990,2,6.19
9991,1,6.19
9992,0,6.01
9993,2,6.29
9994,2,6.22
9995,0,6.23
9996,4,35.99
9997,3,6.2
9998,3,6.56
9999,4,35.99
10000,1,5.73
10001,3,6.4
10002,1,6.11
10003,1,6.25
10004,3,6.58
10005,0,5.92
10006,0,5.9
10007,2,6.19
10008,4,7.73
10009,2,6.25
10010,1,6.11
10011,1,5.85
10012,0,6.04
10013,4,9.26
10014,4,7.75
10015,1,6.3
10016,2,6.04
10017,2,6.06
10018,4,8.03
10019,0,5.98
10020,2,6.09
10021,2,6.1
10022,2,6.23
10023,3,6.49
10024,1,6.04
10025,2,6.35
10026,1,6.09
10027,1,6.1
10028,1,6.22
10029,1,6.11
10030,1,6.27
10031,0,6.08
10032,0,6.0
10033,4,13.58
10034,1,6.03
10035,1,6.0
10036,1,6.09
10037,4,7.54
10038,3,6.49
10039,2,5.97
10040,2,6.24
10041,3,6.79
10042,2,6.37
10043,4,9.94
10044,1,6.42
10045,2,6.12
10046,3,6.19
10047,4,12.92
10048,1,6.05
10049,0,6.04
10050,4,10.3
10051,4,8.14
10052,4,7.99
10053,0,5.96
10054,4,7.39
10055,0,5.94
10056,1,6.24
10057,4,7.37
10058,1,6.0
10059,3,6.48
10060,0,6.05
10061,1,6.06
10062,1,6.14
10063,0,6.07
10064,0,5.9
10065,3,6.34
10066,4,7.81
10067,2,6.06
10068,1,6.27
10069,4,6.95
10070,4,12.2
10071,3,6.97
10072,0,6.09
10073,2,6.21
10074,4,17.33
10075,1,5.91
10076,4,7.76
10077,4,12.31
10078,4,6.73
10079,3,6.54
10080,4,9.33
10081,3,6.53
10082,3,6.34
10083,1,6.16
10084,1,6.1
10085,3,6.4
10086,2,6.3
10087,2,6.44
10088,0,6.3
10089,2,6.12
10090,1,6.17
10091,0,5.96
10092,4,14.01
10093,4,7.83
10094,2,6.32
10095,2,5.94
10096,0,6.32
10097,4,8.5
10098,4,13.42
10099,4,10.93
10100,0,6.07
10101,3,6.55
10102,0,6.15
10103,4,9.16
10104,2,5.92
10105,2,6.2
10106,4,7.53
10107,0,5.93
10108,1,6.19
10109,3,6.25
10110,4,8.28
10111,3,6.16
10112,2,6.2
10113,2,6.25
10114,2,6.15
10115,2,6.37
10116,2,6.35
10117,2,5.89
10118,4,7.7
10119,2,6.25
10120,0,6.05
10121,0,5.99
10122,0,6.23
10123,3,5.98
10124,3,7.16
10125,4,29.42
10126,1,6.03
10127,1,5.96
10128,2,6.12
10129,2,6.01
10130,4,9.61
10131,0,6.07
10132,3,6.48
10133,0,5.9
10134,1,5.93
10135,3,6.48
10136,0,6.62
10137,0,6.02
10138,1,6.0
10139,3,6.94
10140,4,14.97
10141,0,6.05
10142,2,6.47
10143,3,6.02
10144,0,5.83
10145,1,6.05
10146,2,6.13
10147,0,5.93
10148,0,5.86
10149,1,6.17
10150,3,6.24
10151,1,5.99
10152,1,5.84
10153,3,6.15
10154,3,6.12
10155,0,6.07
10156,4,8.5
10157,1,6.2
10158,4,7.83
10159,1,5.9
10160,0,5.74
10161,4,9.16
10162,0,5.99
10163,4,10.75
10164,0,6.02
10165,1,6.04
10166,4,9.94
10167,1,6.19
10168,1,5.99
10169,2,6.13
10170,0,6.04
10171,1,6.0
10172,3,7.21
10173,4,12.47
10174,1,6.18
10175,3,6.43
10176,3,6.11
10177,3,6.27
10178,1,6.19
10179,1,6.18
10180,4,9.58
10181,4,11.17
10182,0,5.93
10183,4,6.64
10184,2,6.1
10185,0,6.02
10186,3,6.63
10187,2,6.11
10188,4,18.96
10189,4,14.02
10190,3,6.12
10191,3,7.32
10192,0,6.29
10193,4,9.93
10194,4,7.8
10195,3,6.46
10196,0,5.99
10197,0,5.91
10198,2,6.49
10199,1,6.07
10200,0,6.1
10201,3,7.27
10202,1,5.91
10203,0,6.16
10204,3,6.37
10205,4,7.74
10206,3,6.32
10207,0,6.34
10208,1,5.98
10209,4,8.12
10210,4,8.31
10211,2,6.49
10212,4,8.94
10213,3,6.05
10214,3,6.17
10215,3,6.46
10216,2,6.43
10217,2,6.07
10218,3,6.18
10219,3,6.14
10220,3,6.46
10221,0,6.16
10222,4,6.82
10223,4,12.34
10224,1,6.0
10225,1,6.08
10226,4,13.46
10227,4,6.58
10228,2,6.16
10229,3,6.54
10230,4,7.15
10231,2,6.13
10232,2,6.22
10233,3,6.12
10234,1,6.44
10235,2,6.15
10236,0,5.92
10237,2,6.27
10238,4,12.71
10239,2,6.09
10240,3,6.84
10241,3,6.6
10242,4,23.9
10243,1,6.16
10244,0,5.84
10245,1,6.35
10246,3,6.24
10247,1,6.42
10248,0,6.15
10249,4,6.55
10250,0,5.95
10251,4,14.95
10252,1,6.07
10253,1,6.26
10254,4,13.13
10255,0,6.23
10256,3,6.3
10257,1,6.09
10258,4,11.98
10259,0,5.89
10260,4,35.99
10261,0,6.02
10262,1,5.73
10263,0,5.83
10264,4,11.89
10265,4,7.49
10266,1,6.0
10267,2,6.12
10268,0,6.13
10269,4,13.12
10270,4,8.35
10271,4,6.86
10272,0,6.04
10273,2,6.16
10274,1,6.19
10275,3,6.62
10276,4,8.63
10277,4,6.82
10278,2,6.29
10279,1,6.2
10280,4,7.35
10281,4,7.23
10282,2,6.17
10283,2,6.28
10284,1,6.17
10285,2,6.14
10286,2,6.29
10287,3,7.02
10288,3,6.17
10289,4,9.75
10290,1,6.22
10291,0,5.96
10292,3,6.16
10293,3,6.76
10294,2,6.01
10295,3,6.69
10296,3,6.24
10297,2,6.15
10298,0,6.22
10299,2,6.09
10300,3,6.1
10301,2,6.15
10302,2,6.41
10303,0,5.95
10304,4,8.3
10305,2,6.28
10306,4,7.67
10307,4,28.34
10308,2,6.17
10309,1,6.24
10310,1,6.06
10311,0,6.11
10312,1,6.41
10313,1,6.09
10314,4,8.91
10315,3,6.26
10316,1,6.1
10317,0,6.32
10318,2,6.34
10319,4,7.31
10320,1,6.15
10321,4,35.36
10322,4,7.22
10323,4,8.46
10324,4,7.08
10325,3,6.3
10326,1,6.11
10327,4,17.11
10328,3,6.35
10329,0,6.16
10330,4,9.48
10331,4,9.61
10332,2,6.32
10333,2,5.76
10334,3,7.09
10335,1,6.02
10336,3,6.74
10337,4,6.88
10338,4,9.56
10339,3,6.1
10340,3,6.62
10341,1,6.16
10342,1,6.0
10343,1,6.32
10344,4,19.11
10345,4,6.63
10346,4,6.47
10347,1,6.27
10348,2,6.16
10349,3,6.3
10350,2,6.32
10351,4,7.71
10352,1,6.06
10353,3,6.04
10354,3,7.63
10355,4,17.45
10356,3,6.62
10357,2,6.54
10358,4,10.84
10359,2,6.12
10360,0,5.8
10361,4,15.97
10362,4,9.57
10363,0,6.22
10364,2,6.29
10365,4,6.72
10366,4,10.03
10367,1,6.16
10368,0,5.93
10369,4,13.43
10370,1,5.89
10371,3,6.62
10372,4,9.51
10373,0,5.69
10374,1,6.1
10375,2,6.14
10376,1,6.14
10377,0,5.78
10378,2,5.97
10379,0,5.8
10380,0,6.08
10381,4,25.42
10382,2,6.18
10383,2,6.38
10384,0,6.04
10385,3,7.0
10386,4,8.58
10387,1,6.33
10388,0,6.09
10389,1,5.99
10390,2,6.04
10391,3,6.45
10392,3,5.97
10393,1,6.14
10394,4,6.82
10395,4,7.62
10396,0,6.04
10397,4,8.71
10398,1,6.21
10399,1,6.18
10400,4,31.54
10401,1,6.02
10402,4,10.54
10403,1,6.13
10404,4,8.71
10405,0,6.02
10406,1,5.98
10407,4,6.87
10408,1,5.91
10409,3,6.76
10410,3,6.29
10411,0,6.08
10412,0,6.13
10413,3,6.67
10414,0,5.91
10415,3,6.37
10416,1,6.07
10417,2,6.26
10418,3,7.08
10419,0,6.01
10420,4,6.97
10421,3,6.61
10422,3,6.47
10423,3,6.39
10424,3,6.38
10425,1,6.37
10426,2,6.21
10427,3,6.1
10428,4,8.02
10429,2,6.7
10430,0,5.96
10431,2,6.06
10432,4,8.78
10433,4,9.65
10434,2,6.03
10435,4,6.75
10436,1,6.01
10437,4,7.95
10438,2,6.31
10439,4,9.18
10440,0,6.06
10441,0,6.12
10442,3,6.5
10443,2,6.37
10444,1,6.05
10445,4,11.22
10446,0,6.13
10447,1,6.31
10448,4,13.47
10449,2,6.19
10450,4,7.39
10451,0,5.96
10452,3,6.43
10453,1,5.98
10454,4,20.11
10455,2,6.06
10456,4,7.53
10457,1,5.9
10458,3,6.9
10459,2,6.06
10460,0,5.94
10461,1,5.75
10462,4,10.8
10463,3,6.48
10464,4,13.81
10465,0,6.05
10466,2,6.06
10467,1,5.97
10468,2,6.39
10469,2,6.46
10470,4,7.08
10471,2,6.18
10472,2,5.92
10473,3,6.34
10474,0,5.97
10475,3,6.82
10476,2,6.05
10477,0,6.29
10478,3,6.31
10479,4,10.51
10480,3,6.67
10481,1,6.21
10482,3,6.47
10483,0,5.91
10484,4,7.96
10485,1,6.06
10486,2,6.06
10487,4,14.31
10488,2,6.25
10489,0,6.04
10490,4,7.68
10491,1,6.22
10492,0,6.13
10493,1,6.02
10494,2,6.49
10495,1,6.11
10496,4,6.95
10497,0,6.17
10498,3,6.58
10499,4,9.15
10500,3,6.49
10501,0,6.01
10502,4,8.39
10503,0,6.13
10504,0,6.16
10505,3,6.26
10506,1,5.9
10507,4,14.28
10508,2,6.13
10509,4,7.37
10510,1,6.04
10511,4,18.19
10512,1,6.01
10513,3,6.23
10514,3,6.65
10515,3,6.32
10516,4,8.55
10517,2,6.11
10518,4,13.23
10519,0,5.89
10520,1,6.21
10521,3,6.43
10522,0,5.9
10523,0,6.11
10524,0,6.16
10525,1,6.39
10526,2,6.2
10527,0,5.97
10528,0,6.12
10529,4,10.15
10530,1,6.17
10531,0,6.04
10532,4,7.33
10533,0,6.04
10534,4,7.91
10535,4,30.34
10536,4,8.49
10537,3,7.39
10538,1,6.05
10539,2,5.93
10540,4,20.46
10541,3,6.43
10542,2,6.0
10543,4,28.12
10544,1,5.94
10545,1,6.02
10546,3,6.42
10547,4,11.06
10548,0,5.97
10549,2,5.86
10550,0,6.0
10551,0,6.08
10552,1,5.89
10553,3,6.39
10554,4,7.49
10555,3,6.47
10556,1,6.0
10557,1,6.5
10558,0,6.14
10559,3,6.97
10560,2,6.22
10561,3,6.37
10562,3,6.09
10563,3,6.56
10564,2,5.92
10565,3,6.86
10566,1,6.33
10567,2,6.17
10568,1,6.09
10569,2,6.11
10570,4,15.39
10571,2,6.15
10572,0,6.29
10573,1,6.19
10574,2,6.38
10575,1,6.04
10576,0,5.88
10577,3,6.1
10578,0,6.2
10579,2,6.05
10580,3,6.23
10581,1,6.16
10582,3,6.26
10583,4,6.12
10584,3,6.67
10585,4,27.39
10586,1,6.06
10587,3,6.51
10588,4,8.57
10589,1,6.02
10590,0,6.19
10591,0,6.58
10592,3,6.59
10593,2,6.25
10594,4,20.49
10595,2,5.97
10596,3,6.51
10597,2,5.85
10598,3,6.99
10599,2,6.08
10600,0,6.01
10601,3,6.97
10602,1,6.32
10603,2,6.22
10604,0,5.99
10605,3,7.01
10606,3,8.08
10607,4,8.64
10608,1,6.08
10609,2,6.27
10610,0,5.68
10611,3,6.18
10612,2,6.01
10613,0,6.17
10614,1,6.21
10615,3,6.22
10616,1,5.95
10617,3,6.41
10618,1,5.96
10619,2,6.12
10620,0,5.97
10621,1,6.28
10622,2,6.16
10623,0,6.1
10624,2,6.07
10625,1,5.99
10626,4,8.41
10627,1,6.09
10628,4,8.8
10629,4,25.4
10630,1,6.12
10631,0,6.01
10632,1,5.92
10633,3,6.66
10634,3,6.14
10635,3,6.29
10636,2,6.0
10637,1,6.05
10638,2,6.44
10639,0,6.33
10640,3,6.98
10641,0,6.3
10642,4,7.34
10643,3,6.22
10644,1,6.13
10645,0,5.85
10646,1,6.21
10647,1,6.17
10648,2,6.33
10649,4,8.83
10650,1,6.0
10651,3,6.89
10652,1,5.99
10653,2,6.19
10654,1,6.05
10655,0,5.73
10656,4,26.87
10657,2,5.85
10658,2,6.13
10659,3,6.82
10660,2,6.03
10661,2,6.18
10662,2,6.18
10663,2,6.29
10664,3,6.43
10665,1,6.07
10666,1,6.02
10667,4,11.41
10668,0,6.11
10669,3,6.58
10670,1,5.99
10671,1,6.25
10672,3,6.42
10673,3,7.1
10674,2,6.22
10675,4,16.62
10676,2,6.06
10677,2,6.41
10678,0,5.94
10679,0,6.03
10680,4,34.69
10681,1,6.09
10682,4,16.41
10683,4,14.08
10684,3,6.71
10685,1,6.03
10686,1,6.13
10687,4,35.86
10688,2,6.23
10689,2,6.46
10690,0,5.85
10691,3,6.34
10692,1,6.58
10693,2,6.11
10694,2,6.28
10695,4,7.48
10696,1,6.08
10697,1,6.13
10698,3,6.6
10699,2,6.14
10700,4,18.72
10701,3,6.61
10702,4,7.36
10703,1,6.14
10704,2,6.35
10705,3,6.22
10706,3,8.68
10707,3,6.62
10708,2,6.08
10709,3,6.55
10710,2,6.04
10711,3,6.15
10712,3,5.99
10713,1,5.99
10714,2,6.3
10715,1,5.99
10716,4,9.02
10717,0,5.99
10718,0,6.14
10719,3,6.25
10720,1,5.91
10721,0,5.98
10722,1,6.24
10723,2,6.0
10724,4,9.56
10725,1,6.21
10726,4,7.07
10727,4,7.93
10728,4,9.43
10729,0,5.96
10730,3,6.28
10731,2,6.29
10732,1,6.04
10733,3,6.25
10734,1,6.45
10735,1,6.19
10736,1,6.04
10737,4,19.21
10738,2,6.08
10739,1,5.92
10740,4,8.22
10741,0,6.22
10742,0,5.98
10743,0,6.06
10744,1,6.05
10745,0,6.25
10746,0,5.65
10747,3,6.23
10748,1,6.01
10749,3,6.14
10750,1,6.0
10751,2,6.04
10752,4,7.66
10753,0,6.07
10754,0,5.86
10755,2,6.19
10756,1,6.24
10757,4,8.31
10758,4,9.16
10759,1,6.11
10760,2,6.8
10761,3,6.68
10762,0,6.11
10763,2,6.32
10764,1,5.95
10765,3,7.93
10766,3,6.26
10767,3,6.4
10768,2,6.02
10769,1,6.3
10770,3,6.31
10771,0,5.88
10772,3,6.63
10773,4,9.13
10774,0,6.09
10775,1,6.34
10776,4,12.51
10777,1,6.05
10778,1,6.07
10779,2,6.24
10780,3,6.23
10781,1,6.09
10782,1,6.09
10783,4,8.19
10784,2,6.27
10785,2,6.1
10786,2,6.11
10787,3,8.17
10788,0,5.99
10789,4,12.07
10790,2,6.27
10791,1,6.08
10792,3,6.4
10793,1,6.07
10794,4,13.04
10795,4,8.67
10796,1,6.1
10797,4,7.14
10798,0,5.9
10799,4,13.69
10800,2,6.2
10801,2,6.41
10802,0,6.0
10803,0,6.0
10804,4,8.31
10805,3,6.72
10806,3,6.34
10807,3,6.43
10808,4,7.17
10809,1,6.17
10810,3,6.13
10811,3,6.29
10812,1,6.28
10813,3,6.45
10814,3,6.44
10815,0,6.23
10816,2,6.24
10817,2,6.23
10818,4,11.27
10819,0,6.34
10820,0,5.98
10821,1,6.07
10822,0,6.12
10823,1,6.0
10824,0,6.1
10825,4,12.77
10826,4,6.79
10827,0,6.01
10828,3,6.3
10829,3,6.39
10830,4,26.36
10831,4,8.45
10832,3,6.1
10833,4,7.9
10834,1,6.48
10835,1,6.19
10836,1,5.98
10837,1,6.04
10838,2,6.15
10839,1,6.15
10840,2,6.01
10841,3,6.95
10842,1,6.12
10843,4,8.63
10844,3,8.2
10845,1,6.23
10846,2,6.43
10847,3,6.58
10848,3,6.33
10849,0,5.94
10850,1,6.04
10851,3,6.43
10852,0,6.09
10853,2,6.33
10854,4,7.42
10855,1,6.42
10856,4,8.33
10857,3,6.44
10858,3,6.36
10859,0,5.97
10860,4,9.21
10861,3,6.4
10862,2,6.3
10863,4,7.67
10864,4,10.66
10865,1,6.38
10866,2,6.26
10867,1,6.23
10868,3,6.28
10869,1,5.93
10870,0,5.89
10871,4,16.39
10872,3,7.07
10873,2,6.36
10874,0,6.11
10875,1,6.53
10876,1,6.27
10877,1,6.29
10878,2,6.4
10879,0,6.08
10880,2,5.96
10881,3,6.39
10882,0,6.24
10883,2,6.31
10884,2,6.42
10885,1,6.0
10886,2,5.99
10887,1,6.08
10888,1,6.0
10889,2,6.41
10890,1,6.24
10891,4,8.51
10892,4,11.28
10893,4,11.54
10894,4,7.16
10895,0,6.01
10896,1,6.21
10897,2,6.94
10898,4,35.69
10899,4,16.66
10900,3,6.12
10901,3,6.61
10902,4,6.51
10903,2,6.11
10904,2,6.51
10905,4,7.25
10906,4,7.21
10907,2,6.36
10908,0,6.02
10909,3,6.24
10910,4,6.92
10911,4,28.94
10912,3,6.26
10913,0,5.98
10914,2,6.26
10915,4,35.99
10916,3,6.5
10917,3,6.15
10918,3,6.1
10919,1,5.94
10920,4,7.1
10921,4,7.23
10922,4,22.96
10923,3,6.59
10924,4,9.48
10925,1,6.27
10926,1,6.25
10927,3,6.53
10928,3,6.83
10929,4,9.78
10930,3,6.33
10931,1,5.94
10932,0,5.9
10933,0,5.73
10934,4,7.16
10935,3,6.35
10936,4,7.33
10937,4,29.01
10938,0,6.17
10939,3,6.37
10940,0,6.25
10941,1,6.09
10942,4,17.31
10943,0,6.04
10944,4,6.53
10945,4,10.54
10946,2,6.12
10947,1,6.07
10948,1,6.29
10949,4,7.67
10950,0,6.09
10951,2,6.18
10952,4,10.23
10953,3,6.5
10954,2,6.32
10955,2,6.28
10956,0,6.03
10957,3,6.04
10958,4,10.73
10959,4,9.06
10960,4,8.31
10961,4,33.04
10962,1,6.2
10963,4,7.62
10964,1,6.34
10965,1,6.04
10966,2,6.24
10967,2,6.09
10968,2,6.23
10969,0,5.84
10970,3,6.6
10971,0,5.95
10972,3,6.64
10973,3,6.81
10974,3,6.82
10975,4,12.74
10976,2,6.29
10977,4,8.69
10978,2,6.36
10979,4,7.01
10980,4,6.9
10981,1,6.12
10982,1,5.83
10983,1,5.92
10984,3,6.24
10985,1,5.95
10986,1,6.02
10987,2,6.52
10988,2,6.22
10989,2,6.11
10990,3,6.78
10991,2,6.31
10992,3,6.42
10993,4,8.97
10994,3,6.96
10995,1,6.09
10996,2,6.33
10997,0,6.02
10998,3,6.49
10999,0,6.08
11000,1,6.3
11001,2,6.33
11002,3,6.19
11003,1,5.94
11004,1,6.13
11005,4,33.55
11006,1,5.98
11007,1,6.11
11008,1,6.22
11009,4,12.96
11010,1,6.04
11011,4,7.0
11012,2,6.24
11013,3,6.13
11014,4,14.15
11015,4,7.15
11016,1,5.96
11017,2,6.3
11018,4,8.37
11019,4,7.09
11020,4,28.14
11021,4,14.06
11022,1,6.14
11023,2,6.3
11024,3,6.51
11025,2,6.11
11026,3,6.35
11027,3,7.47
11028,0,6.25
11029,2,6.57
11030,2,6.54
11031,1,6.16
11032,3,6.44
11033,4,7.77
11034,2,6.1
11035,2,6.17
11036,1,5.99
11037,4,6.9
11038,3,6.75
11039,4,10.99
11040,1,6.09
11041,1,6.21
11042,0,6.12
11043,2,6.09
11044,0,6.12
11045,3,6.73
11046,3,6.19
11047,0,5.86
11048,1,5.95
11049,4,25.67
11050,0,5.84
11051,3,6.22
11052,3,6.89
11053,0,6.14
11054,1,6.01
11055,2,6.36
11056,3,6.32
11057,3,6.22
11058,3,6.44
11059,3,6.58
11060,4,12.01
11061,3,6.24
11062,3,7.58
11063,2,6.08
11064,4,9.44
11065,1,6.17
11066,3,7.17
11067,1,5.98
11068,2,6.12
11069,1,6.17
11070,4,35.99
11071,2,6.07
11072,2,6.69
11073,2,6.17
11074,1,6.38
11075,4,7.31
11076,3,6.52
11077,4,16.45
11078,4,10.13
11079,3,6.34
11080,0,5.8
11081,1,5.82
11082,3,6.18
11083,3,6.32
11084,2,6.25
11085,0,6.36
11086,1,6.12
11087,0,6.08
11088,2,6.05
11089,2,6.15
11090,2,6.12
11091,0,6.09
11092,3,6.18
11093,2,6.47
11094,4,11.97
11095,2,6.3
11096,2,6.33
11097,1,6.13
11098,1,6.11
11099,3,6.73
11100,1,6.08
11101,4,7.28
11102,1,5.77
11103,4,8.38
11104,1,6.0
11105,2,5.72
11106,3,6.27
11107,2,6.18
11108,4,8.64
11109,2,6.49
11110,2,6.44
11111,3,6.7
11112,3,6.1
11113,2,6.25
11114,4,11.56
11115,2,6.08
11116,1,6.23
11117,4,7.09
11118,2,6.23
11119,2,6.49
11120,3,6.62
11121,1,6.16
11122,3,6.33
11123,0,6.09
11124,3,6.64
11125,4,10.85
11126,1,5.85
11127,4,9.54
11128,4,8.87
11129,4,14.61
11130,3,6.47
11131,1,6.16
11132,4,34.91
11133,2,6.25
11134,1,6.07
11135,2,6.04
11136,3,6.36
11137,1,6.31
11138,1,6.07
11139,1,5.95
11140,4,15.61
11141,3,6.17
11142,0,5.97
11143,3,6.72
11144,3,6.43
11145,4,13.41
11146,1,6.19
11147,2,6.19
11148,2,6.35
11149,2,6.21
11150,1,6.02
11151,0,5.88
11152,2,6.59
11153,0,5.99
11154,0,6.21
11155,4,10.3
11156,4,7.07
11157,3,6.46
11158,1,6.03
11159,0,6.1
11160,4,8.24
11161,2,6.5
11162,0,6.13
11163,0,5.94
11164,3,6.85
11165,1,6.09
11166,1,5.93
11167,2,6.27
11168,1,6.21
11169,2,6.1
11170,0,5.93
11171,0,5.97
11172,1,6.2
11173,4,7.48
11174,1,6.25
11175,0,5.77
11176,0,6.04
11177,4,6.97
11178,0,6.11
11179,3,6.93
11180,3,6.27
11181,3,6.25
11182,1,6.18
11183,4,7.47
11184,0,6.01
11185,2,6.24
11186,0,6.06
11187,2,6.31
11188,4,13.09
11189,2,6.2
11190,2,6.27
11191,3,6.65
11192,4,8.51
11193,3,6.22
11194,3,6.27
11195,2,6.01
11196,4,30.09
11197,0,6.05
11198,2,6.07
11199,3,6.5
11200,2,6.36
11201,3,6.29
11202,0,6.11
11203,0,5.82
11204,0,5.88
11205,2,6.19
11206,3,6.31
11207,0,6.09
11208,1,6.27
11209,2,6.34
11210,0,5.93
11211,4,21.85
11212,1,6.21
11213,4,11.1
11214,2,6.3
11215,4,9.15
11216,4,8.27
11217,2,6.0
11218,2,6.16
11219,3,6.72
11220,0,5.98
11221,4,8.51
11222,1,6.01
11223,4,21.17
11224,2,6.06
11225,2,6.29
11226,3,6.26
11227,1,6.26
11228,2,6.56
11229,1,6.16
11230,1,6.13
11231,4,7.59
11232,0,5.35
11233,2,6.53
11234,2,5.98
11235,4,9.33
11236,2,6.14
11237,0,6.06
11238,3,6.26
11239,0,5.86
11240,3,6.41
11241,3,6.38
11242,1,5.96
11243,2,6.73
11244,3,6.13
11245,4,7.38
11246,3,6.2
11247,4,7.6
11248,0,6.22
11249,1,5.98
11250,3,5.99
11251,4,8.65
11252,0,5.68
11253,4,10.54
11254,2,6.37
11255,1,6.04
11256,4,7.63
11257,3,6.24
11258,0,5.94
11259,4,20.6
11260,2,6.12
11261,0,5.93
11262,2,6.11
11263,2,6.07
11264,0,6.16
11265,2,6.39
11266,2,6.6
11267,2,6.28
11268,4,6.56
11269,4,7.26
11270,1,6.05
11271,1,6.18
11272,3,6.14
11273,1,6.04
11274,3,6.29
11275,2,6.22
11276,2,6.19
11277,1,6.06
11278,4,35.99
11279,3,6.24
11280,4,16.43
11281,2,6.06
11282,1,6.02
11283,1,6.07
11284,4,9.97
11285,0,5.98
11286,0,5.97
11287,1,6.3
11288,0,5.96
11289,0,6.15
11290,1,6.18
11291,0,6.43
11292,0,5.92
11293,0,5.94
11294,2,6.27
11295,4,12.31
11296,4,16.88
11297,1,6.02
11298,2,6.29
11299,1,6.17
11300,1,6.08
11301,3,6.18
11302,2,6.31
11303,3,6.42
11304,4,6.74
11305,1,6.29
11306,1,6.16
11307,3,7.18
11308,2,5.87
11309,3,6.1
11310,4,33.82
11311,3,6.71
11312,4,10.45
11313,4,11.01
11314,1,6.12
11315,0,5.88
11316,2,6.21
11317,3,6.25
11318,3,6.64
11319,1,6.05
11320,3,6.43
11321,1,6.18
11322,3,6.48
11323,1,6.39
11324,1,5.82
11325,4,10.41
11326,2,6.2
11327,1,5.95
11328,1,5.82
11329,2,6.26
11330,4,13.67
11331,0,5.99
11332,3,6.3
11333,0,5.95
11334,4,8.12
11335,4,11.25
11336,0,6.19
11337,3,7.22
11338,1,6.15
11339,4,26.15
11340,0,6.22
11341,3,6.59
11342,0,5.84
11343,2,6.18
11344,3,6.48
11345,2,6.24
11346,1,6.3
11347,4,8.36
11348,0,6.06
11349,4,19.58
11350,2,5.83
11351,3,7.16
11352,2,6.33
11353,3,6.35
11354,3,6.23
11355,2,6.05
11356,2,6.36
11357,3,6.26
11358,4,29.43
11359,4,18.72
11360,0,6.06
11361,0,6.11
11362,2,6.14
11363,2,6.17
11364,4,9.11
11365,1,6.27
11366,3,6.51
11367,4,7.78
11368,4,7.22
11369,0,6.15
11370,4,13.11
11371,2,6.23
11372,4,11.81
11373,4,13.02
11374,4,6.81
11375,3,6.58
11376,4,9.94
11377,1,5.88
11378,2,6.28
11379,2,6.2
11380,4,13.85
11381,2,6.23
11382,0,5.87
11383,4,8.72
11384,3,6.6
11385,0,6.18
11386,0,5.97
11387,2,6.31
11388,2,6.3
11389,1,5.82
11390,3,6.29
11391,3,6.12
11392,1,6.45
11393,4,13.75
11394,4,13.62
11395,3,6.55
11396,2,6.21
11397,1,6.25
11398,1,6.16
11399,0,6.11
11400,0,6.36
11401,1,5.93
11402,1,6.16
11403,0,6.33
11404,2,6.25
11405,1,6.13
11406,0,6.06
11407,1,6.21
11408,2,6.46
11409,0,6.51
11410,3,6.58
11411,1,6.23
11412,3,6.3
11413,4,10.43
11414,1,6.07
11415,1,6.2
11416,0,6.12
11417,1,5.89
11418,1,6.0
11419,0,6.03
11420,3,6.19
11421,4,10.36
11422,2,6.27
11423,2,6.21
11424,1,6.02
11425,0,6.16
11426,2,6.32
11427,0,5.9
11428,4,10.58
11429,1,6.11
11430,1,6.39
11431,2,6.15
11432,1,5.98
11433,2,6.18
11434,0,5.77
11435,1,6.21
11436,1,6.06
11437,0,6.27
11438,1,6.24
11439,2,6.26
11440,0,6.05
11441,3,6.01
11442,4,8.71
11443,1,6.0
11444,2,6.42
11445,0,6.14
11446,2,6.31
11447,0,5.73
11448,4,7.73
11449,2,6.57
11450,4,10.61
11451,4,30.48
11452,1,6.19
11453,2,6.07
11454,4,11.83
11455,0,6.12
11456,1,5.9
11457,4,6.86
11458,1,6.08
11459,2,6.19
11460,4,9.25
11461,1,5.87
11462,0,6.01
11463,2,5.8
11464,1,6.23
11465,4,9.1
11466,1,6.24
11467,4,9.24
11468,2,6.35
11469,2,6.16
11470,2,6.06
11471,3,6.63
11472,3,6.04
11473,2,5.92
11474,0,6.14
11475,2,6.33
11476,0,6.14
11477,0,5.92
11478,3,6.16
11479,4,10.12
11480,1,6.19
11481,1,5.93
11482,0,5.88
11483,1,5.97
11484,0,6.0
11485,3,6.5
11486,0,6.04
11487,2,6.24
11488,1,6.15
11489,3,6.39
11490,1,6.18
11491,1,6.06
11492,4,7.59
11493,3,6.4
11494,3,8.49
11495,2,6.43
11496,1,6.01
11497,1,6.03
11498,0,6.12
11499,1,6.54
11500,0,6.08
11501,1,6.08
11502,4,29.54
11503,1,6.03
11504,0,6.7
11505,4,12.38
11506,2,6.08
11507,2,6.75
11508,1,6.25
11509,1,6.11
11510,0,6.0
11511,0,5.73
11512,0,6.01
11513,3,6.72
11514,4,13.47
11515,3,6.77
11516,2,6.11
11517,4,10.42
11518,1,6.06
11519,4,9.42
11520,4,7.84
11521,2,6.5
11522,2,6.04
11523,0,6.06
11524,3,6.58
11525,4,9.04
11526,2,5.85
11527,2,5.92
11528,1,5.82
11529,3,6.23
11530,2,6.44
11531,4,8.83
11532,2,6.45
11533,1,5.95
11534,4,35.99
11535,1,5.8
11536,1,6.04
11537,4,12.91
11538,1,6.12
11539,2,6.16
11540,4,23.92
11541,4,10.34
11542,4,32.75
11543,3,6.27
11544,0,5.8
11545,3,6.36
11546,1,5.93
11547,2,6.31
11548,2,5.9
11549,1,6.12
11550,2,6.16
11551,1,6.28
11552,4,7.27
11553,4,6.95
11554,2,6.14
11555,3,6.58
11556,4,11.05
11557,4,19.42
11558,4,35.99
11559,4,16.62
11560,2,6.16
11561,4,8.59
11562,4,7.68
11563,1,6.13
11564,0,5.82
11565,1,6.18
11566,4,32.66
11567,1,5.91
11568,4,6.41
11569,3,8.33
11570,3,6.22
11571,3,6.28
11572,0,6.12
11573,0,5.97
11574,4,7.41
11575,0,6.16
11576,1,5.85
11577,1,6.37
11578,3,6.46
11579,4,7.84
11580,4,12.68
11581,2,6.26
11582,3,6.98
11583,2,6.38
11584,0,6.1
11585,0,5.86
11586,0,6.06
11587,0,5.82
11588,4,8.38
11589,1,6.29
11590,0,5.85
11591,0,6.21
11592,2,6.16
11593,2,6.17
11594,4,9.33
11595,2,6.03
11596,1,6.05
11597,4,26.52
11598,2,5.97
11599,4,13.22
11600,2,6.28
11601,3,6.66
11602,3,6.02
11603,3,7.2
11604,3,6.23
11605,3,6.45
11606,0,5.99
11607,0,5.89
11608,1,6.21
11609,1,5.77
11610,1,5.86
11611,2,5.98
11612,0,5.92
11613,3,6.09
11614,3,6.24
11615,4,7.07
11616,0,6.1
11617,1,6.13
11618,3,7.36
11619,0,6.18
11620,2,6.11
11621,3,6.27
11622,1,6.15
11623,4,9.29
11624,1,6.2
11625,3,6.48
11626,4,14.16
11627,1,6.1
11628,1,6.0
11629,4,35.02
11630,4,9.46
11631,1,6.05
11632,1,6.05
11633,0,5.96
11634,0,6.06
11635,0,6.05
11636,1,6.24
11637,1,6.18
11638,1,6.02
11639,3,6.6
11640,4,7.73
11641,2,6.18
11642,1,6.24
11643,2,6.05
11644,2,6.51
11645,2,6.36
11646,0,6.02
11647,4,8.63
11648,3,6.43
11649,0,5.89
11650,2,6.23
11651,2,6.25
11652,0,6.1
11653,0,6.15
11654,1,5.98
11655,3,6.57
11656,2,6.15
11657,2,5.95
11658,3,6.43
11659,4,11.0
11660,3,5.87
11661,1,6.11
11662,1,5.92
11663,4,34.92
11664,3,6.59
11665,4,6.96
11666,3,6.43
11667,4,10.44
11668,2,6.24
11669,0,6.26
11670,0,6.05
11671,3,6.19
11672,3,6.77
11673,0,6.07
11674,0,5.73
11675,2,6.3
11676,1,6.26
11677,1,6.18
11678,0,6.09
11679,4,34.21
11680,0,6.04
11681,4,9.23
11682,1,6.18
11683,2,6.15
11684,0,5.89
11685,2,6.41
11686,2,6.19
11687,0,6.14
11688,0,5.95
11689,0,5.99
11690,3,6.41
11691,2,5.83
11692,2,6.26
11693,4,10.71
11694,1,6.0
11695,1,6.32
11696,4,7.45
11697,3,6.64
11698,3,6.31
11699,2,6.7
11700,1,6.05
11701,4,19.49
11702,2,6.29
11703,0,6.18
11704,3,6.93
11705,2,6.12
11706,1,5.94
11707,2,6.16
11708,0,6.02
11709,0,5.96
11710,3,6.65
11711,1,6.19
11712,3,6.73
11713,3,6.48
11714,1,6.06
11715,0,6.08
11716,3,6.52
11717,2,6.37
11718,2,6.15
11719,1,5.96
11720,2,6.24
11721,0,6.15
11722,3,7.44
11723,3,6.71
11724,2,6.06
11725,2,6.94
11726,1,6.06
11727,1,5.89
11728,0,6.19
11729,3,6.71
11730,4,8.57
11731,4,14.72
11732,1,6.03
11733,1,5.75
11734,3,7.46
11735,2,5.94
11736,4,18.1
11737,1,6.01
11738,0,6.05
11739,2,6.13
11740,3,6.33
11741,1,6.11
11742,2,6.07
11743,3,6.91
11744,1,6.15
11745,0,6.17
11746,1,6.07
11747,2,6.12
11748,4,7.42
11749,4,8.25
11750,3,6.21
11751,0,5.97
11752,0,5.9
11753,1,5.83
11754,0,6.61
11755,0,5.8
11756,1,5.82
11757,4,10.42
11758,3,6.9
11759,2,6.06
11760,2,6.33
11761,4,7.3
11762,1,5.91
11763,3,6.88
11764,0,6.15
11765,4,9.57
11766,2,6.09
11767,3,6.6
11768,2,6.29
11769,3,6.26
11770,3,6.43
11771,2,6.17
11772,0,6.05
11773,0,5.92
11774,1,6.13
11775,3,6.66
11776,1,6.22
11777,4,7.84
11778,4,7.5
11779,0,6.0
11780,2,6.35
11781,0,6.34
11782,2,6.12
11783,0,6.15
11784,3,6.69
11785,2,6.23
11786,0,5.92
11787,1,6.1
11788,4,7.91
11789,1,5.94
11790,0,6.33
11791,2,5.92
11792,1,6.17
11793,3,6.66
11794,3,6.44
11795,4,10.75
11796,4,9.07
11797,3,6.45
11798,2,6.11
11799,2,6.56
11800,3,6.54
11801,2,6.17
11802,0,5.96
11803,3,6.5
11804,3,7.48
11805,1,6.26
11806,0,6.31
11807,4,10.84
11808,3,6.55
11809,1,6.08
11810,1,6.26
11811,3,6.51
11812,1,6.15
11813,2,6.11
11814,4,34.25
11815,4,18.01
11816,3,6.48
11817,3,6.52
11818,0,5.94
11819,2,6.44
11820,0,6.26
11821,2,6.48
11822,0,5.71
11823,1,6.16
11824,2,6.0
11825,3,6.53
11826,1,6.15
11827,4,18.58
11828,3,7.14
11829,2,6.24
11830,2,5.98
11831,3,6.39
11832,4,10.22
11833,0,6.19
11834,4,28.33
11835,2,6.25
11836,4,7.6
11837,0,5.86
11838,4,10.49
11839,1,6.07
11840,1,5.97
11841,0,6.18
11842,0,5.99
11843,2,6.14
11844,4,6.85
11845,2,5.99
11846,0,5.77
11847,0,5.87
11848,3,6.72
11849,3,6.69
11850,1,6.33
11851,3,6.66
11852,4,27.79
11853,2,6.25
11854,0,6.18
11855,4,7.99
11856,4,9.81
11857,1,6.0
11858,4,11.49
11859,1,6.18
11860,4,7.96
11861,2,6.06
11862,0,5.98
11863,4,9.34
11864,3,6.92
11865,0,5.75
11866,1,6.17
11867,4,7.95
11868,3,6.36
11869,3,6.26
11870,3,6.04
11871,4,7.54
11872,0,5.62
11873,0,6.11
11874,3,6.76
11875,4,7.14
11876,1,5.75
11877,2,6.26
11878,2,6.3
11879,0,5.82
11880,3,6.35
11881,2,6.53
11882,4,13.77
11883,2,6.28
11884,0,6.1
11885,0,6.17
11886,1,6.07
11887,0,6.1
11888,3,6.56
11889,3,5.98
11890,0,5.98
11891,3,6.33
11892,2,6.56
11893,0,5.95
11894,1,6.0
11895,2,6.35
11896,4,8.91
11897,0,5.94
11898,3,6.66
11899,0,5.92
11900,0,5.98
11901,1,6.46
11902,1,6.16
11903,2,6.17
11904,2,6.19
11905,1,6.22
11906,2,6.22
11907,4,28.74
11908,2,6.79
11909,0,5.97
11910,4,6.99
11911,1,5.95
11912,2,6.28
11913,4,12.64
11914,3,5.94
11915,3,6.47
11916,4,34.43
11917,2,5.86
11918,3,6.15
11919,4,7.8
11920,0,6.17
11921,4,15.75
11922,3,6.83
11923,1,5.97
11924,1,6.23
11925,0,6.0
11926,1,6.06
11927,2,6.19
11928,4,8.87
11929,2,6.1
11930,3,6.14
11931,0,5.92
11932,1,6.07
11933,1,5.83
11934,0,5.92
11935,0,6.1
11936,4,6.6
11937,1,6.17
11938,1,5.95
11939,2,6.88
11940,1,6.03
11941,3,6.15
11942,4,9.91
11943,3,6.37
11944,4,7.25
11945,1,6.0
11946,0,6.28
11947,0,5.97
11948,2,6.11
11949,1,6.35
11950,1,6.08
11951,2,6.18
11952,2,6.04
11953,0,6.14
11954,4,11.55
11955,2,6.21
11956,0,6.09
11957,1,6.28
11958,2,6.36
11959,4,7.08
11960,2,6.24
11961,1,5.97
11962,0,6.19
11963,2,6.58
11964,4,9.01
11965,1,6.14
11966,0,6.14
11967,3,6.05
11968,0,6.1
11969,3,6.67
11970,1,5.93
11971,1,6.14
11972,2,6.12
11973,0,6.02
11974,0,5.93
11975,1,5.93
11976,1,6.04
11977,3,6.47
11978,4,7.7
11979,0,5.81
11980,2,6.21
11981,0,5.77
11982,1,6.25
11983,1,5.94
11984,2,6.13
11985,2,6.12
11986,1,6.27
11987,2,6.0
11988,1,6.07
11989,3,7.26
11990,0,5.88
11991,1,6.05
11992,0,5.84
11993,1,6.08
11994,3,6.72
11995,3,5.99
11996,4,15.12
11997,1,5.85
11998,3,6.24
11999,0,5.76
12000,3,6.47
12001,1,6.13
12002,1,6.06
12003,3,6.69
12004,3,6.88
12005,4,6.36
12006,1,6.11
12007,0,6.1
12008,0,6.11
12009,1,6.2
12010,0,5.95
12011,0,5.83
12012,3,6.31
12013,2,6.1
12014,2,6.23
12015,3,6.45
12016,1,6.05
12017,2,6.15
12018,1,6.19
12019,2,6.13
12020,1,6.07
12021,3,6.38
12022,4,16.66
12023,0,6.04
12024,2,6.33
12025,3,8.13
12026,2,6.1
12027,4,7.07
12028,2,6.18
12029,3,6.48
12030,2,6.13
12031,4,7.24
12032,4,11.27
12033,2,5.69
12034,0,5.71
12035,3,6.37
12036,3,6.44
12037,3,7.54
12038,3,6.81
12039,1,5.99
12040,1,5.95
12041,3,6.1
12042,1,6.22
12043,0,5.99
12044,0,6.14
12045,4,7.85
12046,2,5.98
12047,4,8.17
12048,3,6.56
12049,1,6.24
12050,4,10.57
12051,4,9.13
12052,0,5.88
12053,3,6.44
12054,3,6.63
12055,4,35.99
12056,2,6.05
12057,3,6.95
12058,2,5.83
12059,0,5.88
12060,3,6.44
12061,3,6.24
12062,0,5.69
12063,1,5.91
12064,4,8.16
12065,0,6.24
12066,3,6.93
12067,4,32.97
12068,4,7.93
12069,4,27.8
12070,3,8.67
12071,0,6.46
12072,0,5.88
12073,1,6.02
12074,2,6.23
12075,1,6.19
12076,3,6.12
12077,2,6.54
12078,2,6.32
12079,2,6.21
12080,3,6.03
12081,0,5.98
12082,3,6.73
12083,0,6.23
12084,0,6.11
12085,4,6.87
12086,1,6.14
12087,4,11.39
12088,4,7.54
12089,4,9.07
12090,4,7.24
12091,3,6.2
12092,4,7.55
12093,4,15.43
12094,0,6.15
12095,0,6.24
12096,0,6.03
12097,1,6.32
12098,1,6.06
12099,3,6.28
12100,1,6.03
12101,1,6.16
12102,0,5.91
12103,0,5.99
12104,3,5.8
12105,0,6.29
12106,2,6.39
12107,1,6.17
12108,2,6.27
12109,2,6.23
12110,1,6.13
12111,1,6.13
12112,1,6.19
12113,0,6.04
12114,0,6.19
12115,3,6.68
12116,4,8.39
12117,2,6.14
12118,0,5.73
12119,0,6.27
12120,4,9.2
12121,2,6.32
12122,0,5.74
12123,1,6.02
12124,1,6.15
12125,2,6.11
12126,4,8.75
12127,3,6.16
12128,0,6.08
12129,0,6.11
12130,2,6.15
12131,1,6.0
12132,3,8.03
12133,3,6.36
12134,0,5.88
12135,3,6.63
12136,3,6.3
12137,3,6.28
12138,2,6.33
12139,2,6.35
12140,2,6.22
12141,1,5.98
12142,2,6.11
12143,2,6.29
12144,0,5.95
12145,4,13.82
12146,3,6.36
12147,0,6.21
12148,0,6.02
12149,4,6.72
12150,2,6.13
12151,4,11.42
12152,2,6.13
12153,3,6.69
12154,2,6.35
12155,3,6.3
12156,2,6.26
12157,0,6.17
12158,1,6.02
12159,0,6.23
12160,2,6.26
12161,3,6.3
12162,4,11.14
12163,2,6.27
12164,1,5.92
12165,2,6.24
12166,4,7.48
12167,4,9.88
12168,2,6.21
12169,3,6.53
12170,2,6.08
12171,3,6.33
12172,1,5.99
12173,2,6.5
12174,1,6.15
12175,0,6.18
12176,3,6.5
12177,1,6.1
12178,0,6.04
12179,1,6.23
12180,0,6.0
12181,1,5.92
12182,0,6.02
12183,3,6.98
12184,1,5.99
12185,3,6.34
12186,1,5.93
12187,2,6.22
12188,2,6.34
12189,4,12.59
12190,0,5.98
12191,1,5.88
12192,0,6.64
12193,0,5.89
12194,1,6.12
12195,2,6.1
12196,1,6.09
12197,4,10.9
12198,4,10.16
12199,0,6.49
12200,2,6.07
12201,0,6.09
12202,2,6.11
12203,0,5.96
12204,3,7.34
12205,4,8.49
12206,4,9.16
12207,3,6.2
12208,2,6.13
12209,4,15.84
12210,0,6.15
12211,2,6.44
12212,4,21.67
12213,3,6.62
12214,0,5.95
12215,1,5.88
12216,4,9.98
12217,0,5.99
12218,4,9.53
12219,1,5.97
12220,0,6.29
12221,2,6.24
12222,0,6.0
12223,1,6.02
12224,2,5.94
12225,2,6.46
12226,0,6.11
12227,3,6.13
12228,2,5.93
12229,4,8.35
12230,3,6.27
12231,4,9.83
12232,0,6.16
12233,2,6.47
12234,1,6.01
12235,4,16.71
12236,0,6.04
12237,4,16.08
12238,2,6.17
12239,3,6.29
12240,2,6.1
12241,1,6.3
12242,3,6.25
12243,2,6.31
12244,2,6.22
12245,0,5.94
12246,2,6.23
12247,1,5.98
12248,2,6.33
12249,1,6.2
12250,2,6.16
12251,2,6.18
12252,3,6.17
12253,0,6.03
12254,2,6.02
12255,3,6.19
12256,4,9.35
12257,3,6.37
12258,0,6.53
12259,3,6.24
12260,3,6.34
12261,3,7.12
12262,0,6.11
12263,0,5.96
12264,1,5.94
12265,3,6.21
12266,2,5.86
12267,3,6.16
12268,3,6.31
12269,0,6.17
12270,4,8.84
12271,3,6.59
12272,2,6.17
12273,3,6.47
12274,0,6.05
12275,1,6.07
12276,3,6.53
12277,2,6.06
12278,2,6.31
12279,2,6.21
12280,2,6.1
12281,3,5.99
12282,2,6.39
12283,3,6.65
12284,4,10.1
12285,2,6.03
12286,4,8.27
12287,4,17.25
12288,2,6.39
12289,3,6.45
12290,4,6.9
12291,3,6.22
12292,2,5.9
12293,4,35.52
12294,0,5.98
12295,3,6.26
12296,0,5.87
12297,0,6.17
12298,0,5.98
12299,3,6.28
12300,2,6.23
12301,3,6.41
12302,4,17.97
12303,2,6.14
12304,1,6.07
12305,1,5.99
12306,2,6.04
12307,0,6.12
12308,1,5.94
12309,3,6.27
12310,2,6.12
12311,4,7.98
12312,1,5.97
12313,0,5.96
12314,3,6.5
12315,0,5.96
12316,0,6.08
12317,0,6.08
12318,0,6.0
12319,2,6.13
12320,1,5.94
12321,0,6.02
12322,0,5.95
12323,0,6.12
12324,0,5.78
12325,2,6.27
12326,4,7.98
12327,4,8.34
12328,1,6.08
12329,2,6.3
12330,3,6.04
12331,0,6.08
12332,2,6.3
12333,0,5.83
12334,2,6.12
12335,0,5.82
12336,0,6.34
12337,3,6.86
12338,1,6.02
12339,3,6.58
12340,0,6.0
12341,1,5.98
12342,0,6.06
12343,3,6.32
12344,3,7.95
12345,2,6.19
12346,1,6.13
12347,2,5.77
12348,2,6.12
12349,4,15.9
12350,0,5.82
12351,3,6.7
12352,4,9.39
12353,3,7.0
12354,1,5.91
12355,3,6.39
12356,1,7.05
12357,2,6.22
12358,3,8.45
12359,0,6.1
12360,0,5.94
12361,1,5.89
12362,0,6.4
12363,1,5.93
12364,4,13.1
12365,1,6.11
12366,3,6.1
12367,2,6.19
12368,3,6.26
12369,2,6.2
12370,4,14.61
12371,1,6.18
12372,0,5.89
12373,3,6.93
12374,3,6.52
12375,1,5.94
12376,3,6.06
12377,2,6.1
12378,1,6.15
12379,0,5.99
12380,2,6.3
12381,0,6.0
12382,0,6.02
12383,0,6.03
12384,2,6.22
12385,1,5.84
12386,0,6.25
12387,2,6.19
12388,1,6.3
12389,1,6.21
12390,2,6.16
12391,0,6.04
12392,2,5.69
12393,0,5.97
12394,0,5.92
12395,4,16.96
12396,2,6.12
12397,4,35.99
12398,3,6.75
12399,4,11.48
12400,1,5.93
12401,2,6.31
12402,0,6.08
12403,0,5.95
12404,2,6.19
12405,3,6.48
12406,3,6.51
12407,4,6.86
12408,1,6.05
12409,1,6.07
12410,2,6.1
12411,1,5.74
12412,0,6.03
12413,1,6.07
12414,1,6.1
12415,2,6.22
12416,2,6.15
12417,2,6.17
12418,1,6.16
12419,2,6.27
12420,2,6.07
12421,1,6.01
12422,1,5.91
12423,3,6.39
12424,2,6.31
12425,0,6.3
12426,2,6.13
12427,4,9.02
12428,3,6.14
12429,1,6.14
12430,4,9.5
12431,1,6.12
12432,4,33.86
12433,4,7.16
12434,4,7.26
12435,3,6.19
12436,0,5.97
12437,3,8.67
12438,4,7.48
12439,4,8.82
12440,0,6.29
12441,1,6.21
12442,0,6.12
12443,4,15.53
12444,0,5.96
12445,0,5.91
12446,3,6.32
12447,2,6.13
12448,1,6.24
12449,1,6.17
12450,2,6.02
12451,2,6.35
12452,0,6.05
12453,1,6.19
12454,2,6.24
12455,1,6.1
12456,0,6.15
12457,2,6.02
12458,3,6.85
12459,2,6.17
12460,4,12.07
12461,2,6.12
12462,3,6.64
12463,2,6.1
12464,1,6.05
12465,3,6.24
12466,3,6.46
12467,4,21.49
12468,3,6.47
12469,4,9.09
12470,0,5.96
12471,0,5.97
12472,4,11.02
12473,1,6.06
12474,4,8.71
12475,0,5.9
12476,4,9.85
12477,0,5.98
12478,4,6.91
12479,0,5.66
12480,2,6.21
12481,3,6.46
12482,0,6.05
12483,2,6.19
12484,3,6.6
12485,4,11.49
12486,0,6.0
12487,0,5.98
12488,0,5.66
12489,2,5.96
12490,3,6.45
12491,1,6.28
12492,0,5.97
12493,1,6.14
12494,4,13.73
12495,1,6.04
12496,2,6.55
12497,0,5.82
12498,4,9.71
12499,3,6.51
12500,2,6.42
12501,3,6.64
12502,3,6.09
12503,2,6.48
12504,2,6.08
12505,3,6.2
12506,2,6.79
12507,0,6.14
12508,4,7.57
12509,0,6.03
12510,2,6.16
12511,4,8.28
12512,2,5.98
12513,1,6.02
12514,3,6.6
12515,0,6.04
12516,1,6.24
12517,4,10.56
12518,4,6.59
12519,3,6.66
12520,2,6.29
12521,3,6.28
12522,3,6.6
12523,0,5.99
12524,4,9.26
12525,4,7.88
12526,4,7.25
12527,0,6.28
12528,1,6.01
12529,3,6.25
12530,3,6.33
12531,0,6.21
12532,3,6.33
12533,4,8.85
12534,1,6.15
12535,4,7.22
12536,4,8.01
12537,4,8.47
12538,2,6.21
12539,0,6.03
12540,1,6.03
12541,4,22.43
12542,4,9.46
12543,1,6.19
12544,1,6.27
12545,0,5.92
12546,0,6.07
12547,2,6.39
12548,3,6.3
12549,1,6.15
12550,3,6.14
12551,3,7.08
12552,1,5.99
12553,4,7.06
12554,4,34.44
12555,2,6.52
12556,2,6.26
12557,2,6.15
12558,3,6.43
12559,1,6.08
12560,1,6.11
12561,2,6.37
12562,2,6.19
12563,0,5.97
12564,0,6.47
12565,0,5.87
12566,0,6.05
12567,2,6.31
12568,0,6.1
12569,4,21.41
12570,1,5.99
12571,3,6.73
12572,4,7.45
12573,3,6.58
12574,3,6.31
12575,4,8.9
12576,4,22.16
12577,4,16.19
12578,0,6.12
12579,0,6.15
12580,2,6.27
12581,2,6.03
12582,3,6.42
12583,4,6.38
12584,2,6.15
12585,2,6.28
12586,3,6.59
12587,2,6.31
12588,4,7.02
12589,0,5.92
12590,3,6.71
12591,2,6.28
12592,1,5.97
12593,3,6.28
12594,2,6.17
12595,0,6.04
12596,2,6.11
12597,2,6.2
12598,0,5.91
12599,4,8.51
12600,3,6.25
12601,4,6.8
12602,0,5.95
12603,0,5.93
12604,4,8.35
12605,2,6.58
12606,1,6.14
12607,2,5.97
12608,1,6.08
12609,2,6.01
12610,0,5.9
12611,1,5.89
12612,4,12.26
12613,0,5.96
12614,2,6.03
12615,0,5.82
12616,0,6.1
12617,0,6.1
12618,0,6.13
12619,1,6.09
12620,2,6.27
12621,1,6.08
12622,0,6.05
12623,4,30.92
12624,0,5.89
12625,4,6.36
12626,1,5.96
12627,1,5.88
12628,4,6.79
12629,2,6.35
12630,3,6.44
12631,3,6.77
12632,3,6.26
12633,2,6.11
12634,1,6.1
12635,1,6.02
12636,0,6.17
12637,2,6.15
12638,1,6.05
12639,2,6.13
12640,4,7.56
12641,1,6.12
12642,0,5.86
12643,2,6.33
12644,4,31.51
12645,0,6.02
12646,0,6.02
12647,2,5.8
12648,4,8.46
12649,0,5.97
12650,1,5.93
12651,1,6.16
12652,4,10.07
12653,1,6.19
12654,0,6.12
12655,0,6.09
12656,2,6.32
12657,3,6.74
12658,1,6.12
12659,1,5.98
12660,1,6.24
12661,1,6.17
12662,1,6.21
12663,3,6.62
12664,2,6.11
12665,4,9.63
12666,0,6.0
12667,1,6.04
12668,0,6.28
12669,4,7.08
12670,3,6.16
12671,1,5.93
12672,0,6.18
12673,0,6.17
12674,2,6.54
12675,0,5.96
12676,2,6.08
12677,0,6.09
12678,0,6.21
12679,0,5.9
12680,2,6.28
12681,3,6.43
12682,3,6.45
12683,2,6.38
12684,1,6.17
12685,2,6.06
12686,3,6.72
12687,0,5.91
12688,4,26.56
12689,1,5.97
12690,0,6.4
12691,3,6.83
12692,4,7.46
12693,0,6.15
12694,1,6.11
12695,2,5.91
12696,4,6.81
12697,3,6.4
12698,2,6.07
12699,4,9.68
12700,1,6.04
12701,1,6.12
12702,4,13.45
12703,4,35.99
12704,4,7.94
12705,0,6.03
12706,1,6.0
12707,2,6.61
12708,0,5.96
12709,4,7.17
12710,4,6.85
12711,1,6.11
12712,1,6.19
12713,2,6.18
12714,4,7.0
12715,1,6.22
12716,1,6.18
12717,3,6.37
12718,2,6.32
12719,4,11.94
12720,0,5.85
12721,4,7.31
12722,2,6.23
12723,0,5.97
12724,3,6.09
12725,4,9.58
12726,4,7.87
12727,3,6.35
12728,3,6.69
12729,4,8.91
12730,2,6.21
12731,1,5.89
12732,4,31.06
12733,2,6.3
12734,3,6.22
12735,3,6.99
12736,1,6.24
12737,3,6.34
12738,2,6.24
12739,4,18.09
12740,2,6.19
12741,1,6.1
12742,4,6.77
12743,3,8.97
12744,2,6.15
12745,0,6.01
12746,3,6.21
12747,4,7.17
12748,4,7.19
12749,2,6.51
12750,1,6.27
12751,1,6.2
12752,4,12.23
12753,0,5.95
12754,4,11.31
12755,4,13.52
12756,2,6.0
12757,3,6.04
12758,4,7.6
12759,3,6.28
12760,4,7.9
12761,4,7.15
12762,0,5.84
12763,0,5.96
12764,2,6.2
12765,2,6.02
12766,2,6.06
12767,4,31.12
12768,1,6.09
12769,0,6.28
12770,1,5.94
12771,2,6.23
12772,3,6.39
12773,1,6.12
12774,1,6.12
12775,2,6.0
12776,1,6.18
12777,3,6.31
12778,4,15.43
12779,2,6.26
12780,0,6.37
12781,3,6.85
12782,4,11.62
12783,1,6.25
12784,0,5.97
12785,3,6.85
12786,0,6.19
12787,4,7.84
12788,4,28.71
12789,0,6.04
12790,2,5.89
12791,2,6.14
12792,4,10.49
12793,2,6.24
12794,4,8.01
12795,2,6.28
12796,4,8.39
12797,4,12.61
12798,4,6.87
12799,1,6.19
12800,3,6.47
12801,3,7.28
12802,1,6.05
12803,2,6.47
12804,2,6.1
12805,3,6.21
12806,3,6.19
12807,3,6.2
12808,3,6.71
12809,2,6.37
12810,0,6.27
12811,1,6.08
12812,1,6.09
12813,2,7.16
12814,4,6.67
12815,3,6.4
12816,1,6.02
12817,3,6.3
12818,1,6.23
12819,1,6.21
12820,4,7.9
12821,2,6.43
12822,0,5.81
12823,0,5.95
12824,3,6.62
12825,2,5.91
12826,3,7.14
12827,2,6.1
12828,2,6.47
12829,2,6.3
12830,2,6.44
12831,0,6.17
12832,3,6.22
12833,3,6.56
12834,0,6.92
12835,0,5.93
12836,1,6.21
12837,4,10.89
12838,4,17.18
12839,4,17.54
12840,3,6.26
12841,0,6.15
12842,2,6.22
12843,1,6.26
12844,2,6.31
12845,0,6.13
12846,2,5.98
12847,1,6.15
12848,3,6.36
12849,1,5.84
12850,4,11.1
12851,2,6.35
12852,1,6.05
12853,2,6.07
12854,4,7.02
12855,4,8.8
12856,2,6.42
12857,0,6.0
12858,1,6.0
12859,1,6.12
12860,1,5.95
12861,3,6.46
12862,1,5.92
12863,1,6.21
12864,3,6.0
12865,3,6.53
12866,2,6.35
12867,1,5.92
12868,2,5.92
12869,1,6.08
12870,0,5.95
12871,2,6.28
12872,3,6.31
12873,4,7.15
12874,1,6.09
12875,1,6.0
12876,3,6.85
12877,3,8.17
12878,1,6.2
12879,1,5.95
12880,2,6.34
12881,4,10.79
12882,0,6.12
12883,0,5.97
12884,3,6.57
12885,2,6.12
12886,0,5.98
12887,4,7.02
12888,2,6.13
12889,1,6.14
12890,3,6.34
12891,2,6.07
12892,0,6.18
12893,0,6.43
12894,1,6.04
12895,3,6.71
12896,0,5.98
12897,3,6.11
12898,3,6.17
12899,0,5.93
12900,0,5.99
12901,1,5.82
12902,2,6.09
12903,4,8.39
12904,2,6.33
12905,4,9.38
12906,4,7.06
12907,0,6.11
12908,4,10.48
12909,3,6.85
12910,0,6.14
12911,4,9.33
12912,4,26.64
12913,2,6.27
12914,2,6.2
12915,1,6.23
12916,0,5.85
12917,3,6.46
12918,0,6.03
12919,1,6.02
12920,2,6.22
12921,1,6.08
12922,2,6.31
12923,3,6.44
12924,3,6.29
12925,4,11.64
12926,0,5.83
12927,0,6.08
12928,0,5.87
12929,2,6.3
12930,2,6.16
12931,0,6.05
12932,2,6.16
12933,0,5.96
12934,4,10.72
12935,1,6.19
12936,1,5.95
12937,4,6.59
12938,0,5.85
12939,0,5.98
12940,2,6.11
12941,3,6.02
12942,0,6.11
12943,4,12.2
12944,2,6.47
12945,1,6.13
12946,2,6.33
12947,4,12.8
12948,0,6.11
12949,1,5.95
12950,2,6.29
12951,3,6.4
12952,4,9.08
12953,4,29.87
12954,3,6.66
12955,4,7.52
12956,3,6.19
12957,4,12.39
12958,3,6.25
12959,3,6.26
12960,4,9.32
12961,2,6.56
12962,4,8.71
12963,4,10.34
12964,2,6.17
12965,4,29.89
12966,2,5.88
12967,0,5.91
12968,3,6.2
12969,3,6.27
12970,4,35.72
12971,1,6.19
12972,3,6.43
12973,2,6.43
12974,4,7.14
12975,2,6.23
12976,4,7.1
12977,4,9.42
12978,1,5.91
12979,2,6.26
12980,2,5.93
12981,0,5.83
12982,1,6.12
12983,3,7.62
12984,3,7.09
12985,1,6.06
12986,3,6.24
12987,4,23.01
12988,2,6.36
12989,0,5.96
12990,3,6.7
12991,1,5.93
12992,4,9.25
12993,4,6.69
12994,4,25.11
12995,1,6.0
12996,1,6.03
12997,1,6.19
12998,2,6.1
12999,2,5.95
13000,1,6.1
13001,4,13.62
13002,3,6.23
13003,2,6.22
13004,4,11.01
13005,0,6.07
13006,1,6.1
13007,3,6.48
13008,3,6.27
13009,1,5.9
13010,2,7.15
13011,1,6.19
13012,1,5.9
13013,3,6.05
13014,0,6.02
13015,3,6.28
13016,3,6.6
13017,4,9.61
13018,1,6.29
13019,3,6.36
13020,3,6.93
13021,2,6.19
13022,0,6.14
13023,0,6.13
13024,1,6.1
13025,0,6.31
13026,2,6.01
13027,1,6.1
13028,1,6.11
13029,1,6.08
13030,4,35.99
13031,1,6.0
13032,0,5.74
13033,4,12.89
13034,1,5.9
13035,0,6.04
13036,4,12.34
13037,0,5.93
13038,3,6.29
13039,4,6.83
13040,1,6.0
13041,3,6.09
13042,4,10.91
13043,2,6.11
13044,4,26.45
13045,1,5.99
13046,0,6.01
13047,0,5.8
13048,0,6.04
13049,0,6.28
13050,1,6.09
13051,2,6.18
13052,3,6.73
13053,2,6.25
13054,4,6.52
13055,4,11.28
13056,2,6.36
13057,4,25.77
13058,3,6.32
13059,1,6.35
13060,0,6.29
13061,3,6.41
13062,2,6.2
13063,2,5.97
13064,4,8.65
13065,4,8.99
13066,3,6.22
13067,0,5.86
13068,0,5.85
13069,1,5.99
13070,3,6.43
13071,1,6.21
13072,4,22.79
13073,4,9.68
13074,4,8.41
13075,2,6.12
13076,1,6.06
13077,2,6.62
13078,4,8.29
13079,1,6.08
13080,2,6.64
13081,2,6.0
13082,3,6.24
13083,1,6.21
13084,3,6.46
13085,2,6.15
13086,0,6.19
13087,2,6.33
13088,2,6.37
13089,1,6.0
13090,0,6.15
13091,3,6.55
13092,4,9.48
13093,2,6.15
13094,4,14.16
13095,3,6.53
13096,4,7.07
13097,1,6.09
13098,0,6.25
13099,3,6.44
13100,4,8.59
13101,1,6.12
13102,0,5.89
13103,4,7.39
13104,3,6.46
13105,2,5.88
13106,0,6.1
13107,4,6.78
13108,3,6.28
13109,2,6.25
13110,2,6.16
13111,2,6.5
13112,2,6.21
13113,1,6.61
13114,4,7.94
13115,0,5.97
13116,3,6.67
13117,4,10.15
13118,0,5.94
13119,2,6.29
13120,4,6.75
13121,2,6.22
13122,3,6.42
13123,3,6.4
13124,2,6.19
13125,1,5.97
13126,4,8.29
13127,2,6.4
13128,4,11.07
13129,3,6.27
13130,4,7.43
13131,4,22.46
13132,1,5.91
13133,0,6.49
13134,0,6.07
13135,3,6.29
13136,1,6.13
13137,0,5.81
13138,0,6.08
13139,0,5.9
13140,3,6.4
13141,2,6.29
13142,4,7.15
13143,0,6.16
13144,1,6.08
13145,0,6.54
13146,4,7.47
13147,2,6.32
13148,2,6.15
13149,1,6.3
13150,2,6.21
13151,4,8.95
13152,4,6.93
13153,3,6.27
13154,2,6.29
13155,4,7.51
13156,0,6.13
13157,4,7.6
13158,3,6.13
13159,4,8.17
13160,1,6.05
13161,0,6.31
13162,3,6.83
13163,4,7.87
13164,0,5.82
13165,2,6.19
13166,3,6.11
13167,3,6.95
13168,4,8.51
13169,0,5.87
13170,1,6.07
13171,2,6.26
13172,3,6.79
13173,3,6.2
13174,3,6.67
13175,3,7.64
13176,0,5.98
13177,3,5.87
13178,1,5.98
13179,1,6.13
13180,2,6.35
13181,3,6.79
13182,2,6.46
13183,1,6.14
13184,2,6.6
13185,3,6.37
13186,2,6.2
13187,3,6.16
13188,0,5.88
13189,4,8.06
13190,2,6.49
13191,0,5.93
13192,4,7.58
13193,0,6.1
13194,0,6.05
13195,0,5.98
13196,1,5.76
13197,0,5.9
13198,1,6.09
13199,0,6.16
13200,4,6.43
13201,3,6.25
13202,1,6.25
13203,4,8.4
13204,1,5.94
13205,2,5.95
13206,4,8.38
13207,2,6.1
13208,2,6.42
13209,0,6.19
13210,2,6.13
13211,1,6.16
13212,1,6.03
13213,4,19.83
13214,3,6.14
13215,4,8.46
13216,0,5.87
13217,3,6.11
13218,4,6.91
13219,3,6.35
13220,2,6.31
13221,0,6.09
13222,3,6.79
13223,1,5.91
13224,0,6.11
13225,4,8.59
13226,3,6.62
13227,4,7.11
13228,0,5.79
13229,0,5.92
13230,4,7.14
13231,2,6.24
13232,0,6.13
13233,4,6.93
13234,1,5.79
13235,2,6.14
13236,4,8.44
13237,4,11.53
13238,2,6.22
13239,2,6.24
13240,1,6.08
13241,0,5.86
13242,2,6.12
13243,0,5.99
13244,0,5.99
13245,2,6.57
13246,2,6.43
13247,4,8.53
13248,3,6.48
13249,1,6.15
13250,2,6.24
13251,1,6.14
13252,3,7.03
13253,3,6.58
13254,0,5.8
13255,1,6.12
13256,4,8.61
13257,3,6.36
13258,4,7.63
13259,1,6.41
13260,0,6.19
13261,3,6.84
13262,2,6.2
13263,1,6.16
13264,1,5.99
13265,4,14.29
13266,1,6.04
13267,0,6.03
13268,2,6.21
13269,3,6.35
13270,1,6.25
13271,1,6.45
13272,3,6.26
13273,4,9.81
13274,2,6.13
13275,0,6.12
13276,2,6.02
13277,1,6.34
13278,4,35.99
13279,2,6.15
13280,1,5.99
13281,4,11.61
13282,2,6.25
13283,1,6.28
13284,0,5.84
13285,4,6.94
13286,0,6.0
13287,2,6.08
13288,1,5.83
13289,2,6.41
13290,4,32.42
13291,1,6.18
13292,1,6.26
13293,4,8.43
13294,4,16.21
13295,0,5.98
13296,4,6.51
13297,3,6.77
13298,2,6.71
13299,4,7.42
13300,3,6.81
13301,4,11.42
13302,3,6.47
13303,0,6.49
13304,0,6.02
13305,3,6.67
13306,2,6.03
13307,4,9.48
13308,0,6.0
13309,3,6.28
13310,2,6.47
13311,3,8.29
13312,0,6.03
13313,2,6.05
13314,2,6.3
13315,0,6.29
13316,0,6.08
13317,0,5.85
13318,3,6.46
13319,1,6.15
13320,4,8.01
13321,3,7.05
13322,1,6.11
13323,2,6.18
13324,2,5.91
13325,3,6.93
13326,1,6.24
13327,3,6.33
13328,3,6.63
13329,2,6.45
13330,4,10.61
13331,2,6.48
13332,3,6.74
13333,3,6.36
13334,3,6.33
13335,3,6.02
13336,1,6.03
13337,3,6.44
13338,1,6.03
13339,0,6.17
13340,1,6.11
13341,2,6.17
13342,4,8.93
13343,0,6.08
13344,0,6.05
13345,4,9.3
13346,4,6.87
13347,1,6.36
13348,3,6.55
13349,4,7.22
13350,2,6.14
13351,3,7.01
13352,1,6.28
13353,0,5.96
13354,0,6.01
13355,2,6.1
13356,3,6.6
13357,0,6.04
13358,1,6.27
13359,2,6.18
13360,3,6.29
13361,3,6.36
13362,4,9.04
13363,0,6.03
13364,2,6.15
13365,3,6.37
13366,2,6.11
13367,1,6.14
13368,3,6.21
13369,3,7.31
13370,2,5.97
13371,4,9.39
13372,3,6.35
13373,1,6.24
13374,2,6.23
13375,3,6.45
13376,3,6.21
13377,3,8.21
13378,0,6.01
13379,0,6.01
13380,2,6.2
13381,4,8.58
13382,4,7.1
13383,4,18.03
13384,0,6.01
13385,1,6.11
13386,3,6.41
13387,0,6.02
13388,4,6.56
13389,3,6.78
13390,2,6.22
13391,4,19.57
13392,4,34.89
13393,4,11.06
13394,3,6.53
13395,4,13.55
13396,0,5.91
13397,4,10.58
13398,1,6.18
13399,1,6.12
13400,3,6.42
13401,3,6.52
13402,3,7.09
13403,0,6.07
13404,1,5.95
13405,3,6.37
13406,3,6.34
13407,0,5.58
13408,2,5.81
13409,2,6.1
13410,2,5.99
13411,2,6.0
13412,0,6.21
13413,3,6.39
13414,2,6.04
13415,1,5.96
13416,2,6.47
13417,1,6.1
13418,0,5.98
13419,2,6.25
13420,4,14.9
13421,0,5.98
13422,4,11.61
13423,2,6.17
13424,1,6.05
13425,3,6.94
13426,1,6.15
13427,2,6.36
13428,1,5.92
13429,1,6.02
13430,3,6.43
13431,1,6.22
13432,2,6.38
13433,3,7.06
13434,1,5.91
13435,1,6.07
13436,1,5.79
13437,0,6.07
13438,0,5.88
13439,1,6.17
13440,4,9.24
13441,4,11.8
13442,1,6.07
13443,0,6.07
13444,3,6.1
13445,4,18.06
13446,0,6.23
13447,1,6.05
13448,3,6.37
13449,0,5.68
13450,1,5.98
13451,4,8.76
13452,0,6.01
13453,3,6.73
13454,4,7.45
13455,3,6.25
13456,4,32.23
13457,4,7.71
13458,2,6.22
13459,3,6.52
13460,3,6.55
13461,0,6.07
13462,2,6.14
13463,1,6.1
13464,3,6.16
13465,1,6.05
13466,1,6.05
13467,4,13.83
13468,0,5.95
13469,0,5.92
13470,3,6.45
13471,2,6.11
13472,0,5.99
13473,0,6.15
13474,1,6.16
13475,3,6.32
13476,0,5.93
13477,4,35.99
13478,0,5.67
13479,3,6.66
13480,2,5.99
13481,2,6.21
13482,0,6.02
13483,3,6.14
13484,0,6.03
13485,1,6.05
13486,0,6.24
13487,0,6.0
13488,0,5.78
13489,2,6.11
13490,3,6.39
13491,3,6.97
13492,4,6.8
13493,4,9.54
13494,0,5.95
13495,3,6.13
13496,0,5.91
13497,1,6.16
13498,3,6.22
13499,1,6.36
13500,3,6.68
13501,4,8.35
13502,1,6.04
13503,0,5.93
13504,2,6.08
13505,0,6.09
13506,1,5.93
13507,0,5.98
13508,1,6.13
13509,1,6.22
13510,4,8.23
13511,3,6.44
13512,0,6.1
13513,0,6.14
13514,1,6.03
13515,2,6.43
13516,2,6.04
13517,3,6.22
13518,0,5.82
13519,3,7.6
13520,0,6.27
13521,3,6.32
13522,0,6.03
13523,1,5.94
13524,0,5.84
13525,2,6.28
13526,4,8.02
13527,1,6.04
13528,1,6.37
13529,4,8.26
13530,4,7.56
13531,3,6.59
13532,4,8.89
13533,2,6.2
13534,1,6.42
13535,2,6.08
13536,4,6.86
13537,1,6.06
13538,2,6.19
13539,1,6.16
13540,2,6.06
13541,3,6.93
13542,2,5.99
13543,0,6.2
13544,3,6.42
13545,2,6.16
13546,3,6.09
13547,4,10.06
13548,2,6.23
13549,4,7.39
13550,2,6.24
13551,0,6.04
13552,0,6.11
13553,1,6.15
13554,0,6.15
13555,3,6.28
13556,1,6.17
13557,1,6.04
13558,0,6.05
13559,1,6.2
13560,2,6.43
13561,2,6.23
13562,3,6.42
13563,3,6.49
13564,0,6.1
13565,2,6.03
13566,1,6.23
13567,0,5.78
13568,1,6.18
13569,2,6.46
13570,3,6.44
13571,2,6.18
13572,4,8.05
13573,4,10.83
13574,4,8.57
13575,1,5.96
13576,3,8.58
13577,0,6.24
13578,2,5.91
13579,3,6.42
13580,1,6.21
13581,0,5.8
13582,1,6.2
13583,1,6.41
13584,4,6.69
13585,3,6.77
13586,3,6.35
13587,2,6.11
13588,1,5.78
13589,0,6.16
13590,3,7.1
13591,1,6.16
13592,2,6.36
13593,1,6.11
13594,3,6.71
13595,3,6.27
13596,1,6.04
13597,1,6.19
13598,0,5.96
13599,2,6.17
13600,0,5.81
13601,4,13.86
13602,0,6.17
13603,0,6.01
13604,2,6.24
13605,4,7.06
13606,4,6.76
13607,1,5.98
13608,4,9.57
13609,2,6.43
13610,3,6.26
13611,4,8.53
13612,2,6.32
13613,4,8.59
13614,1,6.32
13615,4,7.0
13616,1,6.36
13617,3,6.23
13618,1,6.21
13619,3,6.61
13620,0,6.1
13621,1,6.06
13622,0,6.05
13623,4,8.34
13624,0,6.0
13625,4,8.1
13626,1,6.13
13627,4,29.05
13628,3,6.57
13629,3,6.16
13630,4,12.65
13631,0,6.21
13632,0,6.18
13633,0,6.01
13634,0,6.3
13635,1,6.01
13636,0,6.07
13637,2,6.14
13638,1,6.17
13639,3,6.45
13640,4,25.38
13641,1,6.11
13642,2,6.19
13643,1,6.14
13644,3,6.06
13645,4,13.24
13646,3,6.36
13647,4,6.93
13648,3,6.51
13649,4,6.56
13650,1,5.98
13651,4,7.11
13652,0,6.06
13653,3,6.61
13654,3,6.16
13655,1,6.21
13656,3,8.3
13657,2,6.27
13658,2,6.27
13659,3,6.18
13660,2,6.17
13661,2,6.11
13662,4,35.17
13663,0,6.01
13664,0,6.21
13665,4,15.03
13666,0,6.08
13667,0,6.14
13668,1,6.22
13669,0,6.13
13670,3,6.61
13671,3,6.46
13672,2,6.11
13673,4,10.61
13674,3,6.37
13675,2,6.02
13676,0,5.8
13677,0,6.06
13678,3,6.16
13679,3,6.21
13680,3,6.45
13681,1,5.97
13682,3,6.34
13683,2,6.16
13684,1,6.02
13685,3,6.38
13686,3,6.42
13687,1,5.98
13688,4,7.67
13689,4,18.14
13690,3,6.41
13691,3,6.47
13692,1,6.08
13693,2,6.17
13694,0,5.95
13695,0,5.74
13696,0,5.91
13697,2,6.18
13698,3,6.13
13699,0,5.67
13700,0,6.04
13701,0,5.88
13702,2,6.19
13703,3,6.41
13704,1,5.77
13705,3,6.89
13706,2,6.17
13707,3,8.1
13708,1,6.2
13709,1,6.54
13710,2,5.97
13711,0,5.95
13712,1,5.99
13713,0,6.16
13714,3,6.41
13715,1,6.39
13716,3,6.29
13717,1,6.08
13718,0,5.73
13719,3,6.45
13720,1,6.1
13721,1,5.98
13722,2,6.46
13723,1,6.05
13724,1,6.18
13725,2,6.39
13726,4,7.09
13727,1,5.91
13728,1,5.8
13729,1,6.22
13730,0,6.2
13731,0,6.18
13732,3,6.22
13733,0,6.31
13734,0,6.16
13735,3,6.28
13736,1,6.14
13737,3,6.27
13738,3,6.56
13739,4,7.57
13740,1,6.05
13741,2,6.47
13742,4,7.91
13743,4,35.99
13744,4,15.6
13745,2,6.47
13746,3,6.66
13747,1,6.14
13748,4,16.72
13749,4,7.72
13750,2,5.91
13751,1,5.81
13752,1,6.31
13753,2,6.24
13754,2,6.2
13755,1,6.09
13756,0,5.96
13757,0,5.96
13758,0,5.93
13759,1,5.86
13760,2,6.2
13761,3,6.15
13762,3,6.48
13763,0,6.05
13764,4,8.63
13765,2,6.13
13766,2,6.12
13767,2,6.07
13768,4,20.03
13769,3,6.42
13770,1,6.18
13771,0,6.07
13772,3,6.37
13773,1,6.04
13774,2,6.36
13775,2,6.2
13776,1,6.15
13777,4,13.07
13778,4,10.66
13779,4,35.99
13780,1,5.9
13781,4,8.56
13782,0,6.01
13783,1,5.96
13784,2,6.41
13785,3,6.19
13786,0,5.96
13787,2,6.15
13788,3,6.36
13789,1,6.38
13790,1,6.18
13791,3,6.3
13792,1,6.06
13793,3,6.17
13794,3,6.82
13795,1,5.97
13796,0,6.04
13797,2,6.11
13798,2,6.4
13799,3,6.96
13800,1,6.15
13801,2,6.33
13802,1,6.26
13803,2,6.13
13804,0,6.09
13805,0,6.08
13806,0,6.12
13807,4,7.8
13808,4,21.17
13809,1,6.13
13810,1,5.93
13811,3,6.27
13812,3,6.51
13813,3,6.6
13814,4,8.42
13815,1,6.04
13816,4,12.72
13817,4,26.37
13818,2,6.17
13819,1,6.09
13820,2,6.45
13821,3,6.05
13822,0,6.14
13823,2,6.27
13824,1,5.85
13825,3,6.7
13826,4,7.85
13827,2,6.23
13828,0,5.89
13829,4,6.89
13830,2,6.02
13831,2,6.76
13832,1,6.24
13833,4,7.42
13834,2,6.25
13835,1,5.88
13836,2,5.95
13837,2,6.21
13838,4,31.24
13839,4,12.17
13840,2,6.07
13841,2,6.08
13842,1,6.17
13843,1,6.22
13844,3,6.33
13845,4,12.85
13846,1,6.16
13847,2,6.34
13848,0,6.02
13849,4,10.82
13850,3,6.14
13851,0,5.82
13852,4,10.68
13853,0,6.17
13854,0,5.96
13855,4,8.69
13856,1,6.07
13857,0,6.04
13858,0,6.13
13859,2,6.25
13860,3,6.45
13861,0,6.01
13862,2,6.14
13863,1,5.84
13864,2,6.21
13865,2,6.11
13866,3,8.95
13867,2,6.14
13868,0,5.97
13869,1,6.05
13870,4,8.04
13871,1,6.04
13872,4,9.62
13873,1,6.07
13874,3,6.47
13875,2,6.29
13876,4,6.68
13877,4,12.63
13878,4,7.54
13879,2,6.28
13880,3,6.69
13881,0,6.55
13882,3,6.2
13883,3,6.47
13884,4,9.77
13885,3,6.1
13886,1,6.19
13887,0,5.97
13888,0,5.85
13889,0,6.2
13890,3,6.59
13891,2,6.39
13892,1,6.0
13893,0,5.91
13894,3,6.62
13895,4,7.43
13896,4,7.83
13897,4,6.2
13898,1,6.06
13899,1,6.2
13900,3,6.18
13901,3,6.21
13902,3,6.79
13903,2,5.98
13904,1,6.02
13905,4,9.79
13906,0,6.25
13907,4,8.7
13908,2,6.11
13909,4,6.95
13910,2,6.1
13911,1,5.96
13912,1,5.96
13913,3,6.39
13914,3,6.98
13915,1,6.17
13916,3,6.62
13917,0,6.08
13918,0,6.02
13919,3,6.28
13920,1,6.16
13921,3,6.38
13922,0,6.04
13923,4,20.4
13924,4,22.26
13925,3,6.78
13926,1,6.06
13927,0,6.11
13928,3,7.43
13929,0,5.99
13930,1,5.93
13931,4,7.35
13932,1,6.25
13933,2,6.24
13934,2,5.95
13935,0,5.96
13936,2,6.21
13937,4,8.32
13938,0,5.75
13939,0,6.05
13940,3,6.39
13941,3,7.13
13942,4,8.39
13943,0,6.12
13944,0,5.91
13945,1,6.19
13946,1,6.07
13947,4,8.12
13948,2,6.32
13949,3,6.52
13950,4,9.75
13951,3,6.72
13952,0,6.03
13953,3,6.06
13954,3,6.51
13955,3,6.35
13956,3,6.47
13957,0,5.88
13958,3,6.79
13959,1,6.19
13960,2,6.16
13961,4,8.81
13962,4,8.45
13963,0,6.09
13964,2,6.05
13965,0,5.71
13966,1,6.04
13967,2,5.95
13968,4,9.44
13969,2,6.28
13970,2,6.27
13971,3,6.56
13972,3,6.46
13973,2,6.31
13974,3,6.55
13975,4,11.3
13976,4,7.18
13977,4,7.46
13978,2,5.92
13979,2,6.1
13980,1,6.2
13981,0,6.1
13982,1,6.14
13983,0,6.1
13984,2,6.11
13985,2,6.19
13986,2,6.27
13987,4,9.08
13988,1,6.04
13989,2,6.41
13990,2,5.95
13991,1,6.03
13992,4,7.13
13993,4,7.86
13994,1,5.91
13995,0,6.05
13996,4,8.54
13997,4,11.92
13998,4,10.91
13999,4,18.91
14000,4,35.99
14001,2,6.35
14002,4,18.26
14003,2,6.23
14004,1,6.2
14005,1,5.96
14006,2,6.16
14007,4,10.12
14008,3,6.54
14009,3,6.62
14010,3,6.22
14011,2,6.35
14012,2,6.15
14013,4,15.94
14014,0,6.19
14015,1,6.04
14016,3,6.42
14017,1,5.96
14018,4,8.37
14019,1,6.16
14020,3,6.48
14021,0,5.99
14022,1,6.71
14023,3,6.23
14024,1,6.04
14025,1,6.28
14026,1,6.1
14027,2,5.85
14028,1,6.15
14029,2,6.51
14030,3,6.5
14031,2,6.02
14032,1,6.23
14033,3,6.07
14034,4,6.79
14035,3,6.58
14036,1,6.4
14037,2,6.32
14038,1,6.09
14039,0,5.91
14040,2,5.99
14041,0,6.04
14042,3,6.47
14043,3,6.51
14044,3,6.11
14045,4,9.16
14046,0,5.98
14047,1,6.19
14048,4,14.06
14049,2,5.72
14050,2,6.42
14051,4,11.54
14052,3,6.62
14053,2,6.12
14054,4,6.83
14055,3,6.22
14056,1,6.23
14057,4,9.27
14058,3,8.18
14059,3,6.11
14060,2,6.04
14061,1,6.04
14062,2,6.12
14063,2,6.0
14064,4,8.85
14065,4,8.23
14066,0,6.02
14067,3,6.55
14068,0,5.83
14069,1,6.19
14070,4,7.77
14071,4,8.54
14072,3,5.95
14073,0,6.18
14074,0,6.02
14075,1,6.18
14076,0,5.95
14077,2,6.32
14078,2,6.0
14079,3,8.25
14080,4,7.58
14081,4,18.91
14082,4,7.47
14083,1,6.41
14084,4,29.35
14085,4,8.0
14086,2,6.29
14087,4,8.7
14088,4,11.53
14089,0,5.95
14090,0,6.15
14091,0,6.0
14092,4,14.87
14093,2,6.16
14094,1,6.23
14095,2,6.26
14096,0,6.1
14097,0,5.97
14098,4,7.65
14099,1,6.02
14100,2,6.39
14101,1,6.01
14102,1,6.26
14103,3,6.28
14104,2,5.92
14105,2,6.21
14106,2,6.6
14107,2,6.01
14108,3,6.96
14109,4,17.33
14110,3,7.06
14111,3,6.29
14112,4,16.37
14113,4,7.67
14114,3,6.14
14115,1,6.26
14116,0,5.9
14117,4,6.72
14118,0,5.99
14119,1,6.06
14120,2,6.15
14121,0,6.13
14122,4,7.61
14123,3,6.6
14124,4,8.42
14125,4,8.13
14126,3,6.48
14127,4,6.6
14128,1,5.9
14129,4,8.56
14130,2,6.28
14131,0,6.1
14132,4,6.72
14133,3,6.38
14134,3,6.39
14135,3,6.58
14136,1,6.23
14137,2,6.16
14138,0,5.92
14139,2,6.18
14140,2,6.2
14141,3,6.67
14142,2,6.22
14143,3,6.34
14144,2,6.21
14145,1,6.12
14146,0,5.78
14147,0,5.94
14148,2,6.15
14149,1,6.13
14150,1,5.98
14151,1,6.17
14152,2,6.11
14153,4,7.42
14154,4,10.4
14155,0,5.91
14156,1,6.04
14157,1,6.41
14158,3,8.3
14159,2,6.07
14160,4,6.82
14161,4,11.18
14162,3,6.14
14163,3,6.3
14164,0,5.94
14165,4,10.42
14166,4,9.84
14167,4,7.08
14168,0,5.97
14169,0,5.79
14170,0,5.72
14171,1,6.19
14172,1,6.24
14173,3,6.6
14174,1,6.14
14175,2,6.28
14176,4,8.11
14177,2,6.14
14178,4,7.61
14179,0,6.55
14180,1,6.05
14181,3,6.43
14182,3,6.66
14183,2,6.18
14184,3,6.2
14185,2,6.41
14186,2,6.14
14187,4,6.84
14188,4,29.94
14189,2,6.07
14190,4,9.02
14191,0,6.11
14192,1,6.04
14193,1,5.84
14194,0,6.03
14195,1,6.19
14196,4,10.45
14197,0,6.14
14198,2,5.88
14199,1,6.04
14200,4,8.12
14201,2,6.8
14202,0,5.92
14203,2,6.25
14204,2,6.44
14205,2,6.23
14206,3,5.97
14207,4,6.69
14208,3,6.19
14209,4,9.96
14210,2,6.25
14211,3,6.59
14212,0,5.9
14213,4,7.57
14214,0,6.01
14215,4,35.99
14216,0,5.85
14217,1,5.82
14218,2,6.15
14219,3,6.42
14220,2,6.37
14221,0,6.01
14222,2,6.05
14223,4,16.42
14224,3,6.16
14225,3,6.19
14226,2,5.95
14227,0,6.06
14228,4,12.8
14229,3,6.56
14230,3,6.44
14231,2,6.32
14232,4,15.03
14233,4,34.49
14234,4,11.59
14235,1,6.12
14236,2,6.15
14237,0,5.92
14238,3,6.5
14239,1,6.05
14240,4,8.3
14241,0,5.9
14242,1,6.16
14243,1,6.08
14244,2,6.04
14245,2,6.21
14246,2,6.16
14247,1,6.07
14248,3,6.66
14249,3,6.35
14250,0,6.12
14251,3,6.49
14252,3,6.21
14253,2,6.43
14254,4,27.71
14255,3,6.06
14256,0,6.07
14257,0,5.81
14258,3,6.31
14259,0,5.86
14260,4,31.98
14261,3,6.41
14262,0,6.02
14263,1,6.34
14264,2,6.02
14265,0,6.07
14266,0,6.19
14267,3,6.47
14268,4,14.61
14269,2,6.05
14270,3,12.18
14271,2,6.1
14272,1,6.29
14273,4,7.89
14274,4,7.3
14275,1,6.06
14276,2,6.09
14277,2,6.11
14278,0,5.87
14279,4,8.29
14280,3,6.21
14281,3,6.29
14282,4,7.05
14283,2,5.98
14284,4,9.36
14285,1,5.98
14286,1,6.22
14287,0,5.8
14288,4,8.04
14289,1,6.48
14290,4,7.96
14291,0,6.06
14292,1,5.82
14293,2,6.16
14294,4,19.39
14295,0,5.9
14296,2,6.38
14297,2,6.22
14298,1,6.19
14299,4,15.84
14300,0,5.96
14301,4,15.32
14302,3,6.88
14303,1,6.32
14304,2,6.52
14305,2,6.45
14306,2,6.27
14307,0,6.26
14308,3,6.22
14309,3,6.39
14310,1,6.22
14311,2,6.17
14312,4,7.5
14313,1,5.97
14314,4,7.84
14315,3,6.34
14316,4,7.91
14317,1,6.23
14318,2,6.12
14319,0,6.23
14320,4,28.27
14321,1,6.07
14322,2,6.29
14323,4,9.59
14324,0,6.36
14325,1,6.19
14326,0,5.94
14327,2,6.22
14328,1,5.97
14329,0,6.12
14330,4,13.95
14331,4,6.87
14332,3,6.29
14333,2,6.17
14334,2,6.25
14335,0,6.06
14336,1,6.14
14337,2,6.27
14338,0,6.02
14339,1,6.28
14340,3,6.59
14341,1,6.15
14342,0,5.95
14343,2,6.51
14344,1,6.34
14345,4,7.27
14346,3,7.0
14347,3,6.35
14348,1,6.02
14349,0,6.12
14350,0,6.24
14351,1,5.78
14352,1,5.92
14353,4,11.23
14354,4,8.65
14355,1,5.87
14356,4,11.74
14357,1,5.96
14358,2,6.0
14359,0,6.16
14360,2,6.36
14361,1,6.03
14362,0,6.2
14363,4,6.93
14364,4,10.92
14365,1,6.03
14366,4,8.56
14367,4,17.45
14368,0,6.44
14369,1,6.25
14370,4,7.64
14371,0,6.05
14372,2,6.17
14373,1,6.09
14374,4,7.71
14375,4,35.99
14376,4,8.3
14377,0,5.9
14378,0,5.84
14379,0,5.97
14380,4,11.42
14381,0,5.82
14382,3,6.11
14383,0,6.01
14384,4,6.32
14385,0,6.17
14386,0,5.72
14387,2,6.09
14388,3,7.02
14389,3,6.22
14390,2,6.34
14391,1,6.21
14392,0,5.69
14393,4,7.58
14394,1,5.86
14395,1,6.02
14396,3,6.25
14397,3,6.93
14398,1,6.35
14399,4,7.38
14400,3,6.2
14401,4,12.34
14402,2,6.54
14403,1,6.06
14404,2,5.72
14405,0,5.93
14406,4,8.63
14407,4,7.07
14408,3,8.1
14409,1,6.01
14410,2,6.09
14411,2,6.04
14412,2,6.16
14413,4,9.74
14414,2,6.34
14415,1,6.08
14416,4,7.01
14417,1,6.05
14418,0,5.79
14419,2,6.06
14420,3,6.73
14421,3,6.44
14422,4,8.42
14423,3,6.58
14424,2,6.25
14425,4,8.36
14426,1,6.02
14427,2,6.49
14428,2,6.56
14429,4,8.09
14430,3,6.28
14431,2,6.4
14432,0,5.98
14433,0,6.15
14434,4,9.09
14435,2,6.08
14436,4,7.95
14437,4,35.99
14438,1,5.99
14439,1,6.09
14440,2,6.12
14441,0,5.8
14442,2,6.05
14443,1,6.44
14444,3,6.78
14445,0,5.91
14446,0,6.01
14447,0,6.58
14448,3,6.19
14449,2,5.93
14450,1,5.8
14451,1,6.19
14452,2,5.86
14453,4,6.55
14454,1,6.19
14455,3,5.92
14456,3,6.24
14457,1,6.2
14458,2,6.34
14459,2,6.43
14460,1,6.08
14461,1,6.0
14462,0,6.31
14463,3,6.67
14464,4,7.85
14465,2,6.05
14466,0,5.53
14467,1,5.97
14468,2,6.19
14469,2,6.4
14470,3,6.16
14471,4,7.87
14472,4,8.62
14473,2,6.35
14474,1,6.46
14475,4,31.75
14476,3,6.24
14477,1,6.27
14478,4,7.64
14479,2,6.25
14480,1,5.92
14481,0,6.02
14482,1,6.09
14483,0,6.12
14484,3,7.0
14485,1,6.0
14486,1,6.35
14487,1,6.09
14488,1,6.2
14489,4,23.02
14490,0,5.83
14491,0,5.94
14492,3,6.57
14493,3,6.23
14494,4,8.23
14495,1,6.08
14496,4,31.31
14497,4,6.55
14498,0,6.04
14499,1,6.02
14500,2,6.31
14501,0,5.95
14502,2,6.3
14503,0,6.13
14504,1,6.04
14505,1,6.38
14506,1,6.22
14507,0,5.9
14508,4,8.5
14509,3,6.43
14510,2,5.8
14511,3,6.46
14512,1,6.15
14513,4,10.53
14514,0,6.26
14515,2,6.16
14516,4,6.11
14517,2,6.29
14518,2,6.22
14519,3,6.3
14520,1,6.11
14521,2,6.11
14522,2,6.15
14523,1,6.19
14524,2,6.24
14525,1,6.11
14526,2,6.32
14527,0,6.28
14528,3,6.4
14529,2,6.0
14530,1,6.17
14531,4,7.13
14532,0,5.9
14533,3,6.35
14534,2,6.19
14535,0,6.14
14536,2,6.21
14537,1,6.27
14538,1,6.08
14539,0,5.72
14540,0,5.95
14541,0,5.84
14542,0,6.02
14543,2,6.26
14544,3,6.65
14545,4,9.87
14546,3,6.34
14547,2,6.67
14548,4,13.44
14549,3,6.28
14550,1,6.08
14551,2,6.04
14552,2,6.12
14553,4,8.05
14554,0,5.94
14555,0,5.9
14556,4,13.26
14557,4,6.95
14558,4,7.35
14559,4,11.85
14560,2,6.38
14561,2,6.15
14562,3,6.86
14563,1,6.13
14564,3,7.03
14565,0,5.91
14566,2,5.83
14567,2,6.09
14568,4,12.74
14569,1,6.22
14570,4,10.61
14571,4,7.45
14572,0,5.52
14573,3,6.27
14574,0,5.86
14575,4,8.08
14576,4,8.75
14577,2,6.3
14578,3,6.53
14579,4,6.8
14580,0,6.03
14581,2,6.14
14582,1,6.14
14583,4,7.58
14584,0,6.16
14585,3,6.65
14586,4,18.96
14587,1,6.04
14588,3,6.53
14589,2,6.23
14590,1,5.98
14591,3,6.46
14592,2,6.15
14593,2,6.15
14594,4,12.92
14595,3,6.05
14596,2,6.16
14597,1,6.11
14598,2,6.15
14599,4,21.91
14600,1,5.97
14601,0,6.36
14602,0,6.31
14603,4,11.6
14604,0,5.76
14605,0,6.14
14606,3,6.81
14607,3,6.72
14608,0,6.13
14609,0,6.2
14610,1,5.94
14611,2,5.96
14612,1,6.22
14613,4,12.51
14614,3,6.44
14615,2,6.04
14616,2,6.15
14617,0,6.03
14618,0,5.98
14619,2,6.1
14620,3,6.22
14621,1,5.98
14622,0,6.14
14623,1,6.1
14624,4,8.53
14625,0,5.81
14626,0,6.09
14627,1,6.04
14628,2,6.38
14629,4,9.46
14630,4,19.64
14631,4,11.98
14632,2,6.01
14633,1,6.03
14634,4,10.21
14635,4,9.04
14636,0,6.14
14637,3,6.13
14638,3,6.36
14639,0,6.22
14640,3,8.58
14641,4,6.64
14642,4,9.45
14643,3,6.39
14644,0,5.99
14645,0,5.99
14646,3,6.55
14647,3,8.12
14648,1,6.05
14649,0,5.98
14650,3,6.44
14651,1,5.83
14652,0,5.67
14653,2,6.04
14654,0,6.44
14655,4,13.94
14656,0,5.95
14657,3,6.42
14658,1,6.09
14659,3,6.2
14660,2,6.08
14661,4,9.85
14662,1,6.04
14663,0,6.1
14664,2,6.27
14665,2,6.04
14666,4,9.26
14667,4,6.7
14668,1,6.1
14669,1,6.09
14670,0,6.14
14671,2,6.28
14672,2,5.92
14673,4,8.97
14674,3,6.33
14675,4,6.6
14676,1,6.21
14677,2,6.15
14678,1,6.06
14679,3,6.61
14680,4,9.2
14681,0,5.88
14682,4,17.19
14683,2,6.06
14684,4,10.71
14685,1,6.06
14686,1,6.28
14687,0,5.95
14688,2,6.15
14689,0,6.25
14690,2,6.33
14691,2,6.36
14692,3,6.29
14693,0,5.79
14694,3,6.49
14695,2,6.39
14696,1,6.09
14697,2,6.32
14698,2,6.28
14699,0,6.14
14700,3,6.95
14701,3,6.21
14702,1,6.0
14703,0,5.83
14704,1,6.35
14705,4,7.28
14706,1,6.13
14707,1,5.99
14708,0,6.48
14709,3,6.54
14710,4,35.99
14711,0,6.03
14712,1,6.19
14713,3,6.45
14714,0,6.11
14715,0,6.04
14716,0,5.78
14717,0,5.71
14718,0,5.98
14719,1,5.94
14720,4,7.23
14721,0,6.05
14722,1,6.01
14723,4,8.96
14724,4,30.64
14725,2,5.9
14726,4,13.68
14727,4,8.09
14728,3,6.48
14729,0,6.39
14730,2,6.03
14731,1,6.03
14732,1,6.36
14733,2,6.19
14734,3,7.64
14735,3,6.39
14736,0,6.08
14737,0,6.08
14738,2,6.13
14739,4,10.76
14740,0,6.17
14741,4,18.58
14742,3,6.35
14743,1,6.24
14744,1,5.96
14745,4,7.45
14746,3,6.58
14747,3,6.96
14748,1,6.17
14749,1,6.05
14750,1,6.22
14751,3,6.38
14752,4,9.62
14753,4,9.09
14754,3,6.32
14755,2,6.4
14756,4,7.99
14757,4,7.87
14758,3,6.33
14759,2,6.23
14760,1,6.25
14761,1,6.3
14762,2,6.09
14763,4,7.46
14764,1,6.23
14765,1,6.12
14766,2,6.44
14767,4,6.29
14768,3,6.65
14769,3,6.89
14770,4,10.16
14771,3,6.67
14772,4,8.5
14773,1,6.09
14774,1,6.14
14775,0,6.09
14776,3,6.42
14777,2,6.2
14778,1,6.23
14779,1,6.03
14780,2,6.5
14781,0,6.06
14782,2,6.11
14783,0,6.04
14784,4,30.92
14785,4,11.58
14786,2,6.45
14787,2,6.1
14788,0,6.04
14789,0,6.05
14790,0,6.09
14791,0,6.04
14792,1,5.85
14793,3,6.38
14794,0,6.01
14795,0,6.14
14796,0,6.01
14797,3,6.77
14798,4,10.69
14799,0,6.25
14800,2,6.34
14801,4,7.22
14802,1,5.86
14803,1,6.07
14804,4,13.2
14805,3,6.82
14806,1,6.16
14807,3,8.11
14808,1,6.19
14809,1,6.29
14810,1,6.36
14811,1,6.07
14812,1,6.19
14813,0,6.24
14814,3,6.23
14815,1,6.15
14816,3,6.42
14817,4,22.52
14818,2,6.04
14819,4,9.25
14820,1,6.12
14821,4,14.95
14822,3,6.2
14823,0,5.98
14824,3,7.76
14825,1,6.45
14826,0,5.79
14827,1,5.99
14828,0,6.11
14829,2,6.07
14830,0,5.8
14831,2,6.1
14832,1,6.07
14833,0,6.17
14834,2,6.18
14835,0,6.5
14836,1,6.01
14837,1,6.14
14838,3,6.16
14839,0,5.89
14840,1,6.12
14841,3,6.51
14842,1,6.1
14843,0,5.98
14844,2,6.06
14845,4,9.62
14846,0,5.79
14847,4,6.89
14848,3,6.62
14849,3,6.48
14850,3,6.24
14851,4,9.6
14852,1,5.97
14853,1,6.11
14854,2,5.91
14855,4,12.34
14856,3,6.3
14857,4,6.92
14858,4,10.31
14859,2,6.3
14860,2,6.19
14861,4,7.29
14862,2,6.31
14863,2,6.63
14864,1,6.21
14865,4,7.98
14866,3,6.49
14867,1,6.33
14868,0,6.0
14869,4,10.96
14870,4,6.58
14871,3,6.31
14872,0,5.72
14873,2,6.09
14874,1,6.06
14875,3,6.3
14876,0,6.08
14877,3,6.67
14878,2,6.36
14879,3,5.99
14880,0,5.87
14881,0,5.45
14882,2,6.25
14883,2,6.25
14884,4,7.13
14885,3,6.53
14886,3,6.55
14887,2,6.17
14888,1,6.09
14889,1,6.14
14890,2,6.36
14891,3,6.44
14892,3,6.33
14893,1,6.13
14894,0,5.96
14895,1,5.93
14896,4,34.57
14897,3,6.33
14898,0,6.05
14899,2,6.21
14900,3,6.4
14901,3,6.12
14902,1,6.18
14903,4,6.72
14904,4,8.31
14905,4,8.8
14906,4,33.31
14907,4,7.43
14908,3,6.32
14909,1,5.95
14910,1,6.06
14911,4,6.97
14912,0,6.35
14913,2,6.2
14914,4,35.99
14915,0,5.97
14916,3,6.08
14917,0,5.74
14918,3,6.49
14919,0,5.94
14920,2,6.2
14921,1,6.14
14922,2,6.16
14923,4,17.67
14924,0,5.74
14925,0,6.22
14926,3,6.22
14927,3,6.38
14928,0,6.3
14929,4,8.99
14930,0,5.93
14931,2,6.58
14932,2,6.03
14933,0,5.92
14934,0,5.98
14935,2,6.35
14936,3,6.76
14937,1,6.42
14938,4,32.19
14939,1,6.06
14940,1,6.23
14941,4,7.16
14942,2,6.07
14943,4,7.31
14944,1,6.18
14945,0,5.94
14946,4,8.57
14947,0,6.01
14948,3,6.97
14949,3,6.23
14950,4,10.02
14951,0,5.9
14952,1,5.84
14953,3,6.74
14954,2,6.42
14955,0,6.05
14956,4,7.67
14957,3,6.69
14958,4,8.16
14959,3,6.67
14960,0,6.2
14961,0,6.13
14962,2,6.34
14963,3,6.32
14964,1,6.33
14965,0,6.18
14966,2,6.36
14967,1,6.35
14968,1,6.22
14969,3,6.85
14970,2,5.9
14971,0,6.14
14972,1,6.21
14973,3,6.11
14974,0,6.25
14975,3,6.35
14976,4,20.86
14977,1,6.3
14978,3,5.97
14979,1,6.07
14980,4,8.65
14981,1,6.23
14982,1,6.17
14983,0,6.01
14984,3,6.05
14985,1,6.12
14986,3,6.3
14987,0,5.96
14988,2,6.18
14989,0,6.07
14990,2,6.16
14991,4,15.76
14992,4,7.92
14993,4,14.68
14994,3,6.29
14995,2,6.1
14996,0,6.23
14997,2,6.26
14998,3,7.01
14999,2,6.2
